city,ori,year,male_officers,female_officers,total_sworn,male_civilians,female_civilians,total_civilians,le_rate_per_1k,officers_per_homicide,homicides
Chicago,ILCPD0000,2007,10420.0,3251.0,13671.0,397.0,668.0,1065.0,5.22,30.86004514672686,443.0
Chicago,ILCPD0000,2008,10157.0,3202.0,13359.0,351.0,597.0,948.0,5.06,26.194117647058825,510.0
Chicago,ILCPD0000,2009,9947.0,3141.0,13088.0,323.0,549.0,872.0,4.9,28.5764192139738,458.0
Chicago,ILCPD0000,2010,9517.0,2998.0,12515.0,295.0,508.0,803.0,4.94,28.96990740740741,432.0
Chicago,ILCPD0000,2011,9206.0,2886.0,12092.0,256.0,451.0,707.0,4.73,28.05568445475638,431.0
Chicago,ILCPD0000,2012,9166.0,2778.0,11944.0,349.0,473.0,822.0,4.71,23.888,500.0
Chicago,ILCPD0000,2013,,,,,,,,,414.0
Chicago,ILCPD0000,2014,9326.0,2708.0,12034.0,375.0,493.0,868.0,4.74,28.997590361445784,415.0
Chicago,ILCPD0000,2015,,,,,,,,,478.0
Chicago,ILCPD0000,2016,9309.0,2645.0,11954.0,446.0,735.0,1181.0,4.82,15.626143790849673,765.0
Chicago,ILCPD0000,2017,9615.0,2768.0,12383.0,449.0,734.0,1183.0,5.01,23.859344894026975,519.0
Chicago,ILCPD0000,2018,10154.0,2984.0,13138.0,344.0,604.0,948.0,5.18,23.21201413427562,566.0
Chicago,ILCPD0000,2019,10122.0,3038.0,13160.0,324.0,531.0,855.0,5.18,26.80244399185336,491.0
Chicago,ILCPD0000,2020,9770.0,2957.0,12727.0,313.0,522.0,835.0,5.03,17.725626740947074,718.0
Chicago,ILCPD0000,2021,9233.0,2837.0,12070.0,302.0,493.0,795.0,4.73,32.62162162162162,370.0
Chicago,ILCPD0000,2022,8848.0,2830.0,11678.0,247.0,338.0,585.0,4.62,19.334437086092716,604.0
Chicago,ILCPD0000,2023,8889.0,2904.0,11793.0,274.0,363.0,637.0,4.73,23.63326653306613,499.0
Chicago,ILCPD0000,2024,8781.0,2886.0,11667.0,307.0,396.0,703.0,4.69,25.308026030368765,461.0
Chicago,ILCPD0000,2025,,,,,,,,,338.0
St. Louis,MOSPD0000,2007,1142.0,208.0,1350.0,272.0,345.0,617.0,5.65,9.782608695652174,138.0
St. Louis,MOSPD0000,2008,1193.0,212.0,1405.0,252.0,340.0,592.0,5.61,8.41317365269461,167.0
St. Louis,MOSPD0000,2009,1188.0,220.0,1408.0,190.0,325.0,515.0,5.41,9.77777777777778,144.0
St. Louis,MOSPD0000,2010,1148.0,215.0,1363.0,231.0,326.0,557.0,6.01,9.46527777777778,144.0
St. Louis,MOSPD0000,2011,1145.0,218.0,1363.0,230.0,327.0,557.0,5.99,12.169642857142858,112.0
St. Louis,MOSPD0000,2012,1112.0,210.0,1322.0,219.0,325.0,544.0,5.86,11.596491228070176,114.0
St. Louis,MOSPD0000,2013,1085.0,202.0,1287.0,230.0,325.0,555.0,5.78,10.725,120.0
St. Louis,MOSPD0000,2014,1163.0,221.0,1384.0,224.0,338.0,562.0,6.11,8.70440251572327,159.0
St. Louis,MOSPD0000,2015,1029.0,201.0,1230.0,215.0,312.0,527.0,5.54,6.612903225806452,186.0
St. Louis,MOSPD0000,2016,1000.0,194.0,1194.0,155.0,283.0,438.0,5.19,6.351063829787234,188.0
St. Louis,MOSPD0000,2017,998.0,190.0,1188.0,151.0,285.0,436.0,5.23,5.881188118811881,202.0
St. Louis,MOSPD0000,2018,1002.0,187.0,1189.0,146.0,273.0,419.0,5.24,6.7942857142857145,175.0
St. Louis,MOSPD0000,2019,1004.0,197.0,1201.0,141.0,267.0,408.0,5.35,6.190721649484536,194.0
St. Louis,MOSPD0000,2020,1056.0,206.0,1262.0,129.0,268.0,397.0,5.56,8.413333333333334,150.0
St. Louis,MOSPD0000,2021,944.0,187.0,1131.0,135.0,245.0,380.0,5.11,5.571428571428571,203.0
St. Louis,MOSPD0000,2022,845.0,165.0,1010.0,121.0,226.0,347.0,4.74,5.024875621890548,201.0
St. Louis,MOSPD0000,2023,779.0,147.0,926.0,134.0,239.0,373.0,4.64,5.7875,160.0
St. Louis,MOSPD0000,2024,721.0,139.0,860.0,124.0,240.0,364.0,4.41,5.695364238410596,151.0
St. Louis,MOSPD0000,2025,,,,,,,,,141.0
Miami,FL0130600,2007,860.0,201.0,1061.0,59.0,261.0,320.0,3.37,inf,0.0
Miami,FL0130600,2008,865.0,208.0,1073.0,104.0,312.0,416.0,3.48,inf,0.0
Miami,FL0130600,2009,903.0,221.0,1124.0,78.0,306.0,384.0,3.6,inf,0.0
Miami,FL0130600,2010,890.0,208.0,1098.0,81.0,274.0,355.0,3.64,inf,0.0
Miami,FL0130600,2011,851.0,210.0,1061.0,76.0,267.0,343.0,3.47,inf,0.0
Miami,FL0130600,2012,849.0,205.0,1054.0,70.0,256.0,326.0,3.33,inf,0.0
Miami,FL0130600,2013,862.0,204.0,1066.0,96.0,266.0,362.0,3.41,inf,0.0
Miami,FL0130600,2014,919.0,229.0,1148.0,74.0,223.0,297.0,3.42,inf,0.0
Miami,FL0130600,2015,906.0,227.0,1133.0,76.0,250.0,326.0,3.33,inf,0.0
Miami,FL0130600,2016,966.0,235.0,1201.0,91.0,267.0,358.0,3.47,inf,0.0
Miami,FL0130600,2017,968.0,249.0,1217.0,140.0,309.0,449.0,3.6,inf,0.0
Miami,FL0130600,2018,1025.0,284.0,1309.0,109.0,323.0,432.0,3.68,inf,0.0
Miami,FL0130600,2019,1019.0,279.0,1298.0,142.0,320.0,462.0,3.66,inf,0.0
Miami,FL0130600,2020,1037.0,280.0,1317.0,106.0,314.0,420.0,3.65,inf,0.0
Miami,FL0130600,2021,1004.0,271.0,1275.0,113.0,308.0,421.0,3.54,inf,0.0
Miami,FL0130600,2022,998.0,271.0,1269.0,123.0,296.0,419.0,3.85,47.0,27.0
Miami,FL0130600,2023,1014.0,290.0,1304.0,91.0,262.0,353.0,3.66,40.75,32.0
Miami,FL0130600,2024,1032.0,302.0,1334.0,91.0,247.0,338.0,3.63,47.642857142857146,28.0
Miami,FL0130600,2025,,,,,,,,,27.0
New Orleans,LANPD0000,2007,1156.0,260.0,1416.0,43.0,207.0,250.0,7.55,6.77511961722488,209.0
New Orleans,LANPD0000,2008,1171.0,277.0,1448.0,44.0,233.0,277.0,6.13,15.404255319148936,94.0
New Orleans,LANPD0000,2009,,,,,,,,,162.0
New Orleans,LANPD0000,2010,1177.0,275.0,1452.0,40.0,223.0,263.0,4.99,8.344827586206897,174.0
New Orleans,LANPD0000,2011,1088.0,261.0,1349.0,37.0,223.0,260.0,4.64,6.778894472361809,199.0
New Orleans,LANPD0000,2012,1021.0,250.0,1271.0,36.0,206.0,242.0,4.17,6.585492227979275,193.0
New Orleans,LANPD0000,2013,967.0,243.0,1210.0,38.0,194.0,232.0,3.82,8.962962962962964,135.0
New Orleans,LANPD0000,2014,,,,,,,,,141.0
New Orleans,LANPD0000,2015,,,,,,,,,164.0
New Orleans,LANPD0000,2016,908.0,263.0,1171.0,73.0,159.0,232.0,3.53,6.7298850574712645,174.0
New Orleans,LANPD0000,2017,844.0,257.0,1101.0,134.0,201.0,335.0,3.61,7.012738853503185,157.0
New Orleans,LANPD0000,2018,933.0,276.0,1209.0,75.0,173.0,248.0,3.68,8.224489795918368,147.0
New Orleans,LANPD0000,2019,885.0,269.0,1154.0,113.0,181.0,294.0,3.67,9.537190082644628,121.0
New Orleans,LANPD0000,2020,,,,,,,,,193.0
New Orleans,LANPD0000,2021,,,,,,,,,0.0
New Orleans,LANPD0000,2022,711.0,234.0,945.0,64.0,135.0,199.0,3.09,inf,0.0
New Orleans,LANPD0000,2023,679.0,231.0,910.0,84.0,213.0,297.0,3.31,inf,0.0
New Orleans,LANPD0000,2024,686.0,245.0,931.0,104.0,224.0,328.0,3.48,inf,0.0
New Orleans,LANPD0000,2025,,,,,,,,,0.0
Albuquerque,NM0010100,2007,858.0,128.0,986.0,116.0,282.0,398.0,2.7,20.97872340425532,47.0
Albuquerque,NM0010100,2008,890.0,139.0,1029.0,172.0,287.0,459.0,2.82,27.07894736842105,38.0
Albuquerque,NM0010100,2009,944.0,143.0,1087.0,112.0,274.0,386.0,2.78,19.410714285714285,56.0
Albuquerque,NM0010100,2010,914.0,141.0,1055.0,120.0,266.0,386.0,2.64,25.11904761904762,42.0
Albuquerque,NM0010100,2011,892.0,135.0,1027.0,124.0,265.0,389.0,2.57,27.026315789473685,38.0
Albuquerque,NM0010100,2012,871.0,128.0,999.0,144.0,270.0,414.0,2.55,24.365853658536587,41.0
Albuquerque,NM0010100,2013,,,,,,,,,37.0
Albuquerque,NM0010100,2014,755.0,109.0,864.0,180.0,257.0,437.0,2.33,23.35135135135135,37.0
Albuquerque,NM0010100,2015,755.0,109.0,864.0,180.0,257.0,437.0,2.32,17.28,50.0
Albuquerque,NM0010100,2016,,,,,,,,,45.0
Albuquerque,NM0010100,2017,,,,,,,,,62.0
Albuquerque,NM0010100,2018,,,,,,,,,69.0
Albuquerque,NM0010100,2019,769.0,139.0,908.0,228.0,328.0,556.0,2.61,11.35,80.0
Albuquerque,NM0010100,2020,,,,,,,,,76.0
Albuquerque,NM0010100,2021,808.0,132.0,940.0,184.0,350.0,534.0,2.61,7.52,125.0
Albuquerque,NM0010100,2022,759.0,140.0,899.0,190.0,394.0,584.0,2.65,7.134920634920635,126.0
Albuquerque,NM0010100,2023,757.0,124.0,881.0,280.0,414.0,694.0,2.82,8.00909090909091,110.0
Albuquerque,NM0010100,2024,811.0,159.0,970.0,196.0,432.0,628.0,2.86,9.150943396226417,106.0
Albuquerque,NM0010100,2025,,,,,,,,,72.0
Fresno,CA0100500,2007,723.0,94.0,817.0,150.0,287.0,437.0,2.66,15.711538461538462,52.0
Fresno,CA0100500,2008,726.0,98.0,824.0,149.0,294.0,443.0,2.66,20.6,40.0
Fresno,CA0100500,2009,726.0,101.0,827.0,114.0,276.0,390.0,2.53,19.69047619047619,42.0
Fresno,CA0100500,2010,694.0,99.0,793.0,54.0,160.0,214.0,2.04,17.622222222222224,45.0
Fresno,CA0100500,2011,658.0,93.0,751.0,45.0,156.0,201.0,1.9,21.457142857142856,35.0
Fresno,CA0100500,2012,648.0,88.0,736.0,45.0,153.0,198.0,1.85,14.431372549019608,51.0
Fresno,CA0100500,2013,618.0,83.0,701.0,45.0,154.0,199.0,1.77,17.525,40.0
Fresno,CA0100500,2014,620.0,88.0,708.0,72.0,167.0,239.0,1.85,15.063829787234043,47.0
Fresno,CA0100500,2015,625.0,77.0,702.0,81.0,176.0,257.0,1.84,18.0,39.0
Fresno,CA0100500,2016,670.0,78.0,748.0,93.0,172.0,265.0,1.93,19.17948717948718,39.0
Fresno,CA0100500,2017,700.0,86.0,786.0,99.0,174.0,273.0,2.01,14.035714285714286,56.0
Fresno,CA0100500,2018,728.0,83.0,811.0,80.0,172.0,252.0,2.0,25.34375,32.0
Fresno,CA0100500,2019,714.0,92.0,806.0,87.0,184.0,271.0,2.02,23.02857142857143,35.0
Fresno,CA0100500,2020,698.0,90.0,788.0,60.0,178.0,238.0,1.92,10.233766233766234,77.0
Fresno,CA0100500,2021,680.0,89.0,769.0,105.0,196.0,301.0,2.01,10.534246575342468,73.0
Fresno,CA0100500,2022,715.0,110.0,825.0,118.0,207.0,325.0,2.1,13.306451612903226,62.0
Fresno,CA0100500,2023,732.0,117.0,849.0,145.0,224.0,369.0,2.23,22.342105263157897,38.0
Fresno,CA0100500,2024,739.0,113.0,852.0,132.0,243.0,375.0,2.24,26.625,32.0
Fresno,CA0100500,2025,,,,,,,,,23.0
Hartford,CT0006400,2007,369.0,42.0,411.0,36.0,47.0,83.0,3.97,13.258064516129032,31.0
Hartford,CT0006400,2008,378.0,44.0,422.0,55.0,44.0,99.0,4.18,13.612903225806452,31.0
Hartford,CT0006400,2009,400.0,48.0,448.0,33.0,16.0,49.0,4.01,13.575757575757576,33.0
Hartford,CT0006400,2010,405.0,47.0,452.0,15.0,31.0,46.0,3.99,17.384615384615383,26.0
Hartford,CT0006400,2011,393.0,47.0,440.0,39.0,32.0,71.0,4.09,16.296296296296298,27.0
Hartford,CT0006400,2012,427.0,51.0,478.0,13.0,25.0,38.0,4.12,20.782608695652176,23.0
Hartford,CT0006400,2013,405.0,50.0,455.0,9.0,24.0,33.0,3.91,19.782608695652176,23.0
Hartford,CT0006400,2014,374.0,46.0,420.0,8.0,26.0,34.0,3.63,22.105263157894736,19.0
Hartford,CT0006400,2015,368.0,45.0,413.0,17.0,28.0,45.0,3.68,12.90625,32.0
Hartford,CT0006400,2016,356.0,42.0,398.0,12.0,20.0,32.0,3.48,28.428571428571427,14.0
Hartford,CT0006400,2017,345.0,45.0,390.0,22.0,23.0,45.0,3.54,13.448275862068966,29.0
Hartford,CT0006400,2018,346.0,48.0,394.0,12.0,19.0,31.0,3.45,18.761904761904763,21.0
Hartford,CT0006400,2019,374.0,73.0,447.0,14.0,22.0,36.0,3.95,21.285714285714285,21.0
Hartford,CT0006400,2020,365.0,65.0,430.0,9.0,19.0,28.0,3.76,17.916666666666668,24.0
Hartford,CT0006400,2021,339.0,56.0,395.0,9.0,15.0,24.0,3.46,9.634146341463415,41.0
Hartford,CT0006400,2022,336.0,55.0,391.0,7.0,17.0,24.0,3.45,9.775,40.0
Hartford,CT0006400,2023,323.0,54.0,377.0,18.0,18.0,36.0,3.42,10.18918918918919,37.0
Hartford,CT0006400,2024,308.0,55.0,363.0,10.0,16.0,26.0,3.25,16.5,22.0
Hartford,CT0006400,2025,,,,,,,,,11.0
Newark,NJNPD0000,2007,1013.0,214.0,1227.0,83.0,313.0,396.0,5.79,11.798076923076923,104.0
Newark,NJNPD0000,2008,1071.0,246.0,1317.0,89.0,301.0,390.0,6.1,19.65671641791045,67.0
Newark,NJNPD0000,2009,1064.0,233.0,1297.0,73.0,301.0,374.0,5.98,16.2125,80.0
Newark,NJNPD0000,2010,1066.0,242.0,1308.0,65.0,293.0,358.0,6.01,14.533333333333331,90.0
Newark,NJNPD0000,2011,854.0,241.0,1095.0,33.0,81.0,114.0,4.35,11.648936170212766,94.0
Newark,NJNPD0000,2012,860.0,202.0,1062.0,46.0,214.0,260.0,4.74,11.0625,96.0
Newark,NJNPD0000,2013,805.0,202.0,1007.0,63.0,206.0,269.0,4.59,8.991071428571429,112.0
Newark,NJNPD0000,2014,808.0,206.0,1014.0,74.0,224.0,298.0,4.7,10.673684210526316,95.0
Newark,NJNPD0000,2015,817.0,216.0,1033.0,63.0,107.0,170.0,4.28,10.873684210526315,95.0
Newark,NJNPD0000,2016,867.0,246.0,1113.0,65.0,205.0,270.0,4.91,11.01980198019802,101.0
Newark,NJNPD0000,2017,937.0,234.0,1171.0,76.0,244.0,320.0,5.26,15.207792207792208,77.0
Newark,NJNPD0000,2018,931.0,224.0,1155.0,83.0,252.0,335.0,5.28,15.4,75.0
Newark,NJNPD0000,2019,925.0,262.0,1187.0,95.0,251.0,346.0,5.45,20.82456140350877,57.0
Newark,NJNPD0000,2020,817.0,245.0,1062.0,103.0,242.0,345.0,4.99,18.63157894736842,57.0
Newark,NJNPD0000,2021,785.0,247.0,1032.0,87.0,218.0,305.0,4.53,16.918032786885245,61.0
Newark,NJNPD0000,2022,858.0,260.0,1118.0,72.0,133.0,205.0,4.35,21.5,52.0
Newark,NJNPD0000,2023,816.0,262.0,1078.0,55.0,128.0,183.0,4.15,19.96296296296296,54.0
Newark,NJNPD0000,2024,812.0,255.0,1067.0,72.0,231.0,303.0,4.42,25.404761904761905,42.0
Newark,NJNPD0000,2025,,,,,,,,,33.0
Memphis,TNMPD0000,2007,1668.0,388.0,2056.0,149.0,324.0,473.0,3.78,15.69465648854962,131.0
Memphis,TNMPD0000,2008,1704.0,394.0,2098.0,126.0,299.0,425.0,3.75,15.202898550724637,138.0
Memphis,TNMPD0000,2009,1805.0,397.0,2202.0,211.0,311.0,522.0,4.08,16.681818181818183,132.0
Memphis,TNMPD0000,2010,1910.0,425.0,2335.0,112.0,328.0,440.0,4.29,26.235955056179776,89.0
Memphis,TNMPD0000,2011,2052.0,402.0,2454.0,99.0,302.0,401.0,4.37,20.974358974358974,117.0
Memphis,TNMPD0000,2012,2026.0,390.0,2416.0,100.0,310.0,410.0,4.3,18.029850746268657,134.0
Memphis,TNMPD0000,2013,1947.0,372.0,2319.0,93.0,282.0,375.0,4.1,18.552,125.0
Memphis,TNMPD0000,2014,1870.0,363.0,2233.0,84.0,255.0,339.0,3.93,15.615384615384617,143.0
Memphis,TNMPD0000,2015,1705.0,335.0,2040.0,88.0,261.0,349.0,3.63,14.782608695652174,138.0
Memphis,TNMPD0000,2016,1657.0,321.0,1978.0,141.0,266.0,407.0,3.63,9.792079207920793,202.0
Memphis,TNMPD0000,2017,1654.0,318.0,1972.0,210.0,319.0,529.0,3.83,10.602150537634408,186.0
Memphis,TNMPD0000,2018,1664.0,331.0,1995.0,268.0,342.0,610.0,3.99,10.611702127659576,188.0
Memphis,TNMPD0000,2019,1710.0,348.0,2058.0,235.0,342.0,577.0,4.05,10.5,196.0
Memphis,TNMPD0000,2020,1713.0,351.0,2064.0,183.0,316.0,499.0,3.94,7.068493150684931,292.0
Memphis,TNMPD0000,2021,1668.0,359.0,2027.0,126.0,293.0,419.0,3.77,6.602605863192182,307.0
Memphis,TNMPD0000,2022,1559.0,345.0,1904.0,204.0,353.0,557.0,3.94,7.525691699604743,253.0
Memphis,TNMPD0000,2023,1553.0,392.0,1945.0,163.0,334.0,497.0,3.96,5.5413105413105415,351.0
Memphis,TNMPD0000,2024,1560.0,435.0,1995.0,115.0,297.0,412.0,3.93,7.948207171314741,251.0
Memphis,TNMPD0000,2025,,,,,,,,,189.0
Baltimore,MDBPD0000,2007,2483.0,480.0,2963.0,215.0,506.0,721.0,5.9,10.50709219858156,282.0
Baltimore,MDBPD0000,2008,2504.0,494.0,2998.0,205.0,475.0,680.0,5.8,12.757446808510638,235.0
Baltimore,MDBPD0000,2009,2515.0,498.0,3013.0,148.0,425.0,573.0,5.61,12.659663865546218,238.0
Baltimore,MDBPD0000,2010,2466.0,494.0,2960.0,140.0,403.0,543.0,5.64,13.27354260089686,223.0
Baltimore,MDBPD0000,2011,2458.0,473.0,2931.0,150.0,389.0,539.0,5.54,14.878172588832488,197.0
Baltimore,MDBPD0000,2012,2499.0,463.0,2962.0,109.0,271.0,380.0,5.34,13.402714932126695,221.0
Baltimore,MDBPD0000,2013,2385.0,444.0,2829.0,137.0,254.0,391.0,5.17,12.19396551724138,232.0
Baltimore,MDBPD0000,2014,2355.0,424.0,2779.0,137.0,240.0,377.0,5.06,14.626315789473685,190.0
Baltimore,MDBPD0000,2015,2243.0,403.0,2646.0,91.0,223.0,314.0,4.76,9.483870967741936,279.0
Baltimore,MDBPD0000,2016,2116.0,396.0,2512.0,113.0,283.0,396.0,4.7,8.40133779264214,299.0
Baltimore,MDBPD0000,2017,2113.0,403.0,2516.0,117.0,304.0,421.0,4.79,8.142394822006473,309.0
Baltimore,MDBPD0000,2018,2096.0,392.0,2488.0,120.0,327.0,447.0,4.85,8.462585034013605,294.0
Baltimore,MDBPD0000,2019,2073.0,392.0,2465.0,133.0,342.0,475.0,4.92,7.042857142857143,350.0
Baltimore,MDBPD0000,2020,2073.0,392.0,2465.0,133.0,342.0,475.0,4.99,7.380239520958084,334.0
Baltimore,MDBPD0000,2021,1987.0,373.0,2360.0,121.0,362.0,483.0,4.81,13.563218390804598,174.0
Baltimore,MDBPD0000,2022,1987.0,373.0,2360.0,121.0,362.0,483.0,4.98,7.239263803680981,326.0
Baltimore,MDBPD0000,2023,1710.0,337.0,2047.0,112.0,362.0,474.0,4.46,8.321138211382113,246.0
Baltimore,MDBPD0000,2024,1664.0,322.0,1986.0,139.0,388.0,527.0,4.43,10.290155440414509,193.0
Baltimore,MDBPD0000,2025,,,,,,,,,133.0
Detroit,MI8234900,2007,2210.0,827.0,3037.0,88.0,278.0,366.0,3.95,7.747448979591836,392.0
Detroit,MI8234900,2008,2218.0,814.0,3032.0,88.0,281.0,369.0,3.75,9.386996904024768,323.0
Detroit,MI8234900,2009,2150.0,780.0,2930.0,72.0,271.0,343.0,3.6,8.071625344352617,363.0
Detroit,MI8234900,2010,2118.0,772.0,2890.0,64.0,256.0,320.0,4.5,9.292604501607718,311.0
Detroit,MI8234900,2011,2044.0,716.0,2760.0,65.0,262.0,327.0,4.33,7.976878612716763,346.0
Detroit,MI8234900,2012,1917.0,653.0,2570.0,59.0,254.0,313.0,4.08,6.640826873385013,387.0
Detroit,MI8234900,2013,1759.0,597.0,2356.0,94.0,182.0,276.0,3.76,7.4321766561514195,317.0
Detroit,MI8234900,2014,1743.0,575.0,2318.0,68.0,289.0,357.0,3.91,7.752508361204013,299.0
Detroit,MI8234900,2015,1689.0,566.0,2255.0,87.0,94.0,181.0,3.62,7.857142857142857,287.0
Detroit,MI8234900,2016,1771.0,579.0,2350.0,103.0,402.0,505.0,4.26,7.730263157894737,304.0
Detroit,MI8234900,2017,1874.0,625.0,2499.0,111.0,474.0,585.0,4.6,9.32462686567164,268.0
Detroit,MI8234900,2018,1808.0,590.0,2398.0,492.0,129.0,621.0,4.5,9.187739463601533,261.0
Detroit,MI8234900,2019,1893.0,624.0,2517.0,119.0,490.0,609.0,4.71,8.957295373665481,281.0
Detroit,MI8234900,2020,1899.0,629.0,2528.0,135.0,486.0,621.0,4.77,7.875389408099688,321.0
Detroit,MI8234900,2021,1854.0,621.0,2475.0,155.0,470.0,625.0,4.6,8.088235294117647,306.0
Detroit,MI8234900,2022,1761.0,620.0,2381.0,171.0,528.0,699.0,4.91,7.755700325732899,307.0
Detroit,MI8234900,2023,1839.0,626.0,2465.0,184.0,495.0,679.0,5.11,9.86,250.0
Detroit,MI8234900,2024,1937.0,682.0,2619.0,264.0,577.0,841.0,5.31,12.901477832512317,203.0
Detroit,MI8234900,2025,,,,,,,,,165.0
Philadelphia,PAPEP0000,2007,5058.0,1656.0,6714.0,264.0,564.0,828.0,5.25,17.127551020408163,392.0
Philadelphia,PAPEP0000,2008,5111.0,1653.0,6764.0,275.0,584.0,859.0,5.29,20.435045317220546,331.0
Philadelphia,PAPEP0000,2009,5115.0,1607.0,6722.0,277.0,577.0,854.0,4.9,22.258278145695364,302.0
Philadelphia,PAPEP0000,2010,5153.0,1581.0,6734.0,250.0,548.0,798.0,4.94,21.93485342019544,307.0
Philadelphia,PAPEP0000,2011,5083.0,1542.0,6625.0,255.0,547.0,802.0,4.85,20.44753086419753,324.0
Philadelphia,PAPEP0000,2012,5032.0,1494.0,6526.0,273.0,561.0,834.0,4.78,19.716012084592144,331.0
Philadelphia,PAPEP0000,2013,5048.0,1460.0,6508.0,253.0,564.0,817.0,4.72,26.34817813765182,247.0
Philadelphia,PAPEP0000,2014,4984.0,1426.0,6410.0,265.0,560.0,825.0,4.64,25.33596837944664,253.0
Philadelphia,PAPEP0000,2015,5013.0,1400.0,6413.0,246.0,570.0,816.0,4.61,22.90357142857143,280.0
Philadelphia,PAPEP0000,2016,4948.0,1365.0,6313.0,298.0,1384.0,1682.0,5.09,23.04014598540146,274.0
Philadelphia,PAPEP0000,2017,5144.0,1414.0,6558.0,240.0,549.0,789.0,4.66,20.753164556962027,316.0
Philadelphia,PAPEP0000,2018,5157.0,1420.0,6577.0,245.0,544.0,789.0,4.64,18.737891737891736,351.0
Philadelphia,PAPEP0000,2019,5165.0,1419.0,6584.0,257.0,571.0,828.0,4.66,19.951515151515153,330.0
Philadelphia,PAPEP0000,2020,4987.0,1372.0,6359.0,249.0,532.0,781.0,4.5,13.004089979550102,489.0
Philadelphia,PAPEP0000,2021,,,,,,,,,573.0
Philadelphia,PAPEP0000,2022,4561.0,1239.0,5800.0,294.0,1090.0,1384.0,4.62,11.153846153846152,520.0
Philadelphia,PAPEP0000,2023,4298.0,1146.0,5444.0,264.0,558.0,822.0,4.04,13.24574209245742,411.0
Philadelphia,PAPEP0000,2024,4091.0,1060.0,5151.0,262.0,555.0,817.0,3.85,19.220149253731343,268.0
Philadelphia,PAPEP0000,2025,,,,,,,,,222.0
Houston,TXHPD0000,2007,4236.0,656.0,4892.0,590.0,856.0,1446.0,2.92,13.897727272727272,352.0
Houston,TXHPD0000,2008,4367.0,681.0,5048.0,680.0,1022.0,1702.0,3.01,17.170068027210885,294.0
Houston,TXHPD0000,2009,4618.0,753.0,5371.0,658.0,1110.0,1768.0,3.14,18.714285714285715,287.0
Houston,TXHPD0000,2010,4583.0,768.0,5351.0,624.0,1079.0,1703.0,3.36,19.74538745387454,271.0
Houston,TXHPD0000,2011,4523.0,771.0,5294.0,383.0,854.0,1237.0,3.05,26.737373737373737,198.0
Houston,TXHPD0000,2012,4520.0,798.0,5318.0,464.0,881.0,1345.0,3.06,24.506912442396313,217.0
Houston,TXHPD0000,2013,,,,,,,,,216.0
Houston,TXHPD0000,2014,4445.0,807.0,5252.0,463.0,889.0,1352.0,2.97,21.702479338842977,242.0
Houston,TXHPD0000,2015,4363.0,815.0,5178.0,530.0,869.0,1399.0,2.89,17.08910891089109,303.0
Houston,TXHPD0000,2016,4356.0,826.0,5182.0,588.0,862.0,1450.0,2.84,17.102310231023104,303.0
Houston,TXHPD0000,2017,4375.0,846.0,5221.0,339.0,774.0,1113.0,2.71,20.00383141762452,261.0
Houston,TXHPD0000,2018,4365.0,864.0,5229.0,316.0,713.0,1029.0,2.67,18.608540925266905,281.0
Houston,TXHPD0000,2019,4369.0,895.0,5264.0,426.0,647.0,1073.0,2.69,18.73309608540925,281.0
Houston,TXHPD0000,2020,4313.0,899.0,5212.0,379.0,632.0,1011.0,2.65,12.559036144578313,415.0
Houston,TXHPD0000,2021,4345.0,905.0,5250.0,371.0,628.0,999.0,2.67,11.052631578947368,475.0
Houston,TXHPD0000,2022,4323.0,900.0,5223.0,429.0,633.0,1062.0,2.76,11.951945080091534,437.0
Houston,TXHPD0000,2023,4275.0,899.0,5174.0,392.0,614.0,1006.0,2.68,14.657223796033994,353.0
Houston,TXHPD0000,2024,4331.0,945.0,5276.0,452.0,609.0,1061.0,2.73,15.939577039274925,331.0
Houston,TXHPD0000,2025,,,,,,,,,272.0
Dallas,TXDPD0000,2007,2673.0,539.0,3212.0,138.0,466.0,604.0,3.08,16.06,200.0
Dallas,TXDPD0000,2008,2818.0,575.0,3393.0,178.0,625.0,803.0,3.29,19.958823529411763,170.0
Dallas,TXDPD0000,2009,2979.0,598.0,3577.0,131.0,433.0,564.0,3.21,21.548192771084334,166.0
Dallas,TXDPD0000,2010,3051.0,615.0,3666.0,140.0,435.0,575.0,3.54,24.77027027027027,148.0
Dallas,TXDPD0000,2011,2923.0,588.0,3511.0,132.0,409.0,541.0,3.31,26.398496240601503,133.0
Dallas,TXDPD0000,2012,,,,,,,,,154.0
Dallas,TXDPD0000,2013,2868.0,606.0,3474.0,134.0,420.0,554.0,3.21,24.125,144.0
Dallas,TXDPD0000,2014,2918.0,625.0,3543.0,130.0,413.0,543.0,3.21,30.54310344827586,116.0
Dallas,TXDPD0000,2015,2844.0,640.0,3484.0,129.0,427.0,556.0,3.1,25.61764705882353,136.0
Dallas,TXDPD0000,2016,2666.0,613.0,3279.0,134.0,416.0,550.0,2.9,19.17543859649123,171.0
Dallas,TXDPD0000,2017,2484.0,569.0,3053.0,147.0,458.0,605.0,2.73,18.73006134969325,163.0
Dallas,TXDPD0000,2018,2440.0,567.0,3007.0,131.0,443.0,574.0,2.63,19.65359477124183,153.0
Dallas,TXDPD0000,2019,2496.0,579.0,3075.0,121.0,428.0,549.0,2.66,15.298507462686567,201.0
Dallas,TXDPD0000,2020,2540.0,597.0,3137.0,117.0,392.0,509.0,2.67,12.598393574297187,249.0
Dallas,TXDPD0000,2021,2525.0,593.0,3118.0,165.0,478.0,643.0,2.79,14.777251184834125,211.0
Dallas,TXDPD0000,2022,2483.0,577.0,3060.0,183.0,490.0,673.0,2.9,14.433962264150944,212.0
Dallas,TXDPD0000,2023,2465.0,582.0,3047.0,156.0,481.0,637.0,2.82,12.487704918032788,244.0
Dallas,TXDPD0000,2024,2513.0,599.0,3112.0,162.0,512.0,674.0,2.86,17.193370165745858,181.0
Dallas,TXDPD0000,2025,,,,,,,,,139.0
Denver,CODPD0000,2007,1382.0,179.0,1561.0,112.0,244.0,356.0,3.34,33.212765957446805,47.0
Denver,CODPD0000,2008,1361.0,180.0,1541.0,96.0,154.0,250.0,3.02,38.525,40.0
Denver,CODPD0000,2009,1338.0,172.0,1510.0,92.0,155.0,247.0,2.91,43.142857142857146,35.0
Denver,CODPD0000,2010,1301.0,169.0,1470.0,89.0,146.0,235.0,2.84,52.5,28.0
Denver,CODPD0000,2011,1256.0,164.0,1420.0,87.0,139.0,226.0,2.7,38.37837837837838,37.0
Denver,CODPD0000,2012,1231.0,157.0,1388.0,86.0,156.0,242.0,2.59,35.58974358974359,39.0
Denver,CODPD0000,2013,1238.0,157.0,1395.0,104.0,163.0,267.0,2.56,34.02439024390244,41.0
Denver,CODPD0000,2014,1276.0,154.0,1430.0,106.0,159.0,265.0,2.55,46.12903225806452,31.0
Denver,CODPD0000,2015,1304.0,164.0,1468.0,113.0,154.0,267.0,2.54,27.69811320754717,53.0
Denver,CODPD0000,2016,1307.0,176.0,1483.0,129.0,187.0,316.0,2.57,27.9811320754717,53.0
Denver,CODPD0000,2017,1288.0,191.0,1479.0,116.0,179.0,295.0,2.51,25.5,58.0
Denver,CODPD0000,2018,1309.0,208.0,1517.0,131.0,176.0,307.0,2.53,23.703125,64.0
Denver,CODPD0000,2019,1334.0,217.0,1551.0,132.0,176.0,308.0,2.55,23.5,66.0
Denver,CODPD0000,2020,1326.0,226.0,1552.0,119.0,147.0,266.0,2.46,16.33684210526316,95.0
Denver,CODPD0000,2021,1233.0,214.0,1447.0,168.0,169.0,337.0,2.41,14.47,100.0
Denver,CODPD0000,2022,1278.0,234.0,1512.0,139.0,180.0,319.0,2.6,16.8,90.0
Denver,CODPD0000,2023,1264.0,244.0,1508.0,137.0,190.0,327.0,2.58,17.333333333333332,87.0
Denver,CODPD0000,2024,1274.0,262.0,1536.0,127.0,168.0,295.0,2.54,21.633802816901408,71.0
Denver,CODPD0000,2025,,,,,,,,,42.0
