city,ori,year,homicides,rtcc_year,is_treatment,total_sworn,total_civilians,le_rate_per_1k,est_population,officers_per_10k_pe,post_rtcc,years_since_rtcc,rtcc_active,lemas_ft_sworn_2020,lemas_budget_2020,pop_served_2020,has_bwc,lemas_officers_per_10k,budget_per_capita,tech_score,data_driven_score,bwc_coverage,has_cad,has_rms,has_gis,has_lpr,has_gunshot_detection,has_facerec,has_infrared,has_trace,has_ballistics,has_early_intervention,has_predictive_policing,has_intel_analysis,has_social_network_analysis,has_targeted_policing,has_data_driven_patrol,has_hotspot_analysis,has_data_budget,year_centered,year_sq,covid_year,post_covid,decade,ferguson_era,yr_2007,yr_2008,yr_2009,yr_2010,yr_2011,yr_2012,yr_2013,yr_2014,yr_2015,yr_2016,yr_2017,yr_2018,yr_2019,yr_2020,yr_2021,yr_2022,yr_2023,yr_2024,yr_2025,state,region,homicides_per_sworn,log_homicides,log_population
Chicago,ILCPD0000,2007,443.0,2016,1,13671.0,1065.0,5.22,2822988.5057471264,48.427402280130295,0,-9,0,12675.0,1033570821.0,2677643.0,1,47.33640742996733,386.0002326673123,10,7,0.6246942800788955,1,1,1,1,1,1,1,1,1,1,1,1,1,1,1,1,1,-9,81.0,0,0,2000,0,1,0,0,0,0,0,0,0,0,0,0,0,0,0,0,0,0,0,0,IL,Midwest,0.0324043595932996,6.095824562432225,14.853306989817142
Chicago,ILCPD0000,2008,510.0,2016,1,13359.0,948.0,5.06,2827470.3557312256,47.24717970224365,0,-8,0,12675.0,1033570821.0,2677643.0,1,47.33640742996733,386.0002326673123,10,7,0.6246942800788955,1,1,1,1,1,1,1,1,1,1,1,1,1,1,1,1,1,-8,64.0,0,0,2000,0,0,1,0,0,0,0,0,0,0,0,0,0,0,0,0,0,0,0,0,IL,Midwest,0.0381765102178306,6.236369590203704,14.854893356322062
Chicago,ILCPD0000,2009,458.0,2016,1,13088.0,872.0,4.9,2848979.591836734,45.939255014326655,0,-7,0,12675.0,1033570821.0,2677643.0,1,47.33640742996733,386.0002326673123,10,7,0.6246942800788955,1,1,1,1,1,1,1,1,1,1,1,1,1,1,1,1,1,-7,49.0,0,0,2000,0,0,0,1,0,0,0,0,0,0,0,0,0,0,0,0,0,0,0,0,IL,Midwest,0.0349938875305623,6.129050210060545,14.862471801184723
Chicago,ILCPD0000,2010,432.0,2016,1,12515.0,803.0,4.94,2695951.4170040484,46.42145967863043,0,-6,0,12675.0,1033570821.0,2677643.0,1,47.33640742996733,386.0002326673123,10,7,0.6246942800788955,1,1,1,1,1,1,1,1,1,1,1,1,1,1,1,1,1,-6,36.0,0,0,2010,0,0,0,0,1,0,0,0,0,0,0,0,0,0,0,0,0,0,0,0,IL,Midwest,0.0345185777067518,6.07073772800249,14.80726210137937
Chicago,ILCPD0000,2011,431.0,2016,1,12092.0,707.0,4.73,2705919.6617336147,44.68720993827643,0,-5,0,12675.0,1033570821.0,2677643.0,1,47.33640742996733,386.0002326673123,10,7,0.6246942800788955,1,1,1,1,1,1,1,1,1,1,1,1,1,1,1,1,1,-5,25.0,0,0,2010,0,0,0,0,0,1,0,0,0,0,0,0,0,0,0,0,0,0,0,0,IL,Midwest,0.035643400595435,6.068425588244111,14.810952767894142
Chicago,ILCPD0000,2012,500.0,2016,1,11944.0,822.0,4.71,2710403.397027601,44.0672411091963,0,-4,0,12675.0,1033570821.0,2677643.0,1,47.33640742996733,386.0002326673123,10,7,0.6246942800788955,1,1,1,1,1,1,1,1,1,1,1,1,1,1,1,1,1,-4,16.0,0,0,2010,0,0,0,0,0,0,1,0,0,0,0,0,0,0,0,0,0,0,0,0,IL,Midwest,0.0418620227729403,6.2166061010848646,14.812608405718516
Chicago,ILCPD0000,2013,414.0,2016,1,,,,,,0,-3,0,12675.0,1033570821.0,2677643.0,1,47.33640742996733,386.0002326673123,10,7,0.6246942800788955,1,1,1,1,1,1,1,1,1,1,1,1,1,1,1,1,1,-3,9.0,0,0,2010,0,0,0,0,0,0,0,1,0,0,0,0,0,0,0,0,0,0,0,0,IL,Midwest,,6.028278520230698,
Chicago,ILCPD0000,2014,415.0,2016,1,12034.0,868.0,4.74,2721940.928270042,44.21109905441018,0,-2,0,12675.0,1033570821.0,2677643.0,1,47.33640742996733,386.0002326673123,10,7,0.6246942800788955,1,1,1,1,1,1,1,1,1,1,1,1,1,1,1,1,1,-2,4.0,0,0,2010,1,0,0,0,0,0,0,0,1,0,0,0,0,0,0,0,0,0,0,0,IL,Midwest,0.0344856240651487,6.030685260261263,14.816856127752173
Chicago,ILCPD0000,2015,478.0,2016,1,,,,,,0,-1,0,12675.0,1033570821.0,2677643.0,1,47.33640742996733,386.0002326673123,10,7,0.6246942800788955,1,1,1,1,1,1,1,1,1,1,1,1,1,1,1,1,1,-1,1.0,0,0,2010,1,0,0,0,0,0,0,0,0,1,0,0,0,0,0,0,0,0,0,0,IL,Midwest,,6.171700597410915,
Chicago,ILCPD0000,2016,765.0,2016,1,11954.0,1181.0,4.82,2725103.7344398336,43.86622002283975,1,0,0,12675.0,1033570821.0,2677643.0,1,47.33640742996733,386.0002326673123,10,7,0.6246942800788955,1,1,1,1,1,1,1,1,1,1,1,1,1,1,1,1,1,0,0.0,0,0,2010,1,0,0,0,0,0,0,0,0,0,1,0,0,0,0,0,0,0,0,0,IL,Midwest,0.0639953153756064,6.641182169740591,14.818017419997709
Chicago,ILCPD0000,2017,519.0,2016,1,12383.0,1183.0,5.01,2707784.431137725,45.731114551083586,1,1,1,12675.0,1033570821.0,2677643.0,1,47.33640742996733,386.0002326673123,10,7,0.6246942800788955,1,1,1,1,1,1,1,1,1,1,1,1,1,1,1,1,1,1,1.0,0,0,2010,0,0,0,0,0,0,0,0,0,0,0,1,0,0,0,0,0,0,0,0,IL,Midwest,0.0419122991197609,6.253828811575473,14.811641674696938
Chicago,ILCPD0000,2018,566.0,2016,1,13138.0,948.0,5.18,2719305.0193050196,48.31381513559562,1,2,1,12675.0,1033570821.0,2677643.0,1,47.33640742996733,386.0002326673123,10,7,0.6246942800788955,1,1,1,1,1,1,1,1,1,1,1,1,1,1,1,1,1,2,4.0,0,0,2010,0,0,0,0,0,0,0,0,0,0,0,0,1,0,0,0,0,0,0,0,IL,Midwest,0.0430811386816867,6.340359303727752,14.815887265757054
Chicago,ILCPD0000,2019,491.0,2016,1,13160.0,855.0,5.18,2705598.455598456,48.63988583660364,1,3,1,12675.0,1033570821.0,2677643.0,1,47.33640742996733,386.0002326673123,10,7,0.6246942800788955,1,1,1,1,1,1,1,1,1,1,1,1,1,1,1,1,1,3,9.0,0,0,2010,0,0,0,0,0,0,0,0,0,0,0,0,0,1,0,0,0,0,0,0,IL,Midwest,0.0373100303951367,6.198478716492308,14.810834055913562
Chicago,ILCPD0000,2020,718.0,2016,1,12727.0,835.0,5.03,2696222.664015904,47.203074767733376,1,4,1,12675.0,1033570821.0,2677643.0,1,47.33640742996733,386.0002326673123,10,7,0.6246942800788955,1,1,1,1,1,1,1,1,1,1,1,1,1,1,1,1,1,4,16.0,1,1,2020,0,0,0,0,0,0,0,0,0,0,0,0,0,0,1,0,0,0,0,0,IL,Midwest,0.0564154946177418,6.577861357721047,14.807362709003456
Chicago,ILCPD0000,2021,370.0,2016,1,12070.0,795.0,4.73,2719873.150105708,44.37706956859698,1,5,1,12675.0,1033570821.0,2677643.0,1,47.33640742996733,386.0002326673123,10,7,0.6246942800788955,1,1,1,1,1,1,1,1,1,1,1,1,1,1,1,1,1,5,25.0,0,1,2020,0,0,0,0,0,0,0,0,0,0,0,0,0,0,0,1,0,0,0,0,IL,Midwest,0.0306545153272576,5.916202062607435,14.816096168858277
Chicago,ILCPD0000,2022,604.0,2016,1,11678.0,585.0,4.62,2654329.0043290043,43.99605316806654,1,6,1,12675.0,1033570821.0,2677643.0,1,47.33640742996733,386.0002326673123,10,7,0.6246942800788955,1,1,1,1,1,1,1,1,1,1,1,1,1,1,1,1,1,6,36.0,0,1,2020,0,0,0,0,0,0,0,0,0,0,0,0,0,0,0,0,1,0,0,0,IL,Midwest,0.0517211851344408,6.405228458030842,14.791702828393491
Chicago,ILCPD0000,2023,499.0,2016,1,11793.0,637.0,4.73,2627906.9767441857,44.87601769911505,1,7,1,12675.0,1033570821.0,2677643.0,1,47.33640742996733,386.0002326673123,10,7,0.6246942800788955,1,1,1,1,1,1,1,1,1,1,1,1,1,1,1,1,1,7,49.0,0,1,2020,0,0,0,0,0,0,0,0,0,0,0,0,0,0,0,0,0,1,0,0,IL,Midwest,0.0423132366658187,6.214608098422191,14.781698641513954
Chicago,ILCPD0000,2024,461.0,2016,1,11667.0,703.0,4.69,2637526.652452025,44.23462409054165,1,8,1,12675.0,1033570821.0,2677643.0,1,47.33640742996733,386.0002326673123,10,7,0.6246942800788955,1,1,1,1,1,1,1,1,1,1,1,1,1,1,1,1,1,8,64.0,0,1,2020,0,0,0,0,0,0,0,0,0,0,0,0,0,0,0,0,0,0,1,0,IL,Midwest,0.0395131567669495,6.135564891081739,14.785352541053498
Chicago,ILCPD0000,2025,338.0,2016,1,,,,,,1,9,1,12675.0,1033570821.0,2677643.0,1,47.33640742996733,386.0002326673123,10,7,0.6246942800788955,1,1,1,1,1,1,1,1,1,1,1,1,1,1,1,1,1,9,81.0,0,1,2020,0,0,0,0,0,0,0,0,0,0,0,0,0,0,0,0,0,0,0,1,IL,Midwest,,5.82600010738045,
St. Louis,MOSPD0000,2007,138.0,2014,1,1350.0,617.0,5.65,348141.5929203539,38.77732587697001,0,-7,0,1197.0,165105124.0,297645.0,1,40.2156931915537,554.7048463773959,8,7,0.1512113617376775,1,1,1,1,1,0,0,1,1,1,1,1,1,1,1,1,1,-7,81.0,0,0,2000,0,1,0,0,0,0,0,0,0,0,0,0,0,0,0,0,0,0,0,0,MO,Midwest,0.1022222222222222,4.9344739331306915,12.760367424603231
St. Louis,MOSPD0000,2008,167.0,2014,1,1405.0,592.0,5.61,355971.47950089123,39.469454181271914,0,-6,0,1197.0,165105124.0,297645.0,1,40.2156931915537,554.7048463773959,8,7,0.1512113617376775,1,1,1,1,1,0,0,1,1,1,1,1,1,1,1,1,1,-6,64.0,0,0,2000,0,0,1,0,0,0,0,0,0,0,0,0,0,0,0,0,0,0,0,0,MO,Midwest,0.1188612099644128,5.123963979403259,12.782608702073222
St. Louis,MOSPD0000,2009,144.0,2014,1,1408.0,515.0,5.41,355452.865064695,39.61144045761831,0,-5,0,1197.0,165105124.0,297645.0,1,40.2156931915537,554.7048463773959,8,7,0.1512113617376775,1,1,1,1,1,0,0,1,1,1,1,1,1,1,1,1,1,-5,49.0,0,0,2000,0,0,0,1,0,0,0,0,0,0,0,0,0,0,0,0,0,0,0,0,MO,Midwest,0.1022727272727272,4.976733742420574,12.7811507450211
St. Louis,MOSPD0000,2010,144.0,2014,1,1363.0,557.0,6.01,319467.5540765391,42.664739583333336,0,-4,0,1197.0,165105124.0,297645.0,1,40.2156931915537,554.7048463773959,8,7,0.1512113617376775,1,1,1,1,1,0,0,1,1,1,1,1,1,1,1,1,1,-4,36.0,0,0,2010,0,0,0,0,1,0,0,0,0,0,0,0,0,0,0,0,0,0,0,0,MO,Midwest,0.1056493030080704,4.976733742420574,12.674414125660284
St. Louis,MOSPD0000,2011,112.0,2014,1,1363.0,557.0,5.99,320534.2237061769,42.52276041666668,0,-3,0,1197.0,165105124.0,297645.0,1,40.2156931915537,554.7048463773959,8,7,0.1512113617376775,1,1,1,1,1,0,0,1,1,1,1,1,1,1,1,1,1,-3,25.0,0,0,2010,0,0,0,0,0,1,0,0,0,0,0,0,0,0,0,0,0,0,0,0,MO,Midwest,0.0821716801173881,4.727387818712341,12.677747451663404
St. Louis,MOSPD0000,2012,114.0,2014,1,1322.0,544.0,5.86,318430.0341296928,41.51618435155413,0,-2,0,1197.0,165105124.0,297645.0,1,40.2156931915537,554.7048463773959,8,7,0.1512113617376775,1,1,1,1,1,0,0,1,1,1,1,1,1,1,1,1,1,-2,16.0,0,0,2010,0,0,0,0,0,0,1,0,0,0,0,0,0,0,0,0,0,0,0,0,MO,Midwest,0.086232980332829,4.74493212836325,12.671161197202862
St. Louis,MOSPD0000,2013,120.0,2014,1,1287.0,555.0,5.78,318685.1211072664,40.38469055374593,0,-1,0,1197.0,165105124.0,297645.0,1,40.2156931915537,554.7048463773959,8,7,0.1512113617376775,1,1,1,1,1,0,0,1,1,1,1,1,1,1,1,1,1,-1,9.0,0,0,2010,0,0,0,0,0,0,0,1,0,0,0,0,0,0,0,0,0,0,0,0,MO,Midwest,0.0932400932400932,4.795790545596741,12.671961951001771
St. Louis,MOSPD0000,2014,159.0,2014,1,1384.0,562.0,6.11,318494.27168576105,43.45447070914697,1,0,0,1197.0,165105124.0,297645.0,1,40.2156931915537,554.7048463773959,8,7,0.1512113617376775,1,1,1,1,1,0,0,1,1,1,1,1,1,1,1,1,1,0,4.0,0,0,2010,1,0,0,0,0,0,0,0,1,0,0,0,0,0,0,0,0,0,0,0,MO,Midwest,0.1148843930635838,5.075173815233827,12.671362908313547
St. Louis,MOSPD0000,2015,186.0,2014,1,1230.0,527.0,5.54,317148.01444043324,38.7831531018782,1,1,1,1197.0,165105124.0,297645.0,1,40.2156931915537,554.7048463773959,8,7,0.1512113617376775,1,1,1,1,1,0,0,1,1,1,1,1,1,1,1,1,1,1,1.0,0,0,2010,1,0,0,0,0,0,0,0,0,1,0,0,0,0,0,0,0,0,0,0,MO,Midwest,0.1512195121951219,5.231108616854587,12.66712701950695
St. Louis,MOSPD0000,2016,188.0,2014,1,1194.0,438.0,5.19,314450.8670520231,37.97095588235294,1,2,1,1197.0,165105124.0,297645.0,1,40.2156931915537,554.7048463773959,8,7,0.1512113617376775,1,1,1,1,1,0,0,1,1,1,1,1,1,1,1,1,1,2,0.0,0,0,2010,1,0,0,0,0,0,0,0,0,0,1,0,0,0,0,0,0,0,0,0,MO,Midwest,0.1574539363484087,5.241747015059643,12.658586297470396
St. Louis,MOSPD0000,2017,202.0,2014,1,1188.0,436.0,5.23,310516.2523900574,38.258866995073895,1,3,1,1197.0,165105124.0,297645.0,1,40.2156931915537,554.7048463773959,8,7,0.1512113617376775,1,1,1,1,1,0,0,1,1,1,1,1,1,1,1,1,1,3,1.0,0,0,2010,0,0,0,0,0,0,0,0,0,0,0,1,0,0,0,0,0,0,0,0,MO,Midwest,0.17003367003367,5.313205979041787,12.645994742065094
St. Louis,MOSPD0000,2018,175.0,2014,1,1189.0,419.0,5.24,306870.2290076336,38.746019900497515,1,4,1,1197.0,165105124.0,297645.0,1,40.2156931915537,554.7048463773959,8,7,0.1512113617376775,1,1,1,1,1,0,0,1,1,1,1,1,1,1,1,1,1,4,4.0,0,0,2010,0,0,0,0,0,0,0,0,0,0,0,0,1,0,0,0,0,0,0,0,MO,Midwest,0.1471825063078217,5.170483995038151,12.634183489089256
St. Louis,MOSPD0000,2019,194.0,2014,1,1201.0,408.0,5.35,300747.66355140187,39.93380981976382,1,5,1,1197.0,165105124.0,297645.0,1,40.2156931915537,554.7048463773959,8,7,0.1512113617376775,1,1,1,1,1,0,0,1,1,1,1,1,1,1,1,1,1,5,9.0,0,0,2010,0,0,0,0,0,0,0,0,0,0,0,0,0,1,0,0,0,0,0,0,MO,Midwest,0.1615320566194837,5.272999558563747,12.61403019010769
St. Louis,MOSPD0000,2020,150.0,2014,1,1262.0,397.0,5.56,298381.2949640288,42.29487643158529,1,6,1,1197.0,165105124.0,297645.0,1,40.2156931915537,554.7048463773959,8,7,0.1512113617376775,1,1,1,1,1,0,0,1,1,1,1,1,1,1,1,1,1,6,16.0,1,1,2020,0,0,0,0,0,0,0,0,0,0,0,0,0,0,1,0,0,0,0,0,MO,Midwest,0.1188589540412044,5.017279836814924,12.606130812320991
St. Louis,MOSPD0000,2021,203.0,2014,1,1131.0,380.0,5.11,295694.71624266147,38.24890800794176,1,7,1,1197.0,165105124.0,297645.0,1,40.2156931915537,554.7048463773959,8,7,0.1512113617376775,1,1,1,1,1,0,0,1,1,1,1,1,1,1,1,1,1,7,25.0,0,1,2020,0,0,0,0,0,0,0,0,0,0,0,0,0,0,0,1,0,0,0,0,MO,Midwest,0.1794871794871795,5.318119993844216,12.59708621889986
St. Louis,MOSPD0000,2022,201.0,2014,1,1010.0,347.0,4.74,286286.9198312236,35.279292557111276,1,8,1,1197.0,165105124.0,297645.0,1,40.2156931915537,554.7048463773959,8,7,0.1512113617376775,1,1,1,1,1,0,0,1,1,1,1,1,1,1,1,1,1,8,36.0,0,1,2020,0,0,0,0,0,0,0,0,0,0,0,0,0,0,0,0,1,0,0,0,MO,Midwest,0.199009900990099,5.308267697401205,12.564753296103184
St. Louis,MOSPD0000,2023,160.0,2014,1,926.0,373.0,4.64,279956.8965517241,33.076520400307935,1,9,1,1197.0,165105124.0,297645.0,1,40.2156931915537,554.7048463773959,8,7,0.1512113617376775,1,1,1,1,1,0,0,1,1,1,1,1,1,1,1,1,1,9,49.0,0,1,2020,0,0,0,0,0,0,0,0,0,0,0,0,0,0,0,0,0,1,0,0,MO,Midwest,0.1727861771058315,5.081404364984463,12.54239450138664
St. Louis,MOSPD0000,2024,151.0,2014,1,860.0,364.0,4.41,277551.02040816325,30.98529411764706,1,10,1,1197.0,165105124.0,297645.0,1,40.2156931915537,554.7048463773959,8,7,0.1512113617376775,1,1,1,1,1,0,0,1,1,1,1,1,1,1,1,1,1,10,64.0,0,1,2020,0,0,0,0,0,0,0,0,0,0,0,0,0,0,0,0,0,0,1,0,MO,Midwest,0.1755813953488372,5.0238805208462765,12.53376365553034
St. Louis,MOSPD0000,2025,141.0,2014,1,,,,,,1,11,1,1197.0,165105124.0,297645.0,1,40.2156931915537,554.7048463773959,8,7,0.1512113617376775,1,1,1,1,1,0,0,1,1,1,1,1,1,1,1,1,1,11,81.0,0,1,2020,0,0,0,0,0,0,0,0,0,0,0,0,0,0,0,0,0,0,0,1,MO,Midwest,,4.955827057601261,
Miami,FL0130600,2007,0.0,2015,1,1061.0,320.0,3.37,409792.2848664688,25.891165821868217,0,-8,0,1314.0,266173000.0,471525.0,1,27.867027198982026,564.4939292720428,8,7,1.0,1,1,1,1,1,0,0,1,1,1,1,1,1,1,1,1,1,-8,81.0,0,0,2000,0,1,0,0,0,0,0,0,0,0,0,0,0,0,0,0,0,0,0,0,FL,South,0.0,0.0,12.923408128284862
Miami,FL0130600,2008,0.0,2015,1,1073.0,416.0,3.48,427873.5632183908,25.077501678979186,0,-7,0,1314.0,266173000.0,471525.0,1,27.867027198982026,564.4939292720428,8,7,1.0,1,1,1,1,1,0,0,1,1,1,1,1,1,1,1,1,1,-7,64.0,0,0,2000,0,0,1,0,0,0,0,0,0,0,0,0,0,0,0,0,0,0,0,0,FL,South,0.0,0.0,12.96658535501605
Miami,FL0130600,2009,0.0,2015,1,1124.0,384.0,3.6,418888.8888888889,26.83289124668435,0,-6,0,1314.0,266173000.0,471525.0,1,27.867027198982026,564.4939292720428,8,7,1.0,1,1,1,1,1,0,0,1,1,1,1,1,1,1,1,1,1,-6,49.0,0,0,2000,0,0,0,1,0,0,0,0,0,0,0,0,0,0,0,0,0,0,0,0,FL,South,0.0,0.0,12.945363369353029
Miami,FL0130600,2010,0.0,2015,1,1098.0,355.0,3.64,399175.8241758242,27.506675843083276,0,-5,0,1314.0,266173000.0,471525.0,1,27.867027198982026,564.4939292720428,8,7,1.0,1,1,1,1,1,0,0,1,1,1,1,1,1,1,1,1,1,-5,36.0,0,0,2010,0,0,0,0,1,0,0,0,0,0,0,0,0,0,0,0,0,0,0,0,FL,South,0.0,0.0,12.897159766062368
Miami,FL0130600,2011,0.0,2015,1,1061.0,343.0,3.47,404610.9510086455,26.222720797720797,0,-4,0,1314.0,266173000.0,471525.0,1,27.867027198982026,564.4939292720428,8,7,1.0,1,1,1,1,1,0,0,1,1,1,1,1,1,1,1,1,1,-4,25.0,0,0,2010,0,0,0,0,0,1,0,0,0,0,0,0,0,0,0,0,0,0,0,0,FL,South,0.0,0.0,12.910683741116044
Miami,FL0130600,2012,0.0,2015,1,1054.0,326.0,3.33,414414.4144144144,25.433478260869567,0,-3,0,1314.0,266173000.0,471525.0,1,27.867027198982026,564.4939292720428,8,7,1.0,1,1,1,1,1,0,0,1,1,1,1,1,1,1,1,1,1,-3,16.0,0,0,2010,0,0,0,0,0,0,1,0,0,0,0,0,0,0,0,0,0,0,0,0,FL,South,0.0,0.0,12.9346241661816
Miami,FL0130600,2013,0.0,2015,1,1066.0,362.0,3.41,418768.3284457478,25.45560224089636,0,-2,0,1314.0,266173000.0,471525.0,1,27.867027198982026,564.4939292720428,8,7,1.0,1,1,1,1,1,0,0,1,1,1,1,1,1,1,1,1,1,-2,9.0,0,0,2010,0,0,0,0,0,0,0,1,0,0,0,0,0,0,0,0,0,0,0,0,FL,South,0.0,0.0,12.945075518538571
Miami,FL0130600,2014,0.0,2015,1,1148.0,297.0,3.42,422514.61988304096,27.17065743944637,0,-1,0,1314.0,266173000.0,471525.0,1,27.867027198982026,564.4939292720428,8,7,1.0,1,1,1,1,1,0,0,1,1,1,1,1,1,1,1,1,1,-1,4.0,0,0,2010,1,0,0,0,0,0,0,0,1,0,0,0,0,0,0,0,0,0,0,0,FL,South,0.0,0.0,12.95398169523336
Miami,FL0130600,2015,0.0,2015,1,1133.0,326.0,3.33,438138.1381381381,25.859424263193972,1,0,0,1314.0,266173000.0,471525.0,1,27.867027198982026,564.4939292720428,8,7,1.0,1,1,1,1,1,0,0,1,1,1,1,1,1,1,1,1,1,0,1.0,0,0,2010,1,0,0,0,0,0,0,0,0,1,0,0,0,0,0,0,0,0,0,0,FL,South,0.0,0.0,12.99029180589516
Miami,FL0130600,2016,0.0,2015,1,1201.0,358.0,3.47,449279.5389048991,26.731686978832585,1,1,1,1314.0,266173000.0,471525.0,1,27.867027198982026,564.4939292720428,8,7,1.0,1,1,1,1,1,0,0,1,1,1,1,1,1,1,1,1,1,1,0.0,0,0,2010,1,0,0,0,0,0,0,0,0,0,1,0,0,0,0,0,0,0,0,0,FL,South,0.0,0.0,13.015402779864427
Miami,FL0130600,2017,0.0,2015,1,1217.0,449.0,3.6,462777.7777777778,26.297719087635052,1,2,1,1314.0,266173000.0,471525.0,1,27.867027198982026,564.4939292720428,8,7,1.0,1,1,1,1,1,0,0,1,1,1,1,1,1,1,1,1,1,2,1.0,0,0,2010,0,0,0,0,0,0,0,0,0,0,0,1,0,0,0,0,0,0,0,0,FL,South,0.0,0.0,13.045004417108872
Miami,FL0130600,2018,0.0,2015,1,1309.0,432.0,3.68,473097.8260869565,27.668696151636993,1,3,1,1314.0,266173000.0,471525.0,1,27.867027198982026,564.4939292720428,8,7,1.0,1,1,1,1,1,0,0,1,1,1,1,1,1,1,1,1,1,3,4.0,0,0,2010,0,0,0,0,0,0,0,0,0,0,0,0,1,0,0,0,0,0,0,0,FL,South,0.0,0.0,13.067059580294996
Miami,FL0130600,2019,0.0,2015,1,1298.0,462.0,3.66,480874.3169398907,26.992500000000003,1,4,1,1314.0,266173000.0,471525.0,1,27.867027198982026,564.4939292720428,8,7,1.0,1,1,1,1,1,0,0,1,1,1,1,1,1,1,1,1,1,4,9.0,0,0,2010,0,0,0,0,0,0,0,0,0,0,0,0,0,1,0,0,0,0,0,0,FL,South,0.0,0.0,13.083363299144352
Miami,FL0130600,2020,0.0,2015,1,1317.0,420.0,3.65,475890.41095890413,27.67443868739205,1,5,1,1314.0,266173000.0,471525.0,1,27.867027198982026,564.4939292720428,8,7,1.0,1,1,1,1,1,0,0,1,1,1,1,1,1,1,1,1,1,5,16.0,1,1,2020,0,0,0,0,0,0,0,0,0,0,0,0,0,0,1,0,0,0,0,0,FL,South,0.0,0.0,13.072944978950757
Miami,FL0130600,2021,0.0,2015,1,1275.0,421.0,3.54,479096.0451977401,26.6126179245283,1,6,1,1314.0,266173000.0,471525.0,1,27.867027198982026,564.4939292720428,8,7,1.0,1,1,1,1,1,0,0,1,1,1,1,1,1,1,1,1,1,6,25.0,0,1,2020,0,0,0,0,0,0,0,0,0,0,0,0,0,0,0,1,0,0,0,0,FL,South,0.0,0.0,13.079658455450277
Miami,FL0130600,2022,27.0,2015,1,1269.0,419.0,3.85,438441.5584415585,28.94342417061611,1,7,1,1314.0,266173000.0,471525.0,1,27.867027198982026,564.4939292720428,8,7,1.0,1,1,1,1,1,0,0,1,1,1,1,1,1,1,1,1,1,7,36.0,0,1,2020,0,0,0,0,0,0,0,0,0,0,0,0,0,0,0,0,1,0,0,0,FL,South,0.0212765957446808,3.332204510175204,12.990984086641433
Miami,FL0130600,2023,32.0,2015,1,1304.0,353.0,3.66,452732.2404371584,28.8028968014484,1,8,1,1314.0,266173000.0,471525.0,1,27.867027198982026,564.4939292720428,8,7,1.0,1,1,1,1,1,0,0,1,1,1,1,1,1,1,1,1,1,8,49.0,0,1,2020,0,0,0,0,0,0,0,0,0,0,0,0,0,0,0,0,0,1,0,0,FL,South,0.0245398773006134,3.49650756146648,13.02305835780409
Miami,FL0130600,2024,28.0,2015,1,1334.0,338.0,3.63,460606.0606060606,28.961842105263155,1,9,1,1314.0,266173000.0,471525.0,1,27.867027198982026,564.4939292720428,8,7,1.0,1,1,1,1,1,0,0,1,1,1,1,1,1,1,1,1,1,9,64.0,0,1,2020,0,0,0,0,0,0,0,0,0,0,0,0,0,0,0,0,0,0,1,0,FL,South,0.0209895052473763,3.367295829986474,13.0403005954003
Miami,FL0130600,2025,27.0,2015,1,,,,,,1,10,1,1314.0,266173000.0,471525.0,1,27.867027198982026,564.4939292720428,8,7,1.0,1,1,1,1,1,0,0,1,1,1,1,1,1,1,1,1,1,10,81.0,0,1,2020,0,0,0,0,0,0,0,0,0,0,0,0,0,0,0,0,0,0,0,1,FL,South,,3.332204510175204,
New Orleans,LANPD0000,2007,209.0,2017,1,1416.0,250.0,7.55,220662.25165562917,64.1704681872749,0,-10,0,1186.0,218165630.0,389476.0,1,30.451170290338812,560.1516653144224,6,6,0.5961214165261383,1,0,1,1,0,0,0,1,1,1,0,1,1,1,1,1,1,-10,81.0,0,0,2000,0,1,0,0,0,0,0,0,0,0,0,0,0,0,0,0,0,0,0,0,LA,South,0.1475988700564972,5.3471075307174685,12.304393070250448
New Orleans,LANPD0000,2008,94.0,2017,1,1448.0,277.0,6.13,281402.93637846655,51.456463768115945,0,-9,0,1186.0,218165630.0,389476.0,1,30.451170290338812,560.1516653144224,6,6,0.5961214165261383,1,0,1,1,0,0,0,1,1,1,0,1,1,1,1,1,1,-9,64.0,0,0,2000,0,0,1,0,0,0,0,0,0,0,0,0,0,0,0,0,0,0,0,0,LA,South,0.0649171270718232,4.553876891600541,12.547546412116352
New Orleans,LANPD0000,2009,162.0,2017,1,,,,,,0,-8,0,1186.0,218165630.0,389476.0,1,30.451170290338812,560.1516653144224,6,6,0.5961214165261383,1,0,1,1,0,0,0,1,1,1,0,1,1,1,1,1,1,-8,49.0,0,0,2000,0,0,0,1,0,0,0,0,0,0,0,0,0,0,0,0,0,0,0,0,LA,South,,5.093750200806762,
New Orleans,LANPD0000,2010,174.0,2017,1,1452.0,263.0,4.99,343687.37474949897,42.24769679300292,0,-7,0,1186.0,218165630.0,389476.0,1,30.451170290338812,560.1516653144224,6,6,0.5961214165261383,1,0,1,1,0,0,0,1,1,1,0,1,1,1,1,1,1,-7,36.0,0,0,2010,0,0,0,0,1,0,0,0,0,0,0,0,0,0,0,0,0,0,0,0,LA,South,0.1198347107438016,5.1647859739235145,12.747490638435508
New Orleans,LANPD0000,2011,199.0,2017,1,1349.0,260.0,4.64,346767.2413793103,38.902175264139224,0,-6,0,1186.0,218165630.0,389476.0,1,30.451170290338812,560.1516653144224,6,6,0.5961214165261383,1,0,1,1,0,0,0,1,1,1,0,1,1,1,1,1,1,-6,25.0,0,0,2010,0,0,0,0,0,1,0,0,0,0,0,0,0,0,0,0,0,0,0,0,LA,South,0.1475166790214974,5.298317366548036,12.756411943510942
New Orleans,LANPD0000,2012,193.0,2017,1,1271.0,242.0,4.17,362829.7362110311,35.03020489094514,0,-5,0,1186.0,218165630.0,389476.0,1,30.451170290338812,560.1516653144224,6,6,0.5961214165261383,1,0,1,1,0,0,0,1,1,1,0,1,1,1,1,1,1,-5,16.0,0,0,2010,0,0,0,0,0,0,1,0,0,0,0,0,0,0,0,0,0,0,0,0,LA,South,0.1518489378442171,5.267858159063328,12.801691713069664
New Orleans,LANPD0000,2013,135.0,2017,1,1210.0,232.0,3.82,377486.9109947644,32.054091539528436,0,-4,0,1186.0,218165630.0,389476.0,1,30.451170290338812,560.1516653144224,6,6,0.5961214165261383,1,0,1,1,0,0,0,1,1,1,0,1,1,1,1,1,1,-4,9.0,0,0,2010,0,0,0,0,0,0,0,1,0,0,0,0,0,0,0,0,0,0,0,0,LA,South,0.1115702479338843,4.912654885736052,12.841293823303513
New Orleans,LANPD0000,2014,141.0,2017,1,,,,,,0,-3,0,1186.0,218165630.0,389476.0,1,30.451170290338812,560.1516653144224,6,6,0.5961214165261383,1,0,1,1,0,0,0,1,1,1,0,1,1,1,1,1,1,-3,4.0,0,0,2010,1,0,0,0,0,0,0,0,1,0,0,0,0,0,0,0,0,0,0,0,LA,South,,4.955827057601261,
New Orleans,LANPD0000,2015,164.0,2017,1,,,,,,0,-2,0,1186.0,218165630.0,389476.0,1,30.451170290338812,560.1516653144224,6,6,0.5961214165261383,1,0,1,1,0,0,0,1,1,1,0,1,1,1,1,1,1,-2,1.0,0,0,2010,1,0,0,0,0,0,0,0,0,1,0,0,0,0,0,0,0,0,0,0,LA,South,,5.10594547390058,
New Orleans,LANPD0000,2016,174.0,2017,1,1171.0,232.0,3.53,397450.4249291785,29.462794012829647,0,-1,0,1186.0,218165630.0,389476.0,1,30.451170290338812,560.1516653144224,6,6,0.5961214165261383,1,0,1,1,0,0,0,1,1,1,0,1,1,1,1,1,1,-1,0.0,0,0,2010,1,0,0,0,0,0,0,0,0,0,1,0,0,0,0,0,0,0,0,0,LA,South,0.1485909479077711,5.1647859739235145,12.89282800417329
New Orleans,LANPD0000,2017,157.0,2017,1,1101.0,335.0,3.61,397783.93351800554,27.6783426183844,1,0,1,1186.0,218165630.0,389476.0,1,30.451170290338812,560.1516653144224,6,6,0.5961214165261383,1,0,1,1,0,0,0,1,1,1,0,1,1,1,1,1,1,0,1.0,0,0,2010,0,0,0,0,0,0,0,0,0,0,0,1,0,0,0,0,0,0,0,0,LA,South,0.142597638510445,5.062595033026967,12.893666770169933
New Orleans,LANPD0000,2018,147.0,2017,1,1209.0,248.0,3.68,395923.9130434783,30.536170212765956,1,1,1,1186.0,218165630.0,389476.0,1,30.451170290338812,560.1516653144224,6,6,0.5961214165261383,1,0,1,1,0,0,0,1,1,1,0,1,1,1,1,1,1,1,4.0,0,0,2010,0,0,0,0,0,0,0,0,0,0,0,0,1,0,0,0,0,0,0,0,LA,South,0.1215880893300248,4.997212273764115,12.88897985873113
New Orleans,LANPD0000,2019,121.0,2017,1,1154.0,294.0,3.67,394550.4087193461,29.248480662983425,1,2,1,1186.0,218165630.0,389476.0,1,30.451170290338812,560.1516653144224,6,6,0.5961214165261383,1,0,1,1,0,0,0,1,1,1,0,1,1,1,1,1,1,2,9.0,0,0,2010,0,0,0,0,0,0,0,0,0,0,0,0,0,1,0,0,0,0,0,0,LA,South,0.1048526863084922,4.804021044733257,12.885504724388497
New Orleans,LANPD0000,2020,193.0,2017,1,,,,,,1,3,1,1186.0,218165630.0,389476.0,1,30.451170290338812,560.1516653144224,6,6,0.5961214165261383,1,0,1,1,0,0,0,1,1,1,0,1,1,1,1,1,1,3,16.0,1,1,2020,0,0,0,0,0,0,0,0,0,0,0,0,0,0,1,0,0,0,0,0,LA,South,,5.267858159063328,
New Orleans,LANPD0000,2021,0.0,2017,1,,,,,,1,4,1,1186.0,218165630.0,389476.0,1,30.451170290338812,560.1516653144224,6,6,0.5961214165261383,1,0,1,1,0,0,0,1,1,1,0,1,1,1,1,1,1,4,25.0,0,1,2020,0,0,0,0,0,0,0,0,0,0,0,0,0,0,0,1,0,0,0,0,LA,South,,0.0,
New Orleans,LANPD0000,2022,0.0,2017,1,945.0,199.0,3.09,370226.5372168285,25.524912587412587,1,5,1,1186.0,218165630.0,389476.0,1,30.451170290338812,560.1516653144224,6,6,0.5961214165261383,1,0,1,1,0,0,0,1,1,1,0,1,1,1,1,1,1,5,36.0,0,1,2020,0,0,0,0,0,0,0,0,0,0,0,0,0,0,0,0,1,0,0,0,LA,South,0.0,0.0,12.821873061057529
New Orleans,LANPD0000,2023,0.0,2017,1,910.0,297.0,3.31,364652.5679758308,24.95526097763049,1,6,1,1186.0,218165630.0,389476.0,1,30.451170290338812,560.1516653144224,6,6,0.5961214165261383,1,0,1,1,0,0,0,1,1,1,0,1,1,1,1,1,1,6,49.0,0,1,2020,0,0,0,0,0,0,0,0,0,0,0,0,0,0,0,0,0,1,0,0,LA,South,0.0,0.0,12.806703053023307
New Orleans,LANPD0000,2024,0.0,2017,1,931.0,328.0,3.48,361781.6091954023,25.733756949960288,1,7,1,1186.0,218165630.0,389476.0,1,30.451170290338812,560.1516653144224,6,6,0.5961214165261383,1,0,1,1,0,0,0,1,1,1,0,1,1,1,1,1,1,7,64.0,0,1,2020,0,0,0,0,0,0,0,0,0,0,0,0,0,0,0,0,0,0,1,0,LA,South,0.0,0.0,12.798798783334773
New Orleans,LANPD0000,2025,0.0,2017,1,,,,,,1,8,1,1186.0,218165630.0,389476.0,1,30.451170290338812,560.1516653144224,6,6,0.5961214165261383,1,0,1,1,0,0,0,1,1,1,0,1,1,1,1,1,1,8,81.0,0,1,2020,0,0,0,0,0,0,0,0,0,0,0,0,0,0,0,0,0,0,0,1,LA,South,,0.0,
Albuquerque,NM0010100,2007,47.0,2013,1,986.0,398.0,2.7,512592.5925925926,19.235549132947977,0,-6,0,957.0,205348000.0,562540.0,1,17.012123582323035,365.0371529135706,8,7,1.0,1,1,1,1,1,0,0,1,1,1,1,1,1,1,1,1,1,-6,81.0,0,0,2000,0,1,0,0,0,0,0,0,0,0,0,0,0,0,0,0,0,0,0,0,NM,West,0.0476673427991886,3.871201010907891,13.147238593014617
Albuquerque,NM0010100,2008,38.0,2013,1,1029.0,459.0,2.82,527659.5744680851,19.501209677419357,0,-5,0,957.0,205348000.0,562540.0,1,17.012123582323035,365.0371529135706,8,7,1.0,1,1,1,1,1,0,0,1,1,1,1,1,1,1,1,1,1,-5,64.0,0,0,2000,0,0,1,0,0,0,0,0,0,0,0,0,0,0,0,0,0,0,0,0,NM,West,0.0369290573372206,3.6635616461296463,13.176208504584649
Albuquerque,NM0010100,2009,56.0,2013,1,1087.0,386.0,2.78,529856.1151079137,20.51500339443313,0,-4,0,957.0,205348000.0,562540.0,1,17.012123582323035,365.0371529135706,8,7,1.0,1,1,1,1,1,0,0,1,1,1,1,1,1,1,1,1,1,-4,49.0,0,0,2000,0,0,0,1,0,0,0,0,0,0,0,0,0,0,0,0,0,0,0,0,NM,West,0.0515179392824287,4.04305126783455,13.18036265504526
Albuquerque,NM0010100,2010,42.0,2013,1,1055.0,386.0,2.64,545833.3333333334,19.32824427480916,0,-3,0,957.0,205348000.0,562540.0,1,17.012123582323035,365.0371529135706,8,7,1.0,1,1,1,1,1,0,0,1,1,1,1,1,1,1,1,1,1,-3,36.0,0,0,2010,0,0,0,0,1,0,0,0,0,0,0,0,0,0,0,0,0,0,0,0,NM,West,0.0398104265402843,3.7612001156935624,13.210070789882824
Albuquerque,NM0010100,2011,38.0,2013,1,1027.0,389.0,2.57,550972.7626459145,18.63975988700565,0,-2,0,957.0,205348000.0,562540.0,1,17.012123582323035,365.0371529135706,8,7,1.0,1,1,1,1,1,0,0,1,1,1,1,1,1,1,1,1,1,-2,25.0,0,0,2010,0,0,0,0,0,1,0,0,0,0,0,0,0,0,0,0,0,0,0,0,NM,West,0.0370009737098344,3.6635616461296463,13.219442469298778
Albuquerque,NM0010100,2012,41.0,2013,1,999.0,414.0,2.55,554117.6470588236,18.02866242038216,0,-1,0,957.0,205348000.0,562540.0,1,17.012123582323035,365.0371529135706,8,7,1.0,1,1,1,1,1,0,0,1,1,1,1,1,1,1,1,1,1,-1,16.0,0,0,2010,0,0,0,0,0,0,1,0,0,0,0,0,0,0,0,0,0,0,0,0,NM,West,0.041041041041041,3.737669618283368,13.225134107165614
Albuquerque,NM0010100,2013,37.0,2013,1,,,,,,1,0,1,957.0,205348000.0,562540.0,1,17.012123582323035,365.0371529135706,8,7,1.0,1,1,1,1,1,0,0,1,1,1,1,1,1,1,1,1,1,0,9.0,0,0,2010,0,0,0,0,0,0,0,1,0,0,0,0,0,0,0,0,0,0,0,0,NM,West,,3.6375861597263857,
Albuquerque,NM0010100,2014,37.0,2013,1,864.0,437.0,2.33,558369.0987124463,15.473635664873177,1,1,1,957.0,205348000.0,562540.0,1,17.012123582323035,365.0371529135706,8,7,1.0,1,1,1,1,1,0,0,1,1,1,1,1,1,1,1,1,1,1,4.0,0,0,2010,1,0,0,0,0,0,0,0,1,0,0,0,0,0,0,0,0,0,0,0,NM,West,0.042824074074074,3.6375861597263857,13.232777280845482
Albuquerque,NM0010100,2015,50.0,2013,1,864.0,437.0,2.32,560775.8620689656,15.407225211375865,1,2,1,957.0,205348000.0,562540.0,1,17.012123582323035,365.0371529135706,8,7,1.0,1,1,1,1,1,0,0,1,1,1,1,1,1,1,1,1,1,2,1.0,0,0,2010,1,0,0,0,0,0,0,0,0,1,0,0,0,0,0,0,0,0,0,0,NM,West,0.0578703703703703,3.9318256327243257,13.237078355058491
Albuquerque,NM0010100,2016,45.0,2013,1,,,,,,1,3,1,957.0,205348000.0,562540.0,1,17.012123582323035,365.0371529135706,8,7,1.0,1,1,1,1,1,0,0,1,1,1,1,1,1,1,1,1,1,3,0.0,0,0,2010,1,0,0,0,0,0,0,0,0,0,1,0,0,0,0,0,0,0,0,0,NM,West,,3.828641396489095,
Albuquerque,NM0010100,2017,62.0,2013,1,,,,,,1,4,1,957.0,205348000.0,562540.0,1,17.012123582323035,365.0371529135706,8,7,1.0,1,1,1,1,1,0,0,1,1,1,1,1,1,1,1,1,1,4,1.0,0,0,2010,0,0,0,0,0,0,0,0,0,0,0,1,0,0,0,0,0,0,0,0,NM,West,,4.143134726391533,
Albuquerque,NM0010100,2018,69.0,2013,1,,,,,,1,5,1,957.0,205348000.0,562540.0,1,17.012123582323035,365.0371529135706,8,7,1.0,1,1,1,1,1,0,0,1,1,1,1,1,1,1,1,1,1,5,4.0,0,0,2010,0,0,0,0,0,0,0,0,0,0,0,0,1,0,0,0,0,0,0,0,NM,West,,4.248495242049359,
Albuquerque,NM0010100,2019,80.0,2013,1,908.0,556.0,2.61,560919.540229885,16.187704918032786,1,6,1,957.0,205348000.0,562540.0,1,17.012123582323035,365.0371529135706,8,7,1.0,1,1,1,1,1,0,0,1,1,1,1,1,1,1,1,1,1,6,9.0,0,0,2010,0,0,0,0,0,0,0,0,0,0,0,0,0,1,0,0,0,0,0,0,NM,West,0.0881057268722467,4.394449154672439,13.237334534954089
Albuquerque,NM0010100,2020,76.0,2013,1,,,,,,1,7,1,957.0,205348000.0,562540.0,1,17.012123582323035,365.0371529135706,8,7,1.0,1,1,1,1,1,0,0,1,1,1,1,1,1,1,1,1,1,7,16.0,1,1,2020,0,0,0,0,0,0,0,0,0,0,0,0,0,0,1,0,0,0,0,0,NM,West,,4.343805421853684,
Albuquerque,NM0010100,2021,125.0,2013,1,940.0,534.0,2.61,564750.9578544061,16.644504748982364,1,8,1,957.0,205348000.0,562540.0,1,17.012123582323035,365.0371529135706,8,7,1.0,1,1,1,1,1,0,0,1,1,1,1,1,1,1,1,1,1,8,25.0,0,1,2020,0,0,0,0,0,0,0,0,0,0,0,0,0,0,0,1,0,0,0,0,NM,West,0.1329787234042553,4.836281906951478,13.244141901087245
Albuquerque,NM0010100,2022,126.0,2013,1,899.0,584.0,2.65,559622.641509434,16.064396493594067,1,9,1,957.0,205348000.0,562540.0,1,17.012123582323035,365.0371529135706,8,7,1.0,1,1,1,1,1,0,0,1,1,1,1,1,1,1,1,1,1,9,36.0,0,1,2020,0,0,0,0,0,0,0,0,0,0,0,0,0,0,0,0,1,0,0,0,NM,West,0.1401557285873192,4.844187086458591,13.23501976803875
Albuquerque,NM0010100,2023,110.0,2013,1,881.0,694.0,2.82,558510.6382978724,15.774095238095237,1,10,1,957.0,205348000.0,562540.0,1,17.012123582323035,365.0371529135706,8,7,1.0,1,1,1,1,1,0,0,1,1,1,1,1,1,1,1,1,1,10,49.0,0,1,2020,0,0,0,0,0,0,0,0,0,0,0,0,0,0,0,0,0,1,0,0,NM,West,0.1248581157775255,4.709530201312334,13.233030735766436
Albuquerque,NM0010100,2024,106.0,2013,1,970.0,628.0,2.86,558741.2587412588,17.360450563204004,1,11,1,957.0,205348000.0,562540.0,1,17.012123582323035,365.0371529135706,8,7,1.0,1,1,1,1,1,0,0,1,1,1,1,1,1,1,1,1,1,11,64.0,0,1,2020,0,0,0,0,0,0,0,0,0,0,0,0,0,0,0,0,0,0,1,0,NM,West,0.1092783505154639,4.672828834461906,13.233443570212165
Albuquerque,NM0010100,2025,72.0,2013,1,,,,,,1,12,1,957.0,205348000.0,562540.0,1,17.012123582323035,365.0371529135706,8,7,1.0,1,1,1,1,1,0,0,1,1,1,1,1,1,1,1,1,1,12,81.0,0,1,2020,0,0,0,0,0,0,0,0,0,0,0,0,0,0,0,0,0,0,0,1,NM,West,,4.290459441148391,
Fresno,CA0100500,2007,52.0,2015,1,817.0,437.0,2.66,471428.5714285714,17.330303030303032,0,-8,0,785.0,209496000.0,530267.0,1,14.80386295960337,395.0764426223016,7,6,0.7898089171974523,1,1,1,1,1,0,0,0,1,1,0,1,1,1,1,1,1,-8,81.0,0,0,2000,0,1,0,0,0,0,0,0,0,0,0,0,0,0,0,0,0,0,0,0,CA,West,0.0636474908200734,3.970291913552122,13.063524998591268
Fresno,CA0100500,2008,40.0,2015,1,824.0,443.0,2.66,476315.7894736842,17.299447513812154,0,-7,0,785.0,209496000.0,530267.0,1,14.80386295960337,395.0764426223016,7,6,0.7898089171974523,1,1,1,1,1,0,0,0,1,1,0,1,1,1,1,1,1,-7,64.0,0,0,2000,0,0,1,0,0,0,0,0,0,0,0,0,0,0,0,0,0,0,0,0,CA,West,0.0485436893203883,3.713572066704308,13.07383843595498
Fresno,CA0100500,2009,42.0,2015,1,827.0,390.0,2.53,481027.66798418976,17.192358258011502,0,-6,0,785.0,209496000.0,530267.0,1,14.80386295960337,395.0764426223016,7,6,0.7898089171974523,1,1,1,1,1,0,0,0,1,1,0,1,1,1,1,1,1,-6,49.0,0,0,2000,0,0,0,1,0,0,0,0,0,0,0,0,0,0,0,0,0,0,0,0,CA,West,0.0507859733978234,3.7612001156935624,13.083682148110572
Fresno,CA0100500,2010,45.0,2015,1,793.0,214.0,2.04,493627.4509803921,16.06474677259186,0,-5,0,785.0,209496000.0,530267.0,1,14.80386295960337,395.0764426223016,7,6,0.7898089171974523,1,1,1,1,1,0,0,0,1,1,0,1,1,1,1,1,1,-5,36.0,0,0,2010,0,0,0,0,1,0,0,0,0,0,0,0,0,0,0,0,0,0,0,0,CA,West,0.0567465321563682,3.828641396489095,13.109538389661788
Fresno,CA0100500,2011,35.0,2015,1,751.0,201.0,1.9,501052.63157894736,14.98844537815126,0,-4,0,785.0,209496000.0,530267.0,1,14.80386295960337,395.0764426223016,7,6,0.7898089171974523,1,1,1,1,1,0,0,0,1,1,0,1,1,1,1,1,1,-4,25.0,0,0,2010,0,0,0,0,0,1,0,0,0,0,0,0,0,0,0,0,0,0,0,0,CA,West,0.0466045272969374,3.58351893845611,13.124468423397436
Fresno,CA0100500,2012,51.0,2015,1,736.0,198.0,1.85,504864.86486486485,14.578158458244111,0,-3,0,785.0,209496000.0,530267.0,1,14.80386295960337,395.0764426223016,7,6,0.7898089171974523,1,1,1,1,1,0,0,0,1,1,0,1,1,1,1,1,1,-3,16.0,0,0,2010,0,0,0,0,0,0,1,0,0,0,0,0,0,0,0,0,0,0,0,0,CA,West,0.0692934782608695,3.951243718581427,13.132048058846836
Fresno,CA0100500,2013,40.0,2015,1,701.0,199.0,1.77,508474.5762711864,13.786333333333332,0,-2,0,785.0,209496000.0,530267.0,1,14.80386295960337,395.0764426223016,7,6,0.7898089171974523,1,1,1,1,1,0,0,0,1,1,0,1,1,1,1,1,1,-2,9.0,0,0,2010,0,0,0,0,0,0,0,1,0,0,0,0,0,0,0,0,0,0,0,0,CA,West,0.0570613409415121,3.713572066704308,13.139172462385442
Fresno,CA0100500,2014,47.0,2015,1,708.0,239.0,1.85,511891.8918918919,13.83104540654699,0,-1,0,785.0,209496000.0,530267.0,1,14.80386295960337,395.0764426223016,7,6,0.7898089171974523,1,1,1,1,1,0,0,0,1,1,0,1,1,1,1,1,1,-1,4.0,0,0,2010,1,0,0,0,0,0,0,0,1,0,0,0,0,0,0,0,0,0,0,0,CA,West,0.0663841807909604,3.871201010907891,13.14587068661356
Fresno,CA0100500,2015,39.0,2015,1,702.0,257.0,1.84,521195.652173913,13.46903023983316,1,0,1,785.0,209496000.0,530267.0,1,14.80386295960337,395.0764426223016,7,6,0.7898089171974523,1,1,1,1,1,0,0,0,1,1,0,1,1,1,1,1,1,0,1.0,0,0,2010,1,0,0,0,0,0,0,0,0,1,0,0,0,0,0,0,0,0,0,0,CA,West,0.0555555555555555,3.688879454113936,13.163882700908117
Fresno,CA0100500,2016,39.0,2015,1,748.0,265.0,1.93,524870.4663212436,14.251135241855874,1,1,1,785.0,209496000.0,530267.0,1,14.80386295960337,395.0764426223016,7,6,0.7898089171974523,1,1,1,1,1,0,0,0,1,1,0,1,1,1,1,1,1,1,0.0,0,0,2010,1,0,0,0,0,0,0,0,0,0,1,0,0,0,0,0,0,0,0,0,CA,West,0.052139037433155,3.688879454113936,13.170908685544196
Fresno,CA0100500,2017,56.0,2015,1,786.0,273.0,2.01,526865.6716417911,14.918413597733707,1,2,1,785.0,209496000.0,530267.0,1,14.80386295960337,395.0764426223016,7,6,0.7898089171974523,1,1,1,1,1,0,0,0,1,1,0,1,1,1,1,1,1,2,1.0,0,0,2010,0,0,0,0,0,0,0,0,0,0,0,1,0,0,0,0,0,0,0,0,CA,West,0.0712468193384223,4.04305126783455,13.174702800527756
Fresno,CA0100500,2018,32.0,2015,1,811.0,252.0,2.0,531500.0,15.258701787394168,1,3,1,785.0,209496000.0,530267.0,1,14.80386295960337,395.0764426223016,7,6,0.7898089171974523,1,1,1,1,1,0,0,0,1,1,0,1,1,1,1,1,1,3,4.0,0,0,2010,0,0,0,0,0,0,0,0,0,0,0,0,1,0,0,0,0,0,0,0,CA,West,0.0394574599260172,3.49650756146648,13.183460358229915
Fresno,CA0100500,2019,35.0,2015,1,806.0,271.0,2.02,533168.3168316832,15.117177344475396,1,4,0,785.0,209496000.0,530267.0,1,14.80386295960337,395.0764426223016,7,6,0.7898089171974523,1,1,1,1,1,0,0,0,1,1,0,1,1,1,1,1,1,4,9.0,0,0,2010,0,0,0,0,0,0,0,0,0,0,0,0,0,1,0,0,0,0,0,0,CA,West,0.043424317617866,3.58351893845611,13.18659432030397
Fresno,CA0100500,2020,77.0,2015,1,788.0,238.0,1.92,534375.0,14.746198830409355,1,5,0,785.0,209496000.0,530267.0,1,14.80386295960337,395.0764426223016,7,6,0.7898089171974523,1,1,1,1,1,0,0,0,1,1,0,1,1,1,1,1,1,5,16.0,1,1,2020,0,0,0,0,0,0,0,0,0,0,0,0,0,0,1,0,0,0,0,0,CA,West,0.0977157360406091,4.356708826689592,13.18885499001644
Fresno,CA0100500,2021,73.0,2015,1,769.0,301.0,2.01,532338.3084577116,14.445700934579436,1,6,1,785.0,209496000.0,530267.0,1,14.80386295960337,395.0764426223016,7,6,0.7898089171974523,1,1,1,1,1,0,0,0,1,1,0,1,1,1,1,1,1,6,25.0,0,1,2020,0,0,0,0,0,0,0,0,0,0,0,0,0,0,0,1,0,0,0,0,CA,West,0.094928478543563,4.30406509320417,13.185036362870012
Fresno,CA0100500,2022,62.0,2015,1,825.0,325.0,2.1,547619.0476190476,15.065217391304348,1,7,1,785.0,209496000.0,530267.0,1,14.80386295960337,395.0764426223016,7,6,0.7898089171974523,1,1,1,1,1,0,0,0,1,1,0,1,1,1,1,1,1,7,36.0,0,1,2020,0,0,0,0,0,0,0,0,0,0,0,0,0,0,0,0,1,0,0,0,CA,West,0.0751515151515151,4.143134726391533,13.213336981695344
Fresno,CA0100500,2023,38.0,2015,1,849.0,369.0,2.23,546188.3408071749,15.544088669950735,1,8,1,785.0,209496000.0,530267.0,1,14.80386295960337,395.0764426223016,7,6,0.7898089171974523,1,1,1,1,1,0,0,0,1,1,0,1,1,1,1,1,1,8,49.0,0,1,2020,0,0,0,0,0,0,0,0,0,0,0,0,0,0,0,0,0,1,0,0,CA,West,0.0447585394581861,3.6635616461296463,13.210720972648556
Fresno,CA0100500,2024,32.0,2015,1,852.0,375.0,2.24,547767.857142857,15.554034229828854,1,9,1,785.0,209496000.0,530267.0,1,14.80386295960337,395.0764426223016,7,6,0.7898089171974523,1,1,1,1,1,0,0,0,1,1,0,1,1,1,1,1,1,9,64.0,0,1,2020,0,0,0,0,0,0,0,0,0,0,0,0,0,0,0,0,0,0,1,0,CA,West,0.0375586854460093,3.49650756146648,13.213608683415304
Fresno,CA0100500,2025,23.0,2015,1,,,,,,1,10,1,785.0,209496000.0,530267.0,1,14.80386295960337,395.0764426223016,7,6,0.7898089171974523,1,1,1,1,1,0,0,0,1,1,0,1,1,1,1,1,1,10,81.0,0,1,2020,0,0,0,0,0,0,0,0,0,0,0,0,0,0,0,0,0,0,0,1,CA,West,,3.1780538303479458,
Hartford,CT0006400,2007,31.0,2016,1,411.0,83.0,3.97,124433.24937027706,33.02975708502025,0,-9,0,424.0,44948288.0,121535.0,1,34.88706956843708,369.8382194429588,8,7,0.5306603773584906,1,1,1,1,1,0,0,1,1,1,1,1,1,1,1,1,1,-9,81.0,0,0,2000,0,1,0,0,0,0,0,0,0,0,0,0,0,0,0,0,0,0,0,0,CT,Northeast,0.0754257907542579,3.4657359027997265,11.731532737875916
Hartford,CT0006400,2008,31.0,2016,1,422.0,99.0,4.18,124641.14832535888,33.85719769673704,0,-8,0,424.0,44948288.0,121535.0,1,34.88706956843708,369.8382194429588,8,7,0.5306603773584906,1,1,1,1,1,0,0,1,1,1,1,1,1,1,1,1,1,-8,64.0,0,0,2000,0,0,1,0,0,0,0,0,0,0,0,0,0,0,0,0,0,0,0,0,CT,Northeast,0.0734597156398104,3.4657359027997265,11.733202097199284
Hartford,CT0006400,2009,33.0,2016,1,448.0,49.0,4.01,123940.14962593516,36.14647887323943,0,-7,0,424.0,44948288.0,121535.0,1,34.88706956843708,369.8382194429588,8,7,0.5306603773584906,1,1,1,1,1,0,0,1,1,1,1,1,1,1,1,1,1,-7,49.0,0,0,2000,0,0,0,1,0,0,0,0,0,0,0,0,0,0,0,0,0,0,0,0,CT,Northeast,0.0736607142857142,3.5263605246161616,11.727562132138202
Hartford,CT0006400,2010,26.0,2016,1,452.0,46.0,3.99,124812.03007518795,36.214457831325305,0,-6,0,424.0,44948288.0,121535.0,1,34.88706956843708,369.8382194429588,8,7,0.5306603773584906,1,1,1,1,1,0,0,1,1,1,1,1,1,1,1,1,1,-6,36.0,0,0,2010,0,0,0,0,1,0,0,0,0,0,0,0,0,0,0,0,0,0,0,0,CT,Northeast,0.0575221238938053,3.295836866004329,11.734572137121114
Hartford,CT0006400,2011,27.0,2016,1,440.0,71.0,4.09,124938.87530562349,35.217221135029355,0,-5,0,424.0,44948288.0,121535.0,1,34.88706956843708,369.8382194429588,8,7,0.5306603773584906,1,1,1,1,1,0,0,1,1,1,1,1,1,1,1,1,1,-5,25.0,0,0,2010,0,0,0,0,0,1,0,0,0,0,0,0,0,0,0,0,0,0,0,0,CT,Northeast,0.0613636363636363,3.332204510175204,11.735587903012997
Hartford,CT0006400,2012,23.0,2016,1,478.0,38.0,4.12,125242.71844660192,38.16589147286822,0,-4,0,424.0,44948288.0,121535.0,1,34.88706956843708,369.8382194429588,8,7,0.5306603773584906,1,1,1,1,1,0,0,1,1,1,1,1,1,1,1,1,1,-4,16.0,0,0,2010,0,0,0,0,0,0,1,0,0,0,0,0,0,0,0,0,0,0,0,0,CT,Northeast,0.0481171548117154,3.1780538303479458,11.738016865566513
Hartford,CT0006400,2013,23.0,2016,1,455.0,33.0,3.91,124808.1841432225,36.45594262295082,0,-3,0,424.0,44948288.0,121535.0,1,34.88706956843708,369.8382194429588,8,7,0.5306603773584906,1,1,1,1,1,0,0,1,1,1,1,1,1,1,1,1,1,-3,9.0,0,0,2010,0,0,0,0,0,0,0,1,0,0,0,0,0,0,0,0,0,0,0,0,CT,Northeast,0.0505494505494505,3.1780538303479458,11.734541323100991
Hartford,CT0006400,2014,19.0,2016,1,420.0,34.0,3.63,125068.87052341596,33.58149779735683,0,-2,0,424.0,44948288.0,121535.0,1,34.88706956843708,369.8382194429588,8,7,0.5306603773584906,1,1,1,1,1,0,0,1,1,1,1,1,1,1,1,1,1,-2,4.0,0,0,2010,1,0,0,0,0,0,0,0,1,0,0,0,0,0,0,0,0,0,0,0,CT,Northeast,0.0452380952380952,2.995732273553991,11.736627824309474
Hartford,CT0006400,2015,32.0,2016,1,413.0,45.0,3.68,124456.52173913045,33.184279475982535,0,-1,0,424.0,44948288.0,121535.0,1,34.88706956843708,369.8382194429588,8,7,0.5306603773584906,1,1,1,1,1,0,0,1,1,1,1,1,1,1,1,1,1,-1,1.0,0,0,2010,1,0,0,0,0,0,0,0,0,1,0,0,0,0,0,0,0,0,0,0,CT,Northeast,0.0774818401937046,3.49650756146648,11.7317197458177
Hartford,CT0006400,2016,14.0,2016,1,398.0,32.0,3.48,123563.2183908046,32.21023255813953,1,0,1,424.0,44948288.0,121535.0,1,34.88706956843708,369.8382194429588,8,7,0.5306603773584906,1,1,1,1,1,0,0,1,1,1,1,1,1,1,1,1,1,0,0.0,0,0,2010,1,0,0,0,0,0,0,0,0,0,1,0,0,0,0,0,0,0,0,0,CT,Northeast,0.0351758793969849,2.70805020110221,11.72451628687387
Hartford,CT0006400,2017,29.0,2016,1,390.0,45.0,3.54,122881.35593220338,31.73793103448276,1,1,1,424.0,44948288.0,121535.0,1,34.88706956843708,369.8382194429588,8,7,0.5306603773584906,1,1,1,1,1,0,0,1,1,1,1,1,1,1,1,1,1,1,1.0,0,0,2010,0,0,0,0,0,0,0,0,0,0,0,1,0,0,0,0,0,0,0,0,CT,Northeast,0.0743589743589743,3.4011973816621555,11.71898272082306
Hartford,CT0006400,2018,21.0,2016,1,394.0,31.0,3.45,123188.40579710144,31.983529411764707,1,2,1,424.0,44948288.0,121535.0,1,34.88706956843708,369.8382194429588,8,7,0.5306603773584906,1,1,1,1,1,0,0,1,1,1,1,1,1,1,1,1,1,2,4.0,0,0,2010,0,0,0,0,0,0,0,0,0,0,0,0,1,0,0,0,0,0,0,0,CT,Northeast,0.0532994923857868,3.091042453358316,11.721478334477396
Hartford,CT0006400,2019,21.0,2016,1,447.0,36.0,3.95,122278.48101265822,36.55590062111801,1,3,1,424.0,44948288.0,121535.0,1,34.88706956843708,369.8382194429588,8,7,0.5306603773584906,1,1,1,1,1,0,0,1,1,1,1,1,1,1,1,1,1,3,9.0,0,0,2010,0,0,0,0,0,0,0,0,0,0,0,0,0,1,0,0,0,0,0,0,CT,Northeast,0.046979865771812,3.091042453358316,11.71406453174207
Hartford,CT0006400,2020,24.0,2016,1,430.0,28.0,3.76,121808.51063829788,35.301310043668124,1,4,1,424.0,44948288.0,121535.0,1,34.88706956843708,369.8382194429588,8,7,0.5306603773584906,1,1,1,1,1,0,0,1,1,1,1,1,1,1,1,1,1,4,16.0,1,1,2020,0,0,0,0,0,0,0,0,0,0,0,0,0,0,1,0,0,0,0,0,CT,Northeast,0.055813953488372,3.218875824868201,11.710213715267807
Hartford,CT0006400,2021,41.0,2016,1,395.0,24.0,3.46,121098.26589595377,32.618138424821005,1,5,1,424.0,44948288.0,121535.0,1,34.88706956843708,369.8382194429588,8,7,0.5306603773584906,1,1,1,1,1,0,0,1,1,1,1,1,1,1,1,1,1,5,25.0,0,1,2020,0,0,0,0,0,0,0,0,0,0,0,0,0,0,0,1,0,0,0,0,CT,Northeast,0.1037974683544303,3.737669618283368,11.70436586755711
Hartford,CT0006400,2022,40.0,2016,1,391.0,24.0,3.45,120289.85507246376,32.50481927710843,1,6,1,424.0,44948288.0,121535.0,1,34.88706956843708,369.8382194429588,8,7,0.5306603773584906,1,1,1,1,1,0,0,1,1,1,1,1,1,1,1,1,1,6,36.0,0,1,2020,0,0,0,0,0,0,0,0,0,0,0,0,0,0,0,0,1,0,0,0,CT,Northeast,0.1023017902813299,3.713572066704308,11.697667881388025
Hartford,CT0006400,2023,37.0,2016,1,377.0,36.0,3.42,120760.23391812868,31.21888619854721,1,7,1,424.0,44948288.0,121535.0,1,34.88706956843708,369.8382194429588,8,7,0.5306603773584906,1,1,1,1,1,0,0,1,1,1,1,1,1,1,1,1,1,7,49.0,0,1,2020,0,0,0,0,0,0,0,0,0,0,0,0,0,0,0,0,0,1,0,0,CT,Northeast,0.0981432360742705,3.6375861597263857,11.70157060170604
Hartford,CT0006400,2024,22.0,2016,1,363.0,26.0,3.25,119692.3076923077,30.327763496143955,1,8,1,424.0,44948288.0,121535.0,1,34.88706956843708,369.8382194429588,8,7,0.5306603773584906,1,1,1,1,1,0,0,1,1,1,1,1,1,1,1,1,1,8,64.0,0,1,2020,0,0,0,0,0,0,0,0,0,0,0,0,0,0,0,0,0,0,1,0,CT,Northeast,0.0606060606060606,3.1354942159291497,11.69268798097982
Hartford,CT0006400,2025,11.0,2016,1,,,,,,1,9,1,424.0,44948288.0,121535.0,1,34.88706956843708,369.8382194429588,8,7,0.5306603773584906,1,1,1,1,1,0,0,1,1,1,1,1,1,1,1,1,1,9,81.0,0,1,2020,0,0,0,0,0,0,0,0,0,0,0,0,0,0,0,0,0,0,0,1,CT,Northeast,,2.4849066497880004,
Newark,NJNPD0000,2007,104.0,2018,1,1227.0,396.0,5.79,280310.8808290156,43.772828096118296,0,-11,0,1018.0,220436453.0,282520.0,1,36.03284723205437,780.2507893246495,10,6,1.0,1,1,1,1,1,1,1,1,1,1,0,1,1,1,1,1,1,-11,81.0,0,0,2000,0,1,0,0,0,0,0,0,0,0,0,0,0,0,0,0,0,0,0,0,NJ,Northeast,0.0847595762021189,4.653960350157523,12.543658122373111
Newark,NJNPD0000,2008,67.0,2018,1,1317.0,390.0,6.1,279836.0655737705,47.063268892794376,0,-10,0,1018.0,220436453.0,282520.0,1,36.03284723205437,780.2507893246495,10,6,1.0,1,1,1,1,1,1,1,1,1,1,0,1,1,1,1,1,1,-10,64.0,0,0,2000,0,0,1,0,0,0,0,0,0,0,0,0,0,0,0,0,0,0,0,0,NJ,Northeast,0.0508731966590736,4.219507705176107,12.541962804111725
Newark,NJNPD0000,2009,80.0,2018,1,1297.0,374.0,5.98,279431.4381270903,46.415679233991625,0,-9,0,1018.0,220436453.0,282520.0,1,36.03284723205437,780.2507893246495,10,6,1.0,1,1,1,1,1,1,1,1,1,1,0,1,1,1,1,1,1,-9,49.0,0,0,2000,0,0,0,1,0,0,0,0,0,0,0,0,0,0,0,0,0,0,0,0,NJ,Northeast,0.061680801850424,4.394449154672439,12.540515818303978
Newark,NJNPD0000,2010,90.0,2018,1,1308.0,358.0,6.01,277204.6589018303,47.18535414165665,0,-8,0,1018.0,220436453.0,282520.0,1,36.03284723205437,780.2507893246495,10,6,1.0,1,1,1,1,1,1,1,1,1,1,0,1,1,1,1,1,1,-8,36.0,0,0,2010,0,0,0,0,1,0,0,0,0,0,0,0,0,0,0,0,0,0,0,0,NJ,Northeast,0.0688073394495412,4.51085950651685,12.53251496059828
Newark,NJNPD0000,2011,94.0,2018,1,1095.0,114.0,4.35,277931.03448275867,39.39826302729528,0,-7,0,1018.0,220436453.0,282520.0,1,36.03284723205437,780.2507893246495,10,6,1.0,1,1,1,1,1,1,1,1,1,1,0,1,1,1,1,1,1,-7,25.0,0,0,2010,0,0,0,0,0,1,0,0,0,0,0,0,0,0,0,0,0,0,0,0,NJ,Northeast,0.0858447488584474,4.553876891600541,12.535131882504754
Newark,NJNPD0000,2012,96.0,2018,1,1062.0,260.0,4.74,278902.95358649787,38.07776096822996,0,-6,0,1018.0,220436453.0,282520.0,1,36.03284723205437,780.2507893246495,10,6,1.0,1,1,1,1,1,1,1,1,1,1,0,1,1,1,1,1,1,-6,16.0,0,0,2010,0,0,0,0,0,0,1,0,0,0,0,0,0,0,0,0,0,0,0,0,NJ,Northeast,0.0903954802259887,4.574710978503383,12.538622749156906
Newark,NJNPD0000,2013,112.0,2018,1,1007.0,269.0,4.59,277995.64270152507,36.22358934169279,0,-5,0,1018.0,220436453.0,282520.0,1,36.03284723205437,780.2507893246495,10,6,1.0,1,1,1,1,1,1,1,1,1,1,0,1,1,1,1,1,1,-5,9.0,0,0,2010,0,0,0,0,0,0,0,1,0,0,0,0,0,0,0,0,0,0,0,0,NJ,Northeast,0.1112214498510427,4.727387818712341,12.535364315986632
Newark,NJNPD0000,2014,95.0,2018,1,1014.0,298.0,4.7,279148.93617021275,36.32469512195122,0,-4,0,1018.0,220436453.0,282520.0,1,36.03284723205437,780.2507893246495,10,6,1.0,1,1,1,1,1,1,1,1,1,1,0,1,1,1,1,1,1,-4,4.0,0,0,2010,1,0,0,0,0,0,0,0,1,0,0,0,0,0,0,0,0,0,0,0,NJ,Northeast,0.0936883629191321,4.564348191467836,12.539504322080814
Newark,NJNPD0000,2015,95.0,2018,1,1033.0,170.0,4.28,281074.7663551402,36.751787198669994,0,-3,0,1018.0,220436453.0,282520.0,1,36.03284723205437,780.2507893246495,10,6,1.0,1,1,1,1,1,1,1,1,1,1,0,1,1,1,1,1,1,-3,1.0,0,0,2010,1,0,0,0,0,0,0,0,0,1,0,0,0,0,0,0,0,0,0,0,NJ,Northeast,0.0919651500484027,4.564348191467836,12.546379543129015
Newark,NJNPD0000,2016,101.0,2018,1,1113.0,270.0,4.91,281670.0610997963,39.514316702819954,0,-2,0,1018.0,220436453.0,282520.0,1,36.03284723205437,780.2507893246495,10,6,1.0,1,1,1,1,1,1,1,1,1,1,0,1,1,1,1,1,1,-2,0.0,0,0,2010,1,0,0,0,0,0,0,0,0,0,1,0,0,0,0,0,0,0,0,0,NJ,Northeast,0.0907457322551662,4.624972813284271,12.548495219087236
Newark,NJNPD0000,2017,77.0,2018,1,1171.0,320.0,5.26,283460.07604562736,41.31093226022803,0,-1,0,1018.0,220436453.0,282520.0,1,36.03284723205437,780.2507893246495,10,6,1.0,1,1,1,1,1,1,1,1,1,1,0,1,1,1,1,1,1,-1,1.0,0,0,2010,0,0,0,0,0,0,0,0,0,0,0,1,0,0,0,0,0,0,0,0,NJ,Northeast,0.0657557643040136,4.356708826689592,12.554830094824704
Newark,NJNPD0000,2018,75.0,2018,1,1155.0,335.0,5.28,282196.9696969697,40.92885906040268,1,0,1,1018.0,220436453.0,282520.0,1,36.03284723205437,780.2507893246495,10,6,1.0,1,1,1,1,1,1,1,1,1,1,0,1,1,1,1,1,1,0,4.0,0,0,2010,0,0,0,0,0,0,0,0,0,0,0,0,1,0,0,0,0,0,0,0,NJ,Northeast,0.0649350649350649,4.330733340286331,12.550364123821357
Newark,NJNPD0000,2019,57.0,2018,1,1187.0,346.0,5.45,281284.40366972476,42.19928245270711,1,1,1,1018.0,220436453.0,282520.0,1,36.03284723205437,780.2507893246495,10,6,1.0,1,1,1,1,1,1,1,1,1,1,0,1,1,1,1,1,1,1,9.0,0,0,2010,0,0,0,0,0,0,0,0,0,0,0,0,0,1,0,0,0,0,0,0,NJ,Northeast,0.0480202190395956,4.060443010546419,12.547125104293157
Newark,NJNPD0000,2020,57.0,2018,1,1062.0,345.0,4.99,281963.9278557114,37.664392324093825,1,2,1,1018.0,220436453.0,282520.0,1,36.03284723205437,780.2507893246495,10,6,1.0,1,1,1,1,1,1,1,1,1,1,0,1,1,1,1,1,1,2,16.0,1,1,2020,0,0,0,0,0,0,0,0,0,0,0,0,0,0,1,0,0,0,0,0,NJ,Northeast,0.0536723163841807,4.060443010546419,12.54953797287976
Newark,NJNPD0000,2021,61.0,2018,1,1032.0,305.0,4.53,295143.48785871966,34.96604338070306,1,3,1,1018.0,220436453.0,282520.0,1,36.03284723205437,780.2507893246495,10,6,1.0,1,1,1,1,1,1,1,1,1,1,0,1,1,1,1,1,1,3,25.0,0,1,2020,0,0,0,0,0,0,0,0,0,0,0,0,0,0,0,1,0,0,0,0,NJ,Northeast,0.0591085271317829,4.127134385045092,12.595220304765895
Newark,NJNPD0000,2022,52.0,2018,1,1118.0,205.0,4.35,304137.9310344828,36.759637188208615,1,4,1,1018.0,220436453.0,282520.0,1,36.03284723205437,780.2507893246495,10,6,1.0,1,1,1,1,1,1,1,1,1,1,0,1,1,1,1,1,1,4,36.0,0,1,2020,0,0,0,0,0,0,0,0,0,0,0,0,0,0,0,0,1,0,0,0,NJ,Northeast,0.0465116279069767,3.970291913552122,12.625239885972954
Newark,NJNPD0000,2023,54.0,2018,1,1078.0,183.0,4.15,303855.421686747,35.47739888977002,1,5,1,1018.0,220436453.0,282520.0,1,36.03284723205437,780.2507893246495,10,6,1.0,1,1,1,1,1,1,1,1,1,1,0,1,1,1,1,1,1,5,49.0,0,1,2020,0,0,0,0,0,0,0,0,0,0,0,0,0,0,0,0,0,1,0,0,NJ,Northeast,0.0500927643784786,4.007333185232471,12.624310571737892
Newark,NJNPD0000,2024,42.0,2018,1,1067.0,303.0,4.42,309954.7511312217,34.4243795620438,1,6,1,1018.0,220436453.0,282520.0,1,36.03284723205437,780.2507893246495,10,6,1.0,1,1,1,1,1,1,1,1,1,1,0,1,1,1,1,1,1,6,64.0,0,1,2020,0,0,0,0,0,0,0,0,0,0,0,0,0,0,0,0,0,0,1,0,NJ,Northeast,0.0393626991565135,3.7612001156935624,12.64418482798687
Newark,NJNPD0000,2025,33.0,2018,1,,,,,,1,7,1,1018.0,220436453.0,282520.0,1,36.03284723205437,780.2507893246495,10,6,1.0,1,1,1,1,1,1,1,1,1,1,0,1,1,1,1,1,1,7,81.0,0,1,2020,0,0,0,0,0,0,0,0,0,0,0,0,0,0,0,0,0,0,0,1,NJ,Northeast,,3.5263605246161616,
Memphis,TNMPD0000,2007,131.0,2008,1,2056.0,473.0,3.78,669047.619047619,30.730249110320287,0,-1,0,2043.0,281479500.0,649705.0,1,31.44504044143111,433.2420098352329,9,7,0.9226627508565834,1,1,1,1,1,0,1,1,1,1,1,1,1,1,1,1,1,-1,81.0,0,0,2000,0,1,0,0,0,0,0,0,0,0,0,0,0,0,0,0,0,0,0,0,TN,South,0.0637159533073929,4.882801922586371,13.41361201068141
Memphis,TNMPD0000,2008,138.0,2008,1,2098.0,425.0,3.75,672800.0,31.18311533888228,1,0,1,2043.0,281479500.0,649705.0,1,31.44504044143111,433.2420098352329,9,7,0.9226627508565834,1,1,1,1,1,0,1,1,1,1,1,1,1,1,1,1,1,0,64.0,0,0,2000,0,0,1,0,0,0,0,0,0,0,0,0,0,0,0,0,0,0,0,0,TN,South,0.0657769304099142,4.9344739331306915,13.419204873965574
Memphis,TNMPD0000,2009,132.0,2008,1,2202.0,522.0,4.08,667647.0588235294,32.98149779735683,1,1,1,2043.0,281479500.0,649705.0,1,31.44504044143111,433.2420098352329,9,7,0.9226627508565834,1,1,1,1,1,0,1,1,1,1,1,1,1,1,1,1,1,1,49.0,0,0,2000,0,0,0,1,0,0,0,0,0,0,0,0,0,0,0,0,0,0,0,0,TN,South,0.0599455040871934,4.890349128221754,13.411516455631704
Memphis,TNMPD0000,2010,89.0,2008,1,2335.0,440.0,4.29,646853.1468531468,36.09783783783784,1,2,1,2043.0,281479500.0,649705.0,1,31.44504044143111,433.2420098352329,9,7,0.9226627508565834,1,1,1,1,1,0,1,1,1,1,1,1,1,1,1,1,1,2,36.0,0,0,2010,0,0,0,0,1,0,0,0,0,0,0,0,0,0,0,0,0,0,0,0,TN,South,0.0381156316916488,4.499809670330265,13.379876118167497
Memphis,TNMPD0000,2011,117.0,2008,1,2454.0,401.0,4.37,653318.0778032037,37.56210157618214,1,3,1,2043.0,281479500.0,649705.0,1,31.44504044143111,433.2420098352329,9,7,0.9226627508565834,1,1,1,1,1,0,1,1,1,1,1,1,1,1,1,1,1,3,25.0,0,0,2010,0,0,0,0,0,1,0,0,0,0,0,0,0,0,0,0,0,0,0,0,TN,South,0.0476772616136919,4.770684624465665,13.389820922611564
Memphis,TNMPD0000,2012,134.0,2008,1,2416.0,410.0,4.3,657209.3023255814,36.76150035385704,1,4,1,2043.0,281479500.0,649705.0,1,31.44504044143111,433.2420098352329,9,7,0.9226627508565834,1,1,1,1,1,0,1,1,1,1,1,1,1,1,1,1,1,4,16.0,0,0,2010,0,0,0,0,0,0,1,0,0,0,0,0,0,0,0,0,0,0,0,0,TN,South,0.0554635761589403,4.90527477843843,13.395759341111216
Memphis,TNMPD0000,2013,125.0,2008,1,2319.0,375.0,4.1,657073.1707317074,35.29287305122494,1,5,1,2043.0,281479500.0,649705.0,1,31.44504044143111,433.2420098352329,9,7,0.9226627508565834,1,1,1,1,1,0,1,1,1,1,1,1,1,1,1,1,1,5,9.0,0,0,2010,0,0,0,0,0,0,0,1,0,0,0,0,0,0,0,0,0,0,0,0,TN,South,0.0539025442000862,4.836281906951478,13.395552184141543
Memphis,TNMPD0000,2014,143.0,2008,1,2233.0,339.0,3.93,654452.9262086514,34.12010108864697,1,6,1,2043.0,281479500.0,649705.0,1,31.44504044143111,433.2420098352329,9,7,0.9226627508565834,1,1,1,1,1,0,1,1,1,1,1,1,1,1,1,1,1,6,4.0,0,0,2010,1,0,0,0,0,0,0,0,1,0,0,0,0,0,0,0,0,0,0,0,TN,South,0.064039408866995,4.969813299576001,13.391556466451089
Memphis,TNMPD0000,2015,138.0,2008,1,2040.0,349.0,3.63,658126.7217630855,30.997069903725407,1,7,1,2043.0,281479500.0,649705.0,1,31.44504044143111,433.2420098352329,9,7,0.9226627508565834,1,1,1,1,1,0,1,1,1,1,1,1,1,1,1,1,1,7,1.0,0,0,2010,1,0,0,0,0,0,0,0,0,1,0,0,0,0,0,0,0,0,0,0,TN,South,0.0676470588235294,4.9344739331306915,13.397154297494245
Memphis,TNMPD0000,2016,202.0,2008,1,1978.0,407.0,3.63,657024.7933884298,30.10540880503144,1,8,1,2043.0,281479500.0,649705.0,1,31.44504044143111,433.2420098352329,9,7,0.9226627508565834,1,1,1,1,1,0,1,1,1,1,1,1,1,1,1,1,1,8,0.0,0,0,2010,1,0,0,0,0,0,0,0,0,0,1,0,0,0,0,0,0,0,0,0,TN,South,0.102123356926188,5.313205979041787,13.39547855603924
Memphis,TNMPD0000,2017,186.0,2008,1,1972.0,529.0,3.83,653002.6109660574,30.198960415833668,1,9,1,2043.0,281479500.0,649705.0,1,31.44504044143111,433.2420098352329,9,7,0.9226627508565834,1,1,1,1,1,0,1,1,1,1,1,1,1,1,1,1,1,9,1.0,0,0,2010,0,0,0,0,0,0,0,0,0,0,0,1,0,0,0,0,0,0,0,0,TN,South,0.0943204868154158,5.231108616854587,13.389337938053474
Memphis,TNMPD0000,2018,188.0,2008,1,1995.0,610.0,3.99,652882.2055137844,30.556813819577737,1,10,1,2043.0,281479500.0,649705.0,1,31.44504044143111,433.2420098352329,9,7,0.9226627508565834,1,1,1,1,1,0,1,1,1,1,1,1,1,1,1,1,1,10,4.0,0,0,2010,0,0,0,0,0,0,0,0,0,0,0,0,1,0,0,0,0,0,0,0,TN,South,0.094235588972431,5.241747015059643,13.389153533936526
Memphis,TNMPD0000,2019,196.0,2008,1,2058.0,577.0,4.05,650617.2839506173,31.6314990512334,1,11,1,2043.0,281479500.0,649705.0,1,31.44504044143111,433.2420098352329,9,7,0.9226627508565834,1,1,1,1,1,0,1,1,1,1,1,1,1,1,1,1,1,11,9.0,0,0,2010,0,0,0,0,0,0,0,0,0,0,0,0,0,1,0,0,0,0,0,0,TN,South,0.0952380952380952,5.2832037287379885,13.385678395839868
Memphis,TNMPD0000,2020,292.0,2008,1,2064.0,499.0,3.94,650507.614213198,31.72906749902458,1,12,1,2043.0,281479500.0,649705.0,1,31.44504044143111,433.2420098352329,9,7,0.9226627508565834,1,1,1,1,1,0,1,1,1,1,1,1,1,1,1,1,1,12,16.0,1,1,2020,0,0,0,0,0,0,0,0,0,0,0,0,0,0,1,0,0,0,0,0,TN,South,0.1414728682170542,5.680172609017068,13.385509819296209
Memphis,TNMPD0000,2021,307.0,2008,1,2027.0,419.0,3.77,648806.3660477453,31.24198691741619,1,13,1,2043.0,281479500.0,649705.0,1,31.44504044143111,433.2420098352329,9,7,0.9226627508565834,1,1,1,1,1,0,1,1,1,1,1,1,1,1,1,1,1,13,25.0,0,1,2020,0,0,0,0,0,0,0,0,0,0,0,0,0,0,0,1,0,0,0,0,TN,South,0.1514553527380365,5.730099782973574,13.382891135060053
Memphis,TNMPD0000,2022,253.0,2008,1,1904.0,557.0,3.94,624619.2893401015,30.48256806176351,1,14,1,2043.0,281479500.0,649705.0,1,31.44504044143111,433.2420098352329,9,7,0.9226627508565834,1,1,1,1,1,0,1,1,1,1,1,1,1,1,1,1,1,14,36.0,0,1,2020,0,0,0,0,0,0,0,0,0,0,0,0,0,0,0,0,1,0,0,0,TN,South,0.1328781512605042,5.537334267018537,13.34489920703728
Memphis,TNMPD0000,2023,351.0,2008,1,1945.0,497.0,3.96,616666.6666666666,31.54054054054054,1,15,1,2043.0,281479500.0,649705.0,1,31.44504044143111,433.2420098352329,9,7,0.9226627508565834,1,1,1,1,1,0,1,1,1,1,1,1,1,1,1,1,1,15,49.0,0,1,2020,0,0,0,0,0,0,0,0,0,0,0,0,0,0,0,0,0,1,0,0,TN,South,0.1804627249357326,5.863631175598097,13.332085530006704
Memphis,TNMPD0000,2024,251.0,2008,1,1995.0,412.0,3.93,612468.1933842239,32.57312006647279,1,16,1,2043.0,281479500.0,649705.0,1,31.44504044143111,433.2420098352329,9,7,0.9226627508565834,1,1,1,1,1,0,1,1,1,1,1,1,1,1,1,1,1,16,64.0,0,1,2020,0,0,0,0,0,0,0,0,0,0,0,0,0,0,0,0,0,0,1,0,TN,South,0.1258145363408521,5.529429087511423,13.325253923620554
Memphis,TNMPD0000,2025,189.0,2008,1,,,,,,1,17,1,2043.0,281479500.0,649705.0,1,31.44504044143111,433.2420098352329,9,7,0.9226627508565834,1,1,1,1,1,0,1,1,1,1,1,1,1,1,1,1,1,17,81.0,0,1,2020,0,0,0,0,0,0,0,0,0,0,0,0,0,0,0,0,0,0,0,1,TN,South,,5.247024072160486,
Baltimore,MDBPD0000,2007,282.0,2013,1,2963.0,721.0,5.9,624406.7796610169,47.45304017372422,0,-6,0,2448.0,549959519.0,586131.0,1,41.76540739186291,938.2877189570248,9,6,0.9644607843137256,1,1,1,1,1,0,1,1,1,1,0,1,1,1,1,1,1,-6,81.0,0,0,2000,0,1,0,0,0,0,0,0,0,0,0,0,0,0,0,0,0,0,0,0,MD,South,0.0951738103273709,5.645446897643238,13.344558926964464
Baltimore,MDBPD0000,2008,235.0,2013,1,2998.0,680.0,5.8,634137.9310344828,47.276780859162585,0,-5,0,2448.0,549959519.0,586131.0,1,41.76540739186291,938.2877189570248,9,6,0.9644607843137256,1,1,1,1,1,0,1,1,1,1,0,1,1,1,1,1,1,-5,64.0,0,0,2000,0,0,1,0,0,0,0,0,0,0,0,0,0,0,0,0,0,0,0,0,MD,South,0.0783855903935957,5.4638318050256105,13.360023343536778
Baltimore,MDBPD0000,2009,238.0,2013,1,3013.0,573.0,5.61,639215.6862745098,47.13588957055215,0,-4,0,2448.0,549959519.0,586131.0,1,41.76540739186291,938.2877189570248,9,6,0.9644607843137256,1,1,1,1,1,0,1,1,1,1,0,1,1,1,1,1,1,-4,49.0,0,0,2000,0,0,0,1,0,0,0,0,0,0,0,0,0,0,0,0,0,0,0,0,MD,South,0.0789910388317291,5.476463551931511,13.367998778028564
Baltimore,MDBPD0000,2010,223.0,2013,1,2960.0,543.0,5.64,621099.2907801418,47.65743648301456,0,-3,0,2448.0,549959519.0,586131.0,1,41.76540739186291,938.2877189570248,9,6,0.9644607843137256,1,1,1,1,1,0,1,1,1,1,0,1,1,1,1,1,1,-3,36.0,0,0,2010,0,0,0,0,1,0,0,0,0,0,0,0,0,0,0,0,0,0,0,0,MD,South,0.0753378378378378,5.41164605185504,13.33924784671689
Baltimore,MDBPD0000,2011,197.0,2013,1,2931.0,539.0,5.54,626353.7906137184,46.794639769452445,0,-2,0,2448.0,549959519.0,586131.0,1,41.76540739186291,938.2877189570248,9,6,0.9644607843137256,1,1,1,1,1,0,1,1,1,1,0,1,1,1,1,1,1,-2,25.0,0,0,2010,0,0,0,0,0,1,0,0,0,0,0,0,0,0,0,0,0,0,0,0,MD,South,0.0672125554418287,5.288267030694535,13.34767224770436
Baltimore,MDBPD0000,2012,221.0,2013,1,2962.0,380.0,5.34,625842.6966292135,47.328186714542184,0,-1,0,2448.0,549959519.0,586131.0,1,41.76540739186291,938.2877189570248,9,6,0.9644607843137256,1,1,1,1,1,0,1,1,1,1,0,1,1,1,1,1,1,-1,16.0,0,0,2010,0,0,0,0,0,0,1,0,0,0,0,0,0,0,0,0,0,0,0,0,MD,South,0.0746117488183659,5.402677381872279,13.346855933009698
Baltimore,MDBPD0000,2013,232.0,2013,1,2829.0,391.0,5.17,622823.9845261122,45.42214285714286,1,0,1,2448.0,549959519.0,586131.0,1,41.76540739186291,938.2877189570248,9,6,0.9644607843137256,1,1,1,1,1,0,1,1,1,1,0,1,1,1,1,1,1,0,9.0,0,0,2010,0,0,0,0,0,0,0,1,0,0,0,0,0,0,0,0,0,0,0,0,MD,South,0.0820077765995051,5.4510384535657,13.342020834589029
Baltimore,MDBPD0000,2014,190.0,2013,1,2779.0,377.0,5.06,623715.4150197629,44.55557667934093,1,1,1,2448.0,549959519.0,586131.0,1,41.76540739186291,938.2877189570248,9,6,0.9644607843137256,1,1,1,1,1,0,1,1,1,1,0,1,1,1,1,1,1,1,4.0,0,0,2010,1,0,0,0,0,0,0,0,1,0,0,0,0,0,0,0,0,0,0,0,MD,South,0.0683699172364159,5.25227342804663,13.343451080942554
Baltimore,MDBPD0000,2015,279.0,2013,1,2646.0,314.0,4.76,621848.7394957984,42.55054054054054,1,2,1,2448.0,549959519.0,586131.0,1,41.76540739186291,938.2877189570248,9,6,0.9644607843137256,1,1,1,1,1,0,1,1,1,1,0,1,1,1,1,1,1,2,1.0,0,0,2010,1,0,0,0,0,0,0,0,0,1,0,0,0,0,0,0,0,0,0,0,MD,South,0.1054421768707483,5.634789603169249,13.34045376616373
Baltimore,MDBPD0000,2016,299.0,2013,1,2512.0,396.0,4.7,618723.4042553192,40.599724896836314,1,3,1,2448.0,549959519.0,586131.0,1,41.76540739186291,938.2877189570248,9,6,0.9644607843137256,1,1,1,1,1,0,1,1,1,1,0,1,1,1,1,1,1,3,0.0,0,0,2010,1,0,0,0,0,0,0,0,0,0,1,0,0,0,0,0,0,0,0,0,MD,South,0.1190286624203821,5.703782474656201,13.335415225149315
Baltimore,MDBPD0000,2017,309.0,2013,1,2516.0,421.0,4.79,613152.4008350731,41.033844058563155,1,4,1,2448.0,549959519.0,586131.0,1,41.76540739186291,938.2877189570248,9,6,0.9644607843137256,1,1,1,1,1,0,1,1,1,1,0,1,1,1,1,1,1,4,1.0,0,0,2010,0,0,0,0,0,0,0,0,0,0,0,1,0,0,0,0,0,0,0,0,MD,South,0.1228139904610492,5.736572297479192,13.326370429672505
Baltimore,MDBPD0000,2018,294.0,2013,1,2488.0,447.0,4.85,605154.6391752579,41.11345826235093,1,5,1,2448.0,549959519.0,586131.0,1,41.76540739186291,938.2877189570248,9,6,0.9644607843137256,1,1,1,1,1,0,1,1,1,1,0,1,1,1,1,1,1,5,4.0,0,0,2010,0,0,0,0,0,0,0,0,0,0,0,0,1,0,0,0,0,0,0,0,MD,South,0.1181672025723472,5.68697535633982,13.313240958763764
Baltimore,MDBPD0000,2019,350.0,2013,1,2465.0,475.0,4.92,597560.9756097561,41.251020408163264,1,6,1,2448.0,549959519.0,586131.0,1,41.76540739186291,938.2877189570248,9,6,0.9644607843137256,1,1,1,1,1,0,1,1,1,1,0,1,1,1,1,1,1,6,9.0,0,0,2010,0,0,0,0,0,0,0,0,0,0,0,0,0,1,0,0,0,0,0,0,MD,South,0.1419878296146044,5.860786223465865,13.300613282278634
Baltimore,MDBPD0000,2020,334.0,2013,1,2465.0,475.0,4.99,589178.3567134268,41.83792517006803,1,7,1,2448.0,549959519.0,586131.0,1,41.76540739186291,938.2877189570248,9,6,0.9644607843137256,1,1,1,1,1,0,1,1,1,1,0,1,1,1,1,1,1,7,16.0,1,1,2020,0,0,0,0,0,0,0,0,0,0,0,0,0,0,1,0,0,0,0,0,MD,South,0.1354969574036511,5.814130531825066,13.286485926828908
Baltimore,MDBPD0000,2021,174.0,2013,1,2360.0,483.0,4.81,591060.291060291,39.9282448118185,1,8,1,2448.0,549959519.0,586131.0,1,41.76540739186291,938.2877189570248,9,6,0.9644607843137256,1,1,1,1,1,0,1,1,1,1,0,1,1,1,1,1,1,8,25.0,0,1,2020,0,0,0,0,0,0,0,0,0,0,0,0,0,0,0,1,0,0,0,0,MD,South,0.073728813559322,5.1647859739235145,13.289674998388817
Baltimore,MDBPD0000,2022,326.0,2013,1,2360.0,483.0,4.98,570883.5341365462,41.339430179387975,1,9,1,2448.0,549959519.0,586131.0,1,41.76540739186291,938.2877189570248,9,6,0.9644607843137256,1,1,1,1,1,0,1,1,1,1,0,1,1,1,1,1,1,9,36.0,0,1,2020,0,0,0,0,0,0,0,0,0,0,0,0,0,0,0,0,1,0,0,0,MD,South,0.1381355932203389,5.7899601708972535,13.254942251265811
Baltimore,MDBPD0000,2023,246.0,2013,1,2047.0,474.0,4.46,565246.6367713005,36.214280047600155,1,10,1,2448.0,549959519.0,586131.0,1,41.76540739186291,938.2877189570248,9,6,0.9644607843137256,1,1,1,1,1,0,1,1,1,1,0,1,1,1,1,1,1,10,49.0,0,1,2020,0,0,0,0,0,0,0,0,0,0,0,0,0,0,0,0,0,1,0,0,MD,South,0.1201758671226184,5.5093883366279774,13.24501920927575
Baltimore,MDBPD0000,2024,193.0,2013,1,1986.0,527.0,4.43,567268.6230248307,35.00986868284919,1,11,1,2448.0,549959519.0,586131.0,1,41.76540739186291,938.2877189570248,9,6,0.9644607843137256,1,1,1,1,1,0,1,1,1,1,0,1,1,1,1,1,1,11,64.0,0,1,2020,0,0,0,0,0,0,0,0,0,0,0,0,0,0,0,0,0,0,1,0,MD,South,0.0971802618328298,5.267858159063328,13.248589995300398
Baltimore,MDBPD0000,2025,133.0,2013,1,,,,,,1,12,1,2448.0,549959519.0,586131.0,1,41.76540739186291,938.2877189570248,9,6,0.9644607843137256,1,1,1,1,1,0,1,1,1,1,0,1,1,1,1,1,1,12,81.0,0,1,2020,0,0,0,0,0,0,0,0,0,0,0,0,0,0,0,0,0,0,0,1,MD,South,,4.897839799950911,
Detroit,MI8234900,2007,392.0,2016,1,3037.0,366.0,3.95,861518.9873417721,35.251689685571556,0,-9,0,2527.0,328711027.0,665369.0,1,37.97892597941894,494.0281663257531,8,6,1.0,1,1,1,1,0,1,0,1,1,1,0,1,1,1,1,1,1,-9,81.0,0,0,2000,0,1,0,0,0,0,0,0,0,0,0,0,0,0,0,0,0,0,0,0,MI,Midwest,0.1290747448139611,5.973809611869261,13.66645353530986
Detroit,MI8234900,2008,323.0,2016,1,3032.0,369.0,3.75,906933.3333333334,33.431343722434576,0,-8,0,2527.0,328711027.0,665369.0,1,37.97892597941894,494.0281663257531,8,6,1.0,1,1,1,1,0,1,0,1,1,1,0,1,1,1,1,1,1,-8,64.0,0,0,2000,0,0,1,0,0,0,0,0,0,0,0,0,0,0,0,0,0,0,0,0,MI,Midwest,0.1065303430079155,5.780743515792329,13.717825326623284
Detroit,MI8234900,2009,363.0,2016,1,2930.0,343.0,3.6,909166.6666666667,32.22731439046746,0,-7,0,2527.0,328711027.0,665369.0,1,37.97892597941894,494.0281663257531,8,6,1.0,1,1,1,1,0,1,0,1,1,1,0,1,1,1,1,1,1,-7,49.0,0,0,2000,0,0,0,1,0,0,0,0,0,0,0,0,0,0,0,0,0,0,0,0,MI,Midwest,0.1238907849829351,5.8971538676367405,13.720284807928987
Detroit,MI8234900,2010,311.0,2016,1,2890.0,320.0,4.5,713333.3333333334,40.51401869158878,0,-6,0,2527.0,328711027.0,665369.0,1,37.97892597941894,494.0281663257531,8,6,1.0,1,1,1,1,0,1,0,1,1,1,0,1,1,1,1,1,1,-6,36.0,0,0,2010,0,0,0,0,1,0,0,0,0,0,0,0,0,0,0,0,0,0,0,0,MI,Midwest,0.1076124567474048,5.7430031878094825,13.4777055001981
Detroit,MI8234900,2011,346.0,2016,1,2760.0,327.0,4.33,712933.0254041571,38.713313896987366,0,-5,0,2527.0,328711027.0,665369.0,1,37.97892597941894,494.0281663257531,8,6,1.0,1,1,1,1,0,1,0,1,1,1,0,1,1,1,1,1,1,-5,25.0,0,0,2010,0,0,0,0,0,1,0,0,0,0,0,0,0,0,0,0,0,0,0,0,MI,Midwest,0.1253623188405797,5.849324779946859,13.477144164125216
Detroit,MI8234900,2012,387.0,2016,1,2570.0,313.0,4.08,706617.6470588235,36.37044745057232,0,-4,0,2527.0,328711027.0,665369.0,1,37.97892597941894,494.0281663257531,8,6,1.0,1,1,1,1,0,1,0,1,1,1,0,1,1,1,1,1,1,-4,16.0,0,0,2010,0,0,0,0,0,0,1,0,0,0,0,0,0,0,0,0,0,0,0,0,MI,Midwest,0.1505836575875486,5.961005339623274,13.468246403395977
Detroit,MI8234900,2013,317.0,2016,1,2356.0,276.0,3.76,700000.0,33.65714285714286,0,-3,0,2527.0,328711027.0,665369.0,1,37.97892597941894,494.0281663257531,8,6,1.0,1,1,1,1,0,1,0,1,1,1,0,1,1,1,1,1,1,-3,9.0,0,0,2010,0,0,0,0,0,0,0,1,0,0,0,0,0,0,0,0,0,0,0,0,MI,Midwest,0.1345500848896434,5.762051382780177,13.45883704259595
Detroit,MI8234900,2014,299.0,2016,1,2318.0,357.0,3.91,684143.2225063938,33.88179439252337,0,-2,0,2527.0,328711027.0,665369.0,1,37.97892597941894,494.0281663257531,8,6,1.0,1,1,1,1,0,1,0,1,1,1,0,1,1,1,1,1,1,-2,4.0,0,0,2010,1,0,0,0,0,0,0,0,1,0,0,0,0,0,0,0,0,0,0,0,MI,Midwest,0.128990509059534,5.703782474656201,13.435924025996144
Detroit,MI8234900,2015,287.0,2016,1,2255.0,181.0,3.62,672928.1767955801,33.510262725779974,0,-1,0,2527.0,328711027.0,665369.0,1,37.97892597941894,494.0281663257531,8,6,1.0,1,1,1,1,0,1,0,1,1,1,0,1,1,1,1,1,1,-1,1.0,0,0,2010,1,0,0,0,0,0,0,0,0,1,0,0,0,0,0,0,0,0,0,0,MI,Midwest,0.1272727272727272,5.662960480135946,13.419395368015834
Detroit,MI8234900,2016,304.0,2016,1,2350.0,505.0,4.26,670187.7934272301,35.06479859894921,1,0,1,2527.0,328711027.0,665369.0,1,37.97892597941894,494.0281663257531,8,6,1.0,1,1,1,1,0,1,0,1,1,1,0,1,1,1,1,1,1,0,0.0,0,0,2010,1,0,0,0,0,0,0,0,0,0,1,0,0,0,0,0,0,0,0,0,MI,Midwest,0.1293617021276595,5.720311776607412,13.415314732908945
Detroit,MI8234900,2017,268.0,2016,1,2499.0,585.0,4.6,670434.7826086957,37.274319066147854,1,1,1,2527.0,328711027.0,665369.0,1,37.97892597941894,494.0281663257531,8,6,1.0,1,1,1,1,0,1,0,1,1,1,0,1,1,1,1,1,1,1,1.0,0,0,2010,0,0,0,0,0,0,0,0,0,0,0,1,0,0,0,0,0,0,0,0,MI,Midwest,0.1072428971588635,5.594711379601839,13.415683201738586
Detroit,MI8234900,2018,261.0,2016,1,2398.0,621.0,4.5,670888.888888889,35.7436237164624,1,2,1,2527.0,328711027.0,665369.0,1,37.97892597941894,494.0281663257531,8,6,1.0,1,1,1,1,0,1,0,1,1,1,0,1,1,1,1,1,1,2,4.0,0,0,2010,0,0,0,0,0,0,0,0,0,0,0,0,1,0,0,0,0,0,0,0,MI,Midwest,0.1088407005838198,5.568344503761097,13.41636030247138
Detroit,MI8234900,2019,281.0,2016,1,2517.0,609.0,4.71,663694.2675159236,37.92408829174664,1,3,1,2527.0,328711027.0,665369.0,1,37.97892597941894,494.0281663257531,8,6,1.0,1,1,1,1,0,1,0,1,1,1,0,1,1,1,1,1,1,3,9.0,0,0,2010,0,0,0,0,0,0,0,0,0,0,0,0,0,1,0,0,0,0,0,0,MI,Midwest,0.1116408422725466,5.641907070938114,13.405578388651948
Detroit,MI8234900,2020,321.0,2016,1,2528.0,621.0,4.77,660167.7148846961,38.29329946014607,1,4,1,2527.0,328711027.0,665369.0,1,37.97892597941894,494.0281663257531,8,6,1.0,1,1,1,1,0,1,0,1,1,1,0,1,1,1,1,1,1,4,16.0,1,1,2020,0,0,0,0,0,0,0,0,0,0,0,0,0,0,1,0,0,0,0,0,MI,Midwest,0.1269778481012658,5.7745515455444085,13.400250709948358
Detroit,MI8234900,2021,306.0,2016,1,2475.0,625.0,4.6,673913.0434782609,36.725806451612904,1,5,1,2527.0,328711027.0,665369.0,1,37.97892597941894,494.0281663257531,8,6,1.0,1,1,1,1,0,1,0,1,1,1,0,1,1,1,1,1,1,5,25.0,0,1,2020,0,0,0,0,0,0,0,0,0,0,0,0,0,0,0,1,0,0,0,0,MI,Midwest,0.1236363636363636,5.726847747587197,13.420857849830192
Detroit,MI8234900,2022,307.0,2016,1,2381.0,699.0,4.91,627291.2423625254,37.95685064935065,1,6,1,2527.0,328711027.0,665369.0,1,37.97892597941894,494.0281663257531,8,6,1.0,1,1,1,1,0,1,0,1,1,1,0,1,1,1,1,1,1,6,36.0,0,1,2020,0,0,0,0,0,0,0,0,0,0,0,0,0,0,0,0,1,0,0,0,MI,Midwest,0.1289374212515749,5.730099782973574,13.3491678072979
Detroit,MI8234900,2023,250.0,2016,1,2465.0,679.0,5.11,615264.1878669276,40.06409033078881,1,7,1,2527.0,328711027.0,665369.0,1,37.97892597941894,494.0281663257531,8,6,1.0,1,1,1,1,0,1,0,1,1,1,0,1,1,1,1,1,1,7,49.0,0,1,2020,0,0,0,0,0,0,0,0,0,0,0,0,0,0,0,0,0,1,0,0,MI,Midwest,0.101419878296146,5.5254529391317835,13.329808653632366
Detroit,MI8234900,2024,203.0,2016,1,2619.0,841.0,5.31,651600.7532956686,40.19332369942196,1,8,1,2527.0,328711027.0,665369.0,1,37.97892597941894,494.0281663257531,8,6,1.0,1,1,1,1,0,1,0,1,1,1,0,1,1,1,1,1,1,8,64.0,0,1,2020,0,0,0,0,0,0,0,0,0,0,0,0,0,0,0,0,0,0,1,0,MI,Midwest,0.0775105001909125,5.318119993844216,13.387188846460964
Detroit,MI8234900,2025,165.0,2016,1,,,,,,1,9,1,2527.0,328711027.0,665369.0,1,37.97892597941894,494.0281663257531,8,6,1.0,1,1,1,1,0,1,0,1,1,1,0,1,1,1,1,1,1,9,81.0,0,1,2020,0,0,0,0,0,0,0,0,0,0,0,0,0,0,0,0,0,0,0,1,MI,Midwest,,5.111987788356544,
Philadelphia,PAPEP0000,2007,392.0,2012,1,6714.0,828.0,5.25,1436571.4285714284,46.73627684964201,0,-5,0,6356.0,753874810.0,1578487.0,1,40.26640700873685,477.5932966188509,9,7,0.3596601636249213,1,1,1,1,1,0,1,1,1,1,1,1,1,1,1,1,1,-5,81.0,0,0,2000,0,1,0,0,0,0,0,0,0,0,0,0,0,0,0,0,0,0,0,0,PA,Northeast,0.0583854632112004,5.973809611869261,14.177770576298494
Philadelphia,PAPEP0000,2008,331.0,2012,1,6764.0,859.0,5.29,1441020.7939508506,46.938947920766104,0,-4,0,6356.0,753874810.0,1578487.0,1,40.26640700873685,477.5932966188509,9,7,0.3596601636249213,1,1,1,1,1,0,1,1,1,1,1,1,1,1,1,1,1,-4,64.0,0,0,2000,0,0,1,0,0,0,0,0,0,0,0,0,0,0,0,0,0,0,0,0,PA,Northeast,0.0489355410999408,5.805134968916488,14.180862999052474
Philadelphia,PAPEP0000,2009,302.0,2012,1,6722.0,854.0,4.9,1546122.4489795915,43.47650475184794,0,-3,0,6356.0,753874810.0,1578487.0,1,40.26640700873685,477.5932966188509,9,7,0.3596601636249213,1,1,1,1,1,0,1,1,1,1,1,1,1,1,1,1,1,-3,49.0,0,0,2000,0,0,0,1,0,0,0,0,0,0,0,0,0,0,0,0,0,0,0,0,PA,Northeast,0.0449271050282654,5.713732805509369,14.251261355510564
Philadelphia,PAPEP0000,2010,307.0,2012,1,6734.0,798.0,4.94,1524696.3562753033,44.16617100371749,0,-2,0,6356.0,753874810.0,1578487.0,1,40.26640700873685,477.5932966188509,9,7,0.3596601636249213,1,1,1,1,1,0,1,1,1,1,1,1,1,1,1,1,1,-2,36.0,0,0,2010,0,0,0,0,1,0,0,0,0,0,0,0,0,0,0,0,0,0,0,0,PA,Northeast,0.0455895455895455,5.730099782973574,14.237306493427427
Philadelphia,PAPEP0000,2011,324.0,2012,1,6625.0,802.0,4.85,1531340.2061855672,43.26275750639557,0,-1,0,6356.0,753874810.0,1578487.0,1,40.26640700873685,477.5932966188509,9,7,0.3596601636249213,1,1,1,1,1,0,1,1,1,1,1,1,1,1,1,1,1,-1,25.0,0,0,2010,0,0,0,0,0,1,0,0,0,0,0,0,0,0,0,0,0,0,0,0,PA,Northeast,0.0489056603773584,5.783825182329737,14.241654514724583
Philadelphia,PAPEP0000,2012,331.0,2012,1,6526.0,834.0,4.78,1539748.9539748952,42.38353260869566,1,0,1,6356.0,753874810.0,1578487.0,1,40.26640700873685,477.5932966188509,9,7,0.3596601636249213,1,1,1,1,1,0,1,1,1,1,1,1,1,1,1,1,1,0,16.0,0,0,2010,0,0,0,0,0,0,1,0,0,0,0,0,0,0,0,0,0,0,0,0,PA,Northeast,0.0507201961385228,5.805134968916488,14.247130593658005
Philadelphia,PAPEP0000,2013,247.0,2012,1,6508.0,817.0,4.72,1551906.7796610172,41.935508532423206,1,1,1,6356.0,753874810.0,1578487.0,1,40.26640700873685,477.5932966188509,9,7,0.3596601636249213,1,1,1,1,1,0,1,1,1,1,1,1,1,1,1,1,1,1,9.0,0,0,2010,0,0,0,0,0,0,0,1,0,0,0,0,0,0,0,0,0,0,0,0,PA,Northeast,0.0379532882606023,5.5134287461649825,14.254995557638336
Philadelphia,PAPEP0000,2014,253.0,2012,1,6410.0,825.0,4.64,1559267.2413793104,41.10905321354526,1,2,1,6356.0,753874810.0,1578487.0,1,40.26640700873685,477.5932966188509,9,7,0.3596601636249213,1,1,1,1,1,0,1,1,1,1,1,1,1,1,1,1,1,2,4.0,0,0,2010,1,0,0,0,0,0,0,0,1,0,0,0,0,0,0,0,0,0,0,0,PA,Northeast,0.0394695787831513,5.537334267018537,14.259727193136236
Philadelphia,PAPEP0000,2015,280.0,2012,1,6413.0,816.0,4.61,1568112.798264642,40.896292709918384,1,3,1,6356.0,753874810.0,1578487.0,1,40.26640700873685,477.5932966188509,9,7,0.3596601636249213,1,1,1,1,1,0,1,1,1,1,1,1,1,1,1,1,1,3,1.0,0,0,2010,1,0,0,0,0,0,0,0,0,1,0,0,0,0,0,0,0,0,0,0,PA,Northeast,0.0436613129580539,5.638354669333745,14.2653840526829
Philadelphia,PAPEP0000,2016,274.0,2012,1,6313.0,1682.0,5.09,1570726.915520629,40.19158223889931,1,4,1,6356.0,753874810.0,1578487.0,1,40.26640700873685,477.5932966188509,9,7,0.3596601636249213,1,1,1,1,1,0,1,1,1,1,1,1,1,1,1,1,1,4,0.0,0,0,2010,1,0,0,0,0,0,0,0,0,0,1,0,0,0,0,0,0,0,0,0,PA,Northeast,0.0434025027720576,5.616771097666572,14.267049710335463
Philadelphia,PAPEP0000,2017,316.0,2012,1,6558.0,789.0,4.66,1576609.4420600857,41.59559003674969,1,5,1,6356.0,753874810.0,1578487.0,1,40.26640700873685,477.5932966188509,9,7,0.3596601636249213,1,1,1,1,1,0,1,1,1,1,1,1,1,1,1,1,1,5,1.0,0,0,2010,0,0,0,0,0,0,0,0,0,0,0,1,0,0,0,0,0,0,0,0,PA,Northeast,0.0481854223848734,5.75890177387728,14.27078781073715
Philadelphia,PAPEP0000,2018,351.0,2012,1,6577.0,789.0,4.64,1587500.0,41.42992125984252,1,6,1,6356.0,753874810.0,1578487.0,1,40.26640700873685,477.5932966188509,9,7,0.3596601636249213,1,1,1,1,1,0,1,1,1,1,1,1,1,1,1,1,1,6,4.0,0,0,2010,0,0,0,0,0,0,0,0,0,0,0,0,1,0,0,0,0,0,0,0,PA,Northeast,0.0533677968678728,5.863631175598097,14.277671639670045
Philadelphia,PAPEP0000,2019,330.0,2012,1,6584.0,828.0,4.66,1590557.939914163,41.39427954668106,1,7,1,6356.0,753874810.0,1578487.0,1,40.26640700873685,477.5932966188509,9,7,0.3596601636249213,1,1,1,1,1,0,1,1,1,1,1,1,1,1,1,1,1,7,9.0,0,0,2010,0,0,0,0,0,0,0,0,0,0,0,0,0,1,0,0,0,0,0,0,PA,Northeast,0.0501215066828675,5.802118375377063,14.279596046959837
Philadelphia,PAPEP0000,2020,489.0,2012,1,6359.0,781.0,4.5,1586666.6666666667,40.07773109243698,1,8,1,6356.0,753874810.0,1578487.0,1,40.26640700873685,477.5932966188509,9,7,0.3596601636249213,1,1,1,1,1,0,1,1,1,1,1,1,1,1,1,1,1,8,16.0,1,1,2020,0,0,0,0,0,0,0,0,0,0,0,0,0,0,1,0,0,0,0,0,PA,Northeast,0.076898883472244,6.194405391104672,14.277146567791394
Philadelphia,PAPEP0000,2021,573.0,2012,1,,,,,,1,9,1,6356.0,753874810.0,1578487.0,1,40.26640700873685,477.5932966188509,9,7,0.3596601636249213,1,1,1,1,1,0,1,1,1,1,1,1,1,1,1,1,1,9,25.0,0,1,2020,0,0,0,0,0,0,0,0,0,0,0,0,0,0,0,1,0,0,0,0,PA,Northeast,,6.352629396319567,
Philadelphia,PAPEP0000,2022,520.0,2012,1,5800.0,1384.0,4.62,1554978.3549783549,37.29955456570156,1,10,1,6356.0,753874810.0,1578487.0,1,40.26640700873685,477.5932966188509,9,7,0.3596601636249213,1,1,1,1,1,0,1,1,1,1,1,1,1,1,1,1,1,10,36.0,0,1,2020,0,0,0,0,0,0,0,0,0,0,0,0,0,0,0,0,1,0,0,0,PA,Northeast,0.0896551724137931,6.255750041753367,14.256972826966086
Philadelphia,PAPEP0000,2023,411.0,2012,1,5444.0,822.0,4.04,1550990.0990099008,35.1001595914459,1,11,1,6356.0,753874810.0,1578487.0,1,40.26640700873685,477.5932966188509,9,7,0.3596601636249213,1,1,1,1,1,0,1,1,1,1,1,1,1,1,1,1,1,11,49.0,0,1,2020,0,0,0,0,0,0,0,0,0,0,0,0,0,0,0,0,0,1,0,0,PA,Northeast,0.0754959588537839,6.021023349349527,14.254404703270447
Philadelphia,PAPEP0000,2024,268.0,2012,1,5151.0,817.0,3.85,1550129.87012987,33.22947386058981,1,12,1,6356.0,753874810.0,1578487.0,1,40.26640700873685,477.5932966188509,9,7,0.3596601636249213,1,1,1,1,1,0,1,1,1,1,1,1,1,1,1,1,1,12,64.0,0,1,2020,0,0,0,0,0,0,0,0,0,0,0,0,0,0,0,0,0,0,1,0,PA,Northeast,0.0520287322849932,5.594711379601839,14.25384991767307
Philadelphia,PAPEP0000,2025,222.0,2012,1,,,,,,1,13,1,6356.0,753874810.0,1578487.0,1,40.26640700873685,477.5932966188509,9,7,0.3596601636249213,1,1,1,1,1,0,1,1,1,1,1,1,1,1,1,1,1,13,81.0,0,1,2020,0,0,0,0,0,0,0,0,0,0,0,0,0,0,0,0,0,0,0,1,PA,Northeast,,5.407171771460119,
Houston,TXHPD0000,2007,352.0,2008,1,4892.0,1446.0,2.92,2170547.9452054794,22.538087724834337,0,-1,0,5250.0,965146748.0,2316120.0,1,22.667219315061395,416.70843825017704,9,6,0.5428571428571428,1,1,1,1,1,0,1,1,1,1,0,1,1,1,1,1,1,-1,81.0,0,0,2000,0,1,0,0,0,0,0,0,0,0,0,0,0,0,0,0,0,0,0,0,TX,South,0.0719542109566639,5.8664680569332965,14.590490663665864
Houston,TXHPD0000,2008,294.0,2008,1,5048.0,1702.0,3.01,2242524.9169435217,22.51034074074074,1,0,1,5250.0,965146748.0,2316120.0,1,22.667219315061395,416.70843825017704,9,6,0.5428571428571428,1,1,1,1,1,0,1,1,1,1,0,1,1,1,1,1,1,0,64.0,0,0,2000,0,0,1,0,0,0,0,0,0,0,0,0,0,0,0,0,0,0,0,0,TX,South,0.0582408874801901,5.68697535633982,14.623113430013754
Houston,TXHPD0000,2009,287.0,2008,1,5371.0,1768.0,3.14,2273566.878980892,23.623672783302982,1,1,1,5250.0,965146748.0,2316120.0,1,22.667219315061395,416.70843825017704,9,6,0.5428571428571428,1,1,1,1,1,0,1,1,1,1,0,1,1,1,1,1,1,1,49.0,0,0,2000,0,0,0,1,0,0,0,0,0,0,0,0,0,0,0,0,0,0,0,0,TX,South,0.0534351145038167,5.662960480135946,14.636860908401852
Houston,TXHPD0000,2010,271.0,2008,1,5351.0,1703.0,3.36,2099404.761904762,25.488176920895945,1,2,1,5250.0,965146748.0,2316120.0,1,22.667219315061395,416.70843825017704,9,6,0.5428571428571428,1,1,1,1,1,0,1,1,1,1,0,1,1,1,1,1,1,2,36.0,0,0,2010,0,0,0,0,1,0,0,0,0,0,0,0,0,0,0,0,0,0,0,0,TX,South,0.0506447393010652,5.605802066295998,14.557164892128398
Houston,TXHPD0000,2011,198.0,2008,1,5294.0,1237.0,3.05,2141311.475409836,24.723166436992805,1,3,1,5250.0,965146748.0,2316120.0,1,22.667219315061395,416.70843825017704,9,6,0.5428571428571428,1,1,1,1,1,0,1,1,1,1,0,1,1,1,1,1,1,3,25.0,0,0,2010,0,0,0,0,0,1,0,0,0,0,0,0,0,0,0,0,0,0,0,0,TX,South,0.0374008311295806,5.293304824724492,14.576929505268886
Houston,TXHPD0000,2012,217.0,2008,1,5318.0,1345.0,3.06,2177450.9803921566,24.42305267897344,1,4,1,5250.0,965146748.0,2316120.0,1,22.667219315061395,416.70843825017704,9,6,0.5428571428571428,1,1,1,1,1,0,1,1,1,1,0,1,1,1,1,1,1,4,16.0,0,0,2010,0,0,0,0,0,0,1,0,0,0,0,0,0,0,0,0,0,0,0,0,TX,South,0.0408048138397893,5.384495062789089,14.593665934832869
Houston,TXHPD0000,2013,216.0,2008,1,,,,,,1,5,1,5250.0,965146748.0,2316120.0,1,22.667219315061395,416.70843825017704,9,6,0.5428571428571428,1,1,1,1,1,0,1,1,1,1,0,1,1,1,1,1,1,5,9.0,0,0,2010,0,0,0,0,0,0,0,1,0,0,0,0,0,0,0,0,0,0,0,0,TX,South,,5.37989735354046,
Houston,TXHPD0000,2014,242.0,2008,1,5252.0,1352.0,2.97,2223569.0235690237,23.61968503937008,1,6,1,5250.0,965146748.0,2316120.0,1,22.667219315061395,416.70843825017704,9,6,0.5428571428571428,1,1,1,1,1,0,1,1,1,1,0,1,1,1,1,1,1,6,4.0,0,0,2010,1,0,0,0,0,0,0,0,1,0,0,0,0,0,0,0,0,0,0,0,TX,South,0.046077684691546,5.493061443340548,14.614624580934883
Houston,TXHPD0000,2015,303.0,2008,1,5178.0,1399.0,2.89,2275778.5467128027,22.75265318534286,1,7,1,5250.0,965146748.0,2316120.0,1,22.667219315061395,416.70843825017704,9,6,0.5428571428571428,1,1,1,1,1,0,1,1,1,1,0,1,1,1,1,1,1,7,1.0,0,0,2010,1,0,0,0,0,0,0,0,0,1,0,0,0,0,0,0,0,0,0,0,TX,South,0.0585168018539976,5.717027701406222,14.637833209569116
Houston,TXHPD0000,2016,303.0,2008,1,5182.0,1450.0,2.84,2335211.267605634,22.190711700844393,1,8,1,5250.0,965146748.0,2316120.0,1,22.667219315061395,416.70843825017704,9,6,0.5428571428571428,1,1,1,1,1,0,1,1,1,1,0,1,1,1,1,1,1,8,0.0,0,0,2010,1,0,0,0,0,0,0,0,0,0,1,0,0,0,0,0,0,0,0,0,TX,South,0.0584716325742956,5.717027701406222,14.663613351850842
Houston,TXHPD0000,2017,261.0,2008,1,5221.0,1113.0,2.71,2337269.372693727,22.33803283864857,1,9,1,5250.0,965146748.0,2316120.0,1,22.667219315061395,416.70843825017704,9,6,0.5428571428571428,1,1,1,1,1,0,1,1,1,1,0,1,1,1,1,1,1,9,1.0,0,0,2010,0,0,0,0,0,0,0,0,0,0,0,1,0,0,0,0,0,0,0,0,TX,South,0.0499904232905573,5.568344503761097,14.66449429903872
Houston,TXHPD0000,2018,281.0,2008,1,5229.0,1029.0,2.67,2343820.224719101,22.309731543624164,1,10,1,5250.0,965146748.0,2316120.0,1,22.667219315061395,416.70843825017704,9,6,0.5428571428571428,1,1,1,1,1,0,1,1,1,1,0,1,1,1,1,1,1,10,4.0,0,0,2010,0,0,0,0,0,0,0,0,0,0,0,0,1,0,0,0,0,0,0,0,TX,South,0.053738764582138,5.641907070938114,14.667293157452598
Houston,TXHPD0000,2019,281.0,2008,1,5264.0,1073.0,2.69,2355762.0817843867,22.345210667508287,1,11,1,5250.0,965146748.0,2316120.0,1,22.667219315061395,416.70843825017704,9,6,0.5428571428571428,1,1,1,1,1,0,1,1,1,1,0,1,1,1,1,1,1,11,9.0,0,0,2010,0,0,0,0,0,0,0,0,0,0,0,0,0,1,0,0,0,0,0,0,TX,South,0.0533814589665653,5.641907070938114,14.6723752591829
Houston,TXHPD0000,2020,415.0,2008,1,5212.0,1011.0,2.65,2348301.886792453,22.194761369114573,1,12,1,5250.0,965146748.0,2316120.0,1,22.667219315061395,416.70843825017704,9,6,0.5428571428571428,1,1,1,1,1,0,1,1,1,1,0,1,1,1,1,1,1,12,16.0,1,1,2020,0,0,0,0,0,0,0,0,0,0,0,0,0,0,1,0,0,0,0,0,TX,South,0.0796239447429009,6.030685260261263,14.66920344939276
Houston,TXHPD0000,2021,475.0,2008,1,5250.0,999.0,2.67,2340449.438202247,22.431589054248683,1,13,1,5250.0,965146748.0,2316120.0,1,22.667219315061395,416.70843825017704,9,6,0.5428571428571428,1,1,1,1,1,0,1,1,1,1,0,1,1,1,1,1,1,13,25.0,0,1,2020,0,0,0,0,0,0,0,0,0,0,0,0,0,0,0,1,0,0,0,0,TX,South,0.0904761904761904,6.16541785423142,14.665853963767333
Houston,TXHPD0000,2022,437.0,2008,1,5223.0,1062.0,2.76,2277173.9130434785,22.936324582338894,1,14,1,5250.0,965146748.0,2316120.0,1,22.667219315061395,416.70843825017704,9,6,0.5428571428571428,1,1,1,1,1,0,1,1,1,1,0,1,1,1,1,1,1,14,36.0,0,1,2020,0,0,0,0,0,0,0,0,0,0,0,0,0,0,0,0,1,0,0,0,TX,South,0.0836683898142829,6.082218910376446,14.63844615941814
Houston,TXHPD0000,2023,353.0,2008,1,5174.0,1006.0,2.68,2305970.149253731,22.43741100323625,1,15,1,5250.0,965146748.0,2316120.0,1,22.667219315061395,416.70843825017704,9,6,0.5428571428571428,1,1,1,1,1,0,1,1,1,1,0,1,1,1,1,1,1,15,49.0,0,1,2020,0,0,0,0,0,0,0,0,0,0,0,0,0,0,0,0,0,1,0,0,TX,South,0.0682257441051411,5.869296913133774,14.651012468567972
Houston,TXHPD0000,2024,331.0,2008,1,5276.0,1061.0,2.73,2321245.4212454213,22.729177844405868,1,16,1,5250.0,965146748.0,2316120.0,1,22.667219315061395,416.70843825017704,9,6,0.5428571428571428,1,1,1,1,1,0,1,1,1,1,0,1,1,1,1,1,1,16,64.0,0,1,2020,0,0,0,0,0,0,0,0,0,0,0,0,0,0,0,0,0,0,1,0,TX,South,0.0627369219105382,5.805134968916488,14.657614849911912
Houston,TXHPD0000,2025,272.0,2008,1,,,,,,1,17,1,5250.0,965146748.0,2316120.0,1,22.667219315061395,416.70843825017704,9,6,0.5428571428571428,1,1,1,1,1,0,1,1,1,1,0,1,1,1,1,1,1,17,81.0,0,1,2020,0,0,0,0,0,0,0,0,0,0,0,0,0,0,0,0,0,0,0,1,TX,South,,5.60947179518496,
Dallas,TXDPD0000,2007,200.0,2019,1,3212.0,604.0,3.08,1238961.038961039,25.924947589098533,0,-12,0,3137.0,509140287.0,1343266.0,1,23.353527893953988,379.03161920274914,7,6,0.7969397513547976,1,1,1,1,0,0,1,0,1,1,1,1,0,1,1,1,1,-12,81.0,0,0,2000,0,1,0,0,0,0,0,0,0,0,0,0,0,0,0,0,0,0,0,0,TX,South,0.062266500622665,5.303304908059076,14.029784521692388
Dallas,TXDPD0000,2008,170.0,2019,1,3393.0,803.0,3.29,1275379.9392097264,26.60383698760725,0,-11,0,3137.0,509140287.0,1343266.0,1,23.353527893953988,379.03161920274914,7,6,0.7969397513547976,1,1,1,1,0,0,1,0,1,1,1,1,0,1,1,1,1,-11,64.0,0,0,2000,0,0,1,0,0,0,0,0,0,0,0,0,0,0,0,0,0,0,0,0,TX,South,0.0501031535514294,5.14166355650266,14.058755467800813
Dallas,TXDPD0000,2009,166.0,2019,1,3577.0,564.0,3.21,1290031.152647975,27.728012557353303,0,-10,0,3137.0,509140287.0,1343266.0,1,23.353527893953988,379.03161920274914,7,6,0.7969397513547976,1,1,1,1,0,0,1,0,1,1,1,1,0,1,1,1,1,-10,49.0,0,0,2000,0,0,0,1,0,0,0,0,0,0,0,0,0,0,0,0,0,0,0,0,TX,South,0.0464076041375454,5.117993812416755,14.070177700560558
Dallas,TXDPD0000,2010,148.0,2019,1,3666.0,575.0,3.54,1198022.5988700564,30.6004244282009,0,-9,0,3137.0,509140287.0,1343266.0,1,23.353527893953988,379.03161920274914,7,6,0.7969397513547976,1,1,1,1,0,0,1,0,1,1,1,1,0,1,1,1,1,-9,36.0,0,0,2010,0,0,0,0,1,0,0,0,0,0,0,0,0,0,0,0,0,0,0,0,TX,South,0.0403709765411893,5.003946305945459,13.99618375601949
Dallas,TXDPD0000,2011,133.0,2019,1,3511.0,541.0,3.31,1224169.1842900305,28.68067620927937,0,-8,0,3137.0,509140287.0,1343266.0,1,23.353527893953988,379.03161920274914,7,6,0.7969397513547976,1,1,1,1,0,0,1,0,1,1,1,1,0,1,1,1,1,-8,25.0,0,0,2010,0,0,0,0,0,1,0,0,0,0,0,0,0,0,0,0,0,0,0,0,TX,South,0.0378809455995442,4.897839799950911,14.01777377184196
Dallas,TXDPD0000,2012,154.0,2019,1,,,,,,0,-7,0,3137.0,509140287.0,1343266.0,1,23.353527893953988,379.03161920274914,7,6,0.7969397513547976,1,1,1,1,0,0,1,0,1,1,1,1,0,1,1,1,1,-7,16.0,0,0,2010,0,0,0,0,0,0,1,0,0,0,0,0,0,0,0,0,0,0,0,0,TX,South,,5.043425116919247,
Dallas,TXDPD0000,2013,144.0,2019,1,3474.0,554.0,3.21,1254828.660436137,27.685054617676265,0,-6,0,3137.0,509140287.0,1343266.0,1,23.353527893953988,379.03161920274914,7,6,0.7969397513547976,1,1,1,1,0,0,1,0,1,1,1,1,0,1,1,1,1,-6,9.0,0,0,2010,0,0,0,0,0,0,0,1,0,0,0,0,0,0,0,0,0,0,0,0,TX,South,0.0414507772020725,4.976733742420574,14.042510392599898
Dallas,TXDPD0000,2014,116.0,2019,1,3543.0,543.0,3.21,1272897.196261682,27.834140969163,0,-5,0,3137.0,509140287.0,1343266.0,1,23.353527893953988,379.03161920274914,7,6,0.7969397513547976,1,1,1,1,0,0,1,0,1,1,1,1,0,1,1,1,1,-5,4.0,0,0,2010,1,0,0,0,0,0,0,0,1,0,0,0,0,0,0,0,0,0,0,0,TX,South,0.0327406152977702,4.762173934797756,14.05680690282687
Dallas,TXDPD0000,2015,136.0,2019,1,3484.0,556.0,3.1,1303225.8064516129,26.733663366336636,0,-4,0,3137.0,509140287.0,1343266.0,1,23.353527893953988,379.03161920274914,7,6,0.7969397513547976,1,1,1,1,0,0,1,0,1,1,1,1,0,1,1,1,1,-4,1.0,0,0,2010,1,0,0,0,0,0,0,0,0,1,0,0,0,0,0,0,0,0,0,0,TX,South,0.0390355912743972,4.919980925828125,14.08035390577267
Dallas,TXDPD0000,2016,171.0,2019,1,3279.0,550.0,2.9,1320344.827586207,24.834421519979102,0,-3,0,3137.0,509140287.0,1343266.0,1,23.353527893953988,379.03161920274914,7,6,0.7969397513547976,1,1,1,1,0,0,1,0,1,1,1,1,0,1,1,1,1,-3,0.0,0,0,2010,1,0,0,0,0,0,0,0,0,0,1,0,0,0,0,0,0,0,0,0,TX,South,0.0521500457456541,5.147494476813453,14.09340425084462
Dallas,TXDPD0000,2017,163.0,2019,1,3053.0,605.0,2.73,1339926.73992674,22.784827774740293,0,-2,0,3137.0,509140287.0,1343266.0,1,23.353527893953988,379.03161920274914,7,6,0.7969397513547976,1,1,1,1,0,0,1,0,1,1,1,1,0,1,1,1,1,-2,1.0,0,0,2010,0,0,0,0,0,0,0,0,0,0,0,1,0,0,0,0,0,0,0,0,TX,South,0.0533901080904028,5.099866427824199,14.10812624504526
Dallas,TXDPD0000,2018,153.0,2019,1,3007.0,574.0,2.63,1361596.958174905,22.08436191008098,0,-1,0,3137.0,509140287.0,1343266.0,1,23.353527893953988,379.03161920274914,7,6,0.7969397513547976,1,1,1,1,0,0,1,0,1,1,1,1,0,1,1,1,1,-1,4.0,0,0,2010,0,0,0,0,0,0,0,0,0,0,0,0,1,0,0,0,0,0,0,0,TX,South,0.050881277020286,5.0369526024136295,14.12416953722235
Dallas,TXDPD0000,2019,201.0,2019,1,3075.0,549.0,2.66,1362406.015037594,22.5703642384106,1,0,1,3137.0,509140287.0,1343266.0,1,23.353527893953988,379.03161920274914,7,6,0.7969397513547976,1,1,1,1,0,0,1,0,1,1,1,1,0,1,1,1,1,0,9.0,0,0,2010,0,0,0,0,0,0,0,0,0,0,0,0,0,1,0,0,0,0,0,0,TX,South,0.0653658536585365,5.308267697401205,14.124763557346714
Dallas,TXDPD0000,2020,249.0,2019,1,3137.0,509.0,2.67,1365543.0711610487,22.972545255074053,1,1,1,3137.0,509140287.0,1343266.0,1,23.353527893953988,379.03161920274914,7,6,0.7969397513547976,1,1,1,1,0,0,1,0,1,1,1,1,0,1,1,1,1,1,16.0,1,1,2020,0,0,0,0,0,0,0,0,0,0,0,0,0,0,1,0,0,0,0,0,TX,South,0.0793751992349378,5.521460917862246,14.1270634941177
Dallas,TXDPD0000,2021,211.0,2019,1,3118.0,643.0,2.79,1348028.6738351255,23.13007178941771,1,2,1,3137.0,509140287.0,1343266.0,1,23.353527893953988,379.03161920274914,7,6,0.7969397513547976,1,1,1,1,0,0,1,0,1,1,1,1,0,1,1,1,1,2,25.0,0,1,2020,0,0,0,0,0,0,0,0,0,0,0,0,0,0,0,1,0,0,0,0,TX,South,0.0676715843489416,5.356586274672012,14.114154583442907
Dallas,TXDPD0000,2022,212.0,2019,1,3060.0,673.0,2.9,1287241.3793103448,23.771765336190732,1,3,1,3137.0,509140287.0,1343266.0,1,23.353527893953988,379.03161920274914,7,6,0.7969397513547976,1,1,1,1,0,0,1,0,1,1,1,1,0,1,1,1,1,3,36.0,0,1,2020,0,0,0,0,0,0,0,0,0,0,0,0,0,0,0,0,1,0,0,0,TX,South,0.0692810457516339,5.3612921657094255,14.068012797759067
Dallas,TXDPD0000,2023,244.0,2019,1,3047.0,637.0,2.82,1306382.9787234042,23.323941368078177,1,4,1,3137.0,509140287.0,1343266.0,1,23.353527893953988,379.03161920274914,7,6,0.7969397513547976,1,1,1,1,0,0,1,0,1,1,1,1,0,1,1,1,1,4,49.0,0,1,2020,0,0,0,0,0,0,0,0,0,0,0,0,0,0,0,0,0,1,0,0,TX,South,0.0800787659993436,5.501258210544727,14.082773556879332
Dallas,TXDPD0000,2024,181.0,2019,1,3112.0,674.0,2.86,1323776.2237762238,23.508505018489167,1,5,1,3137.0,509140287.0,1343266.0,1,23.353527893953988,379.03161920274914,7,6,0.7969397513547976,1,1,1,1,0,0,1,0,1,1,1,1,0,1,1,1,1,5,64.0,0,1,2020,0,0,0,0,0,0,0,0,0,0,0,0,0,0,0,0,0,0,1,0,TX,South,0.0581619537275064,5.204006687076795,14.095999741334044
Dallas,TXDPD0000,2025,139.0,2019,1,,,,,,1,6,1,3137.0,509140287.0,1343266.0,1,23.353527893953988,379.03161920274914,7,6,0.7969397513547976,1,1,1,1,0,0,1,0,1,1,1,1,0,1,1,1,1,6,81.0,0,1,2020,0,0,0,0,0,0,0,0,0,0,0,0,0,0,0,0,0,0,0,1,TX,South,,4.941642422609304,
Denver,CODPD0000,2007,47.0,2019,1,1561.0,356.0,3.34,573952.0958083833,27.19739175795514,0,-12,0,1547.0,254232367.0,735538.0,1,21.03222403193309,345.6413767881469,9,7,0.9372979961215256,1,1,1,1,1,0,1,1,1,1,1,1,1,1,1,1,1,-12,81.0,0,0,2000,0,1,0,0,0,0,0,0,0,0,0,0,0,0,0,0,0,0,0,0,CO,West,0.0301089045483664,3.871201010907891,13.26030295734334
Denver,CODPD0000,2008,40.0,2019,1,1541.0,250.0,3.02,593046.357615894,25.984477945281967,0,-11,0,1547.0,254232367.0,735538.0,1,21.03222403193309,345.6413767881469,9,7,0.9372979961215256,1,1,1,1,1,0,1,1,1,1,1,1,1,1,1,1,1,-11,64.0,0,0,2000,0,0,1,0,0,0,0,0,0,0,0,0,0,0,0,0,0,0,0,0,CO,West,0.0259571706683971,3.713572066704308,13.293029535863472
Denver,CODPD0000,2009,35.0,2019,1,1510.0,247.0,2.91,603780.0687285223,25.00910643141719,0,-10,0,1547.0,254232367.0,735538.0,1,21.03222403193309,345.6413767881469,9,7,0.9372979961215256,1,1,1,1,1,0,1,1,1,1,1,1,1,1,1,1,1,-10,49.0,0,0,2000,0,0,0,1,0,0,0,0,0,0,0,0,0,0,0,0,0,0,0,0,CO,West,0.0231788079470198,3.58351893845611,13.310966942216677
Denver,CODPD0000,2010,28.0,2019,1,1470.0,235.0,2.84,600352.1126760565,24.48563049853372,0,-9,0,1547.0,254232367.0,735538.0,1,21.03222403193309,345.6413767881469,9,7,0.9372979961215256,1,1,1,1,1,0,1,1,1,1,1,1,1,1,1,1,1,-9,36.0,0,0,2010,0,0,0,0,1,0,0,0,0,0,0,0,0,0,0,0,0,0,0,0,CO,West,0.019047619047619,3.367295829986474,13.305273282214404
Denver,CODPD0000,2011,37.0,2019,1,1420.0,226.0,2.7,609629.6296296295,23.29283110571082,0,-8,0,1547.0,254232367.0,735538.0,1,21.03222403193309,345.6413767881469,9,7,0.9372979961215256,1,1,1,1,1,0,1,1,1,1,1,1,1,1,1,1,1,-8,25.0,0,0,2010,0,0,0,0,0,1,0,0,0,0,0,0,0,0,0,0,0,0,0,0,CO,West,0.026056338028169,3.6375861597263857,13.320608527547742
Denver,CODPD0000,2012,39.0,2019,1,1388.0,242.0,2.59,629343.6293436293,22.054723926380365,0,-7,0,1547.0,254232367.0,735538.0,1,21.03222403193309,345.6413767881469,9,7,0.9372979961215256,1,1,1,1,1,0,1,1,1,1,1,1,1,1,1,1,1,-7,16.0,0,0,2010,0,0,0,0,0,0,1,0,0,0,0,0,0,0,0,0,0,0,0,0,CO,West,0.0280979827089337,3.688879454113936,13.352434286027291
Denver,CODPD0000,2013,41.0,2019,1,1395.0,267.0,2.56,649218.75,21.487364620938628,0,-6,0,1547.0,254232367.0,735538.0,1,21.03222403193309,345.6413767881469,9,7,0.9372979961215256,1,1,1,1,1,0,1,1,1,1,1,1,1,1,1,1,1,-6,9.0,0,0,2010,0,0,0,0,0,0,0,1,0,0,0,0,0,0,0,0,0,0,0,0,CO,West,0.0293906810035842,3.737669618283368,13.38352653621775
Denver,CODPD0000,2014,31.0,2019,1,1430.0,265.0,2.55,664705.8823529412,21.51327433628318,0,-5,0,1547.0,254232367.0,735538.0,1,21.03222403193309,345.6413767881469,9,7,0.9372979961215256,1,1,1,1,1,0,1,1,1,1,1,1,1,1,1,1,1,-5,4.0,0,0,2010,1,0,0,0,0,0,0,0,1,0,0,0,0,0,0,0,0,0,0,0,CO,West,0.0216783216783216,3.4657359027997265,13.40710144405
Denver,CODPD0000,2015,53.0,2019,1,1468.0,267.0,2.54,683070.8661417322,21.49118155619597,0,-4,0,1547.0,254232367.0,735538.0,1,21.03222403193309,345.6413767881469,9,7,0.9372979961215256,1,1,1,1,1,0,1,1,1,1,1,1,1,1,1,1,1,-4,1.0,0,0,2010,1,0,0,0,0,0,0,0,0,1,0,0,0,0,0,0,0,0,0,0,CO,West,0.0361035422343324,3.9889840465642745,13.434355354308526
Denver,CODPD0000,2016,53.0,2019,1,1483.0,316.0,2.57,700000.0,21.185714285714283,0,-3,0,1547.0,254232367.0,735538.0,1,21.03222403193309,345.6413767881469,9,7,0.9372979961215256,1,1,1,1,1,0,1,1,1,1,1,1,1,1,1,1,1,-3,0.0,0,0,2010,1,0,0,0,0,0,0,0,0,0,1,0,0,0,0,0,0,0,0,0,CO,West,0.035738368172623,3.9889840465642745,13.45883704259595
Denver,CODPD0000,2017,58.0,2019,1,1479.0,295.0,2.51,706772.9083665339,20.926099210823,0,-2,0,1547.0,254232367.0,735538.0,1,21.03222403193309,345.6413767881469,9,7,0.9372979961215256,1,1,1,1,1,0,1,1,1,1,1,1,1,1,1,1,1,-2,1.0,0,0,2010,0,0,0,0,0,0,0,0,0,0,0,1,0,0,0,0,0,0,0,0,CO,West,0.0392156862745098,4.07753744390572,13.468466103588591
Denver,CODPD0000,2018,64.0,2019,1,1517.0,307.0,2.53,720948.6166007906,21.041721491228067,0,-1,0,1547.0,254232367.0,735538.0,1,21.03222403193309,345.6413767881469,9,7,0.9372979961215256,1,1,1,1,1,0,1,1,1,1,1,1,1,1,1,1,1,-1,4.0,0,0,2010,0,0,0,0,0,0,0,0,0,0,0,0,1,0,0,0,0,0,0,0,CO,West,0.042188529993408,4.174387269895637,13.488324533937426
Denver,CODPD0000,2019,66.0,2019,1,1551.0,308.0,2.55,729019.6078431373,21.27514792899408,1,0,1,1547.0,254232367.0,735538.0,1,21.03222403193309,345.6413767881469,9,7,0.9372979961215256,1,1,1,1,1,0,1,1,1,1,1,1,1,1,1,1,1,0,9.0,0,0,2010,0,0,0,0,0,0,0,0,0,0,0,0,0,1,0,0,0,0,0,0,CO,West,0.0425531914893617,4.204692619390966,13.499457279237523
Denver,CODPD0000,2020,95.0,2019,1,1552.0,266.0,2.46,739024.3902439025,21.0006600660066,1,1,1,1547.0,254232367.0,735538.0,1,21.03222403193309,345.6413767881469,9,7,0.9372979961215256,1,1,1,1,1,0,1,1,1,1,1,1,1,1,1,1,1,1,16.0,1,1,2020,0,0,0,0,0,0,0,0,0,0,0,0,0,0,1,0,0,0,0,0,CO,West,0.0612113402061855,4.564348191467836,13.513087556909689
Denver,CODPD0000,2021,100.0,2019,1,1447.0,337.0,2.41,740248.9626556016,19.54747757847534,1,2,1,1547.0,254232367.0,735538.0,1,21.03222403193309,345.6413767881469,9,7,0.9372979961215256,1,1,1,1,1,0,1,1,1,1,1,1,1,1,1,1,1,2,25.0,0,1,2020,0,0,0,0,0,0,0,0,0,0,0,0,0,0,0,1,0,0,0,0,CO,West,0.0691085003455425,4.61512051684126,13.514743195515477
Denver,CODPD0000,2022,90.0,2019,1,1512.0,319.0,2.6,704230.7692307692,21.47023484434735,1,3,1,1547.0,254232367.0,735538.0,1,21.03222403193309,345.6413767881469,9,7,0.9372979961215256,1,1,1,1,1,0,1,1,1,1,1,1,1,1,1,1,1,3,36.0,0,1,2020,0,0,0,0,0,0,0,0,0,0,0,0,0,0,0,0,1,0,0,0,CO,West,0.0595238095238095,4.51085950651685,13.46486279861728
Denver,CODPD0000,2023,87.0,2019,1,1508.0,327.0,2.58,711240.3100775193,21.20239782016349,1,4,1,1547.0,254232367.0,735538.0,1,21.03222403193309,345.6413767881469,9,7,0.9372979961215256,1,1,1,1,1,0,1,1,1,1,1,1,1,1,1,1,1,4,49.0,0,1,2020,0,0,0,0,0,0,0,0,0,0,0,0,0,0,0,0,0,1,0,0,CO,West,0.0576923076923076,4.477336814478207,13.474767046530843
Denver,CODPD0000,2024,71.0,2019,1,1536.0,295.0,2.54,720866.1417322834,21.30770070999454,1,5,1,1547.0,254232367.0,735538.0,1,21.03222403193309,345.6413767881469,9,7,0.9372979961215256,1,1,1,1,1,0,1,1,1,1,1,1,1,1,1,1,1,5,64.0,0,1,2020,0,0,0,0,0,0,0,0,0,0,0,0,0,0,0,0,0,0,1,0,CO,West,0.0462239583333333,4.276666119016055,13.48821012984534
Denver,CODPD0000,2025,42.0,2019,1,,,,,,1,6,1,1547.0,254232367.0,735538.0,1,21.03222403193309,345.6413767881469,9,7,0.9372979961215256,1,1,1,1,1,0,1,1,1,1,1,1,1,1,1,1,1,6,81.0,0,1,2020,0,0,0,0,0,0,0,0,0,0,0,0,0,0,0,0,0,0,0,1,CO,West,,3.7612001156935624,
