date_hour,flight_count,cfs_count
2025-03-19 22:00,1.0,0.0
2025-04-08 18:00,2.0,0.0
2025-04-08 19:00,1.0,0.0
2025-04-09 13:00,2.0,0.0
2025-04-09 14:00,4.0,0.0
2025-04-09 15:00,1.0,0.0
2025-04-09 16:00,1.0,0.0
2025-04-09 17:00,2.0,0.0
2025-04-09 18:00,2.0,0.0
2025-04-09 19:00,1.0,0.0
2025-04-10 16:00,1.0,0.0
2025-04-10 17:00,2.0,0.0
2025-04-10 18:00,6.0,0.0
2025-04-10 19:00,3.0,0.0
2025-04-11 13:00,2.0,0.0
2025-04-11 14:00,2.0,0.0
2025-04-11 18:00,2.0,0.0
2025-04-11 19:00,1.0,0.0
2025-04-15 20:00,1.0,0.0
2025-04-16 20:00,2.0,0.0
2025-04-16 22:00,2.0,0.0
2025-04-16 23:00,2.0,0.0
2025-04-21 20:00,1.0,0.0
2025-04-21 22:00,2.0,0.0
2025-05-15 19:00,1.0,0.0
2025-05-15 20:00,1.0,0.0
2025-05-15 22:00,1.0,0.0
2025-05-24 16:00,1.0,0.0
2025-05-24 17:00,2.0,0.0
2025-05-24 21:00,1.0,0.0
2025-05-25 00:00,2.0,0.0
2025-05-25 01:00,2.0,0.0
2025-05-25 20:00,1.0,0.0
2025-05-26 00:00,1.0,0.0
2025-05-27 18:00,1.0,0.0
2025-06-04 14:00,1.0,0.0
2025-06-10 14:00,1.0,0.0
2025-06-10 15:00,6.0,0.0
2025-06-16 15:00,3.0,0.0
2025-06-16 16:00,3.0,0.0
2025-06-16 17:00,11.0,0.0
2025-06-16 18:00,3.0,0.0
2025-06-18 15:00,1.0,0.0
2025-06-20 20:00,1.0,0.0
2025-06-21 03:00,2.0,0.0
2025-06-27 14:00,1.0,0.0
2025-06-27 19:00,1.0,0.0
2025-06-30 13:00,2.0,0.0
2025-06-30 19:00,1.0,0.0
2025-06-30 20:00,2.0,0.0
2025-06-30 21:00,2.0,0.0
2025-07-01 18:00,1.0,0.0
2025-07-02 17:00,1.0,0.0
2025-07-03 13:00,1.0,0.0
2025-07-04 21:00,2.0,0.0
2025-07-04 22:00,1.0,0.0
2025-07-05 00:00,1.0,0.0
2025-07-05 01:00,2.0,0.0
2025-07-05 23:00,2.0,0.0
2025-07-06 00:00,1.0,0.0
2025-07-06 01:00,1.0,0.0
2025-07-06 02:00,1.0,0.0
2025-07-06 04:00,2.0,0.0
2025-07-06 05:00,1.0,0.0
2025-07-07 16:00,2.0,0.0
2025-07-08 14:00,1.0,0.0
2025-07-10 12:00,1.0,0.0
2025-07-11 13:00,1.0,0.0
2025-07-18 16:00,1.0,0.0
2025-07-21 12:00,1.0,0.0
2025-07-21 13:00,3.0,0.0
2025-07-21 14:00,1.0,0.0
2025-07-21 16:00,6.0,0.0
2025-07-21 17:00,4.0,0.0
2025-07-21 18:00,7.0,0.0
2025-07-22 13:00,7.0,0.0
2025-07-22 14:00,6.0,0.0
2025-07-22 15:00,11.0,0.0
2025-07-22 16:00,4.0,0.0
2025-07-22 17:00,3.0,0.0
2025-07-22 18:00,6.0,0.0
2025-07-22 20:00,3.0,0.0
2025-07-22 21:00,10.0,0.0
2025-07-22 22:00,9.0,0.0
2025-07-22 23:00,6.0,0.0
2025-07-23 12:00,2.0,0.0
2025-07-23 13:00,2.0,0.0
2025-07-23 14:00,2.0,0.0
2025-07-23 15:00,1.0,0.0
2025-07-23 18:00,5.0,0.0
2025-07-23 19:00,3.0,0.0
2025-07-24 12:00,4.0,0.0
2025-07-24 13:00,12.0,0.0
2025-07-24 14:00,16.0,0.0
2025-07-24 15:00,3.0,0.0
2025-07-24 16:00,5.0,0.0
2025-07-24 17:00,20.0,0.0
2025-07-24 18:00,10.0,0.0
2025-07-24 19:00,18.0,0.0
2025-07-24 20:00,7.0,0.0
2025-07-24 21:00,2.0,0.0
2025-07-25 10:00,1.0,0.0
2025-07-25 11:00,18.0,0.0
2025-07-25 12:00,5.0,0.0
2025-07-25 13:00,2.0,0.0
2025-07-25 14:00,1.0,0.0
2025-07-25 15:00,2.0,0.0
2025-07-25 16:00,9.0,0.0
2025-07-25 17:00,12.0,0.0
2025-07-25 18:00,15.0,0.0
2025-07-25 19:00,2.0,0.0
2025-07-25 20:00,2.0,0.0
2025-07-28 12:00,3.0,0.0
2025-07-28 14:00,1.0,0.0
2025-07-28 16:00,6.0,0.0
2025-07-28 17:00,6.0,0.0
2025-07-28 18:00,3.0,0.0
2025-07-28 19:00,4.0,0.0
2025-07-28 20:00,4.0,0.0
2025-07-28 21:00,2.0,0.0
2025-07-28 22:00,1.0,0.0
2025-07-29 11:00,2.0,0.0
2025-07-29 12:00,3.0,0.0
2025-07-29 13:00,4.0,0.0
2025-07-29 14:00,4.0,0.0
2025-07-29 15:00,1.0,0.0
2025-07-29 16:00,3.0,0.0
2025-07-29 17:00,5.0,0.0
2025-07-29 18:00,4.0,0.0
2025-07-29 19:00,3.0,0.0
2025-07-29 20:00,3.0,0.0
2025-07-30 11:00,2.0,0.0
2025-07-30 12:00,3.0,0.0
2025-07-30 13:00,3.0,0.0
2025-07-30 14:00,7.0,0.0
2025-07-30 15:00,5.0,0.0
2025-07-30 16:00,3.0,0.0
2025-07-30 17:00,6.0,0.0
2025-07-30 18:00,4.0,0.0
2025-07-31 11:00,3.0,0.0
2025-07-31 12:00,2.0,0.0
2025-07-31 13:00,1.0,0.0
2025-07-31 15:00,2.0,0.0
2025-07-31 17:00,5.0,0.0
2025-07-31 18:00,4.0,0.0
2025-07-31 19:00,3.0,0.0
2025-07-31 20:00,1.0,0.0
2025-08-01 11:00,2.0,0.0
2025-08-01 12:00,3.0,0.0
2025-08-01 13:00,4.0,0.0
2025-08-01 14:00,4.0,0.0
2025-08-01 15:00,2.0,0.0
2025-08-01 16:00,3.0,0.0
2025-08-01 17:00,4.0,0.0
2025-08-01 18:00,3.0,0.0
2025-08-04 16:00,1.0,0.0
2025-08-04 17:00,4.0,0.0
2025-08-04 19:00,4.0,0.0
2025-08-04 20:00,3.0,0.0
2025-08-04 21:00,2.0,0.0
2025-08-04 22:00,3.0,0.0
2025-08-05 13:00,3.0,0.0
2025-08-05 14:00,1.0,0.0
2025-08-06 11:00,3.0,0.0
2025-08-06 12:00,3.0,0.0
2025-08-06 13:00,1.0,0.0
2025-08-06 14:00,7.0,0.0
2025-08-06 15:00,2.0,0.0
2025-08-06 16:00,2.0,0.0
2025-08-06 17:00,3.0,0.0
2025-08-06 18:00,4.0,0.0
2025-08-07 11:00,2.0,0.0
2025-08-07 12:00,2.0,0.0
2025-08-07 13:00,2.0,0.0
2025-08-07 14:00,3.0,0.0
2025-08-07 15:00,6.0,0.0
2025-08-07 16:00,4.0,0.0
2025-08-07 17:00,7.0,0.0
2025-08-07 18:00,4.0,0.0
2025-08-07 19:00,6.0,0.0
2025-08-07 20:00,3.0,0.0
2025-08-07 21:00,3.0,0.0
2025-08-07 22:00,1.0,0.0
2025-08-08 12:00,2.0,0.0
2025-08-08 13:00,2.0,0.0
2025-08-08 14:00,7.0,0.0
2025-08-08 15:00,9.0,0.0
2025-08-08 16:00,5.0,0.0
2025-08-08 17:00,8.0,0.0
2025-08-08 18:00,1.0,0.0
2025-08-08 19:00,3.0,0.0
2025-08-08 21:00,2.0,0.0
2025-08-08 22:00,4.0,0.0
2025-08-08 23:00,3.0,0.0
2025-08-09 00:00,3.0,0.0
2025-08-09 01:00,3.0,0.0
2025-08-09 02:00,4.0,0.0
2025-08-09 03:00,1.0,0.0
2025-08-09 04:00,2.0,0.0
2025-08-09 06:00,1.0,0.0
2025-08-10 21:00,2.0,0.0
2025-08-10 22:00,3.0,0.0
2025-08-10 23:00,3.0,0.0
2025-08-11 00:00,2.0,0.0
2025-08-11 12:00,2.0,0.0
2025-08-11 13:00,3.0,0.0
2025-08-11 14:00,3.0,0.0
2025-08-11 15:00,3.0,0.0
2025-08-11 16:00,1.0,0.0
2025-08-11 17:00,3.0,0.0
2025-08-11 18:00,4.0,0.0
2025-08-11 19:00,2.0,0.0
2025-08-11 20:00,3.0,0.0
2025-08-11 21:00,2.0,0.0
2025-08-11 22:00,2.0,0.0
2025-08-12 02:00,2.0,0.0
2025-08-12 11:00,2.0,0.0
2025-08-12 12:00,3.0,0.0
2025-08-12 13:00,4.0,0.0
2025-08-12 14:00,4.0,0.0
2025-08-12 15:00,5.0,0.0
2025-08-12 16:00,2.0,0.0
2025-08-12 17:00,5.0,0.0
2025-08-12 18:00,2.0,0.0
2025-08-12 19:00,4.0,0.0
2025-08-12 20:00,3.0,0.0
2025-08-12 21:00,6.0,0.0
2025-08-12 22:00,2.0,0.0
2025-08-13 11:00,1.0,0.0
2025-08-13 12:00,2.0,0.0
2025-08-13 13:00,2.0,0.0
2025-08-13 14:00,3.0,0.0
2025-08-13 15:00,1.0,0.0
2025-08-13 17:00,1.0,0.0
2025-08-13 18:00,2.0,0.0
2025-08-13 22:00,1.0,0.0
2025-08-14 11:00,2.0,0.0
2025-08-14 12:00,3.0,0.0
2025-08-14 13:00,2.0,0.0
2025-08-14 14:00,5.0,0.0
2025-08-14 15:00,3.0,0.0
2025-08-14 16:00,5.0,0.0
2025-08-14 17:00,1.0,0.0
2025-08-15 11:00,2.0,0.0
2025-08-15 12:00,2.0,0.0
2025-08-15 13:00,1.0,0.0
2025-08-15 14:00,2.0,0.0
2025-08-15 15:00,2.0,0.0
2025-08-15 16:00,2.0,0.0
2025-08-15 17:00,3.0,0.0
2025-08-15 18:00,1.0,0.0
2025-08-15 20:00,1.0,0.0
2025-08-17 20:00,1.0,0.0
2025-08-17 21:00,4.0,0.0
2025-08-17 22:00,3.0,0.0
2025-08-17 23:00,4.0,0.0
2025-08-18 00:00,1.0,0.0
2025-08-18 12:00,5.0,0.0
2025-08-18 13:00,2.0,0.0
2025-08-18 14:00,3.0,0.0
2025-08-18 15:00,5.0,0.0
2025-08-18 16:00,1.0,0.0
2025-08-18 17:00,3.0,0.0
2025-08-18 18:00,5.0,0.0
2025-08-18 19:00,6.0,0.0
2025-08-18 20:00,3.0,0.0
2025-08-18 21:00,6.0,0.0
2025-08-18 22:00,4.0,0.0
2025-08-18 23:00,3.0,0.0
2025-08-19 00:00,3.0,0.0
2025-08-19 01:00,4.0,0.0
2025-08-19 11:00,2.0,0.0
2025-08-19 13:00,2.0,0.0
2025-08-19 14:00,5.0,0.0
2025-08-19 15:00,3.0,0.0
2025-08-19 16:00,5.0,0.0
2025-08-19 17:00,3.0,0.0
2025-08-19 18:00,5.0,0.0
2025-08-19 19:00,4.0,0.0
2025-08-19 22:00,3.0,0.0
2025-08-19 23:00,3.0,0.0
2025-08-20 00:00,1.0,0.0
2025-08-20 01:00,1.0,0.0
2025-08-20 11:00,2.0,0.0
2025-08-20 12:00,2.0,0.0
2025-08-20 13:00,3.0,0.0
2025-08-20 14:00,4.0,0.0
2025-08-20 15:00,1.0,0.0
2025-08-20 16:00,1.0,0.0
2025-08-20 17:00,2.0,0.0
2025-08-20 18:00,3.0,0.0
2025-08-20 19:00,4.0,0.0
2025-08-20 20:00,5.0,0.0
2025-08-20 21:00,4.0,0.0
2025-08-20 22:00,4.0,0.0
2025-08-20 23:00,4.0,0.0
2025-08-21 00:00,2.0,0.0
2025-08-21 01:00,1.0,0.0
2025-08-21 12:00,1.0,0.0
2025-08-21 13:00,4.0,0.0
2025-08-21 14:00,2.0,0.0
2025-08-21 15:00,1.0,0.0
2025-08-21 16:00,3.0,0.0
2025-08-21 17:00,6.0,0.0
2025-08-21 18:00,4.0,0.0
2025-08-21 19:00,6.0,0.0
2025-08-21 20:00,6.0,0.0
2025-08-21 21:00,5.0,0.0
2025-08-21 22:00,2.0,0.0
2025-08-21 23:00,3.0,0.0
2025-08-22 00:00,1.0,0.0
2025-08-22 01:00,1.0,0.0
2025-08-22 12:00,1.0,0.0
2025-08-22 13:00,4.0,0.0
2025-08-22 14:00,4.0,0.0
2025-08-22 15:00,4.0,0.0
2025-08-22 16:00,4.0,0.0
2025-08-22 17:00,2.0,0.0
2025-08-22 18:00,5.0,0.0
2025-08-22 19:00,5.0,0.0
2025-08-22 20:00,3.0,0.0
2025-08-22 21:00,4.0,0.0
2025-08-22 22:00,5.0,0.0
2025-08-22 23:00,6.0,0.0
2025-08-23 00:00,2.0,0.0
2025-08-23 01:00,2.0,0.0
2025-08-25 11:00,1.0,0.0
2025-08-25 13:00,5.0,0.0
2025-08-25 14:00,2.0,0.0
2025-08-25 15:00,6.0,0.0
2025-08-25 16:00,1.0,0.0
2025-08-25 17:00,3.0,0.0
2025-08-25 18:00,6.0,0.0
2025-08-25 19:00,3.0,0.0
2025-08-25 20:00,2.0,0.0
2025-08-25 21:00,1.0,0.0
2025-08-25 22:00,3.0,0.0
2025-08-25 23:00,3.0,0.0
2025-08-26 00:00,4.0,0.0
2025-08-26 01:00,1.0,0.0
2025-08-26 11:00,3.0,0.0
2025-08-26 12:00,1.0,0.0
2025-08-26 13:00,2.0,0.0
2025-08-26 14:00,4.0,0.0
2025-08-26 15:00,2.0,0.0
2025-08-26 16:00,3.0,0.0
2025-08-26 17:00,6.0,0.0
2025-08-26 18:00,3.0,0.0
2025-08-26 19:00,5.0,0.0
2025-08-26 20:00,5.0,0.0
2025-08-26 21:00,4.0,0.0
2025-08-26 22:00,1.0,0.0
2025-08-26 23:00,5.0,0.0
2025-08-27 00:00,1.0,0.0
2025-08-27 01:00,3.0,0.0
2025-08-27 12:00,3.0,0.0
2025-08-27 13:00,3.0,0.0
2025-08-27 14:00,1.0,0.0
2025-08-27 15:00,4.0,0.0
2025-08-27 16:00,3.0,0.0
2025-08-27 17:00,3.0,0.0
2025-08-27 18:00,4.0,0.0
2025-08-27 19:00,3.0,0.0
2025-08-27 20:00,3.0,0.0
2025-08-27 21:00,3.0,0.0
2025-08-27 22:00,3.0,0.0
2025-08-27 23:00,2.0,0.0
2025-08-28 01:00,3.0,0.0
2025-08-28 11:00,1.0,0.0
2025-08-28 13:00,2.0,0.0
2025-08-28 14:00,2.0,0.0
2025-08-28 15:00,2.0,0.0
2025-08-28 16:00,1.0,0.0
2025-08-28 17:00,3.0,0.0
2025-08-28 18:00,5.0,0.0
2025-08-28 19:00,2.0,0.0
2025-08-28 20:00,7.0,0.0
2025-08-28 21:00,4.0,0.0
2025-08-28 22:00,9.0,0.0
2025-08-28 23:00,7.0,0.0
2025-08-29 00:00,3.0,0.0
2025-08-29 01:00,3.0,0.0
2025-08-29 11:00,2.0,0.0
2025-08-29 12:00,2.0,0.0
2025-08-29 13:00,5.0,0.0
2025-08-29 14:00,3.0,0.0
2025-08-29 15:00,2.0,0.0
2025-08-29 16:00,4.0,0.0
2025-08-29 17:00,1.0,0.0
2025-08-29 18:00,4.0,0.0
2025-08-29 19:00,6.0,0.0
2025-08-29 20:00,6.0,0.0
2025-08-29 21:00,3.0,0.0
2025-08-29 22:00,5.0,0.0
2025-08-29 23:00,7.0,0.0
2025-08-30 00:00,4.0,0.0
2025-08-30 01:00,1.0,0.0
2025-09-01 14:00,2.0,0.0
2025-09-01 15:00,5.0,0.0
2025-09-01 16:00,4.0,0.0
2025-09-01 17:00,3.0,0.0
2025-09-01 18:00,4.0,0.0
2025-09-01 20:00,4.0,0.0
2025-09-01 21:00,5.0,0.0
2025-09-01 22:00,1.0,0.0
2025-09-01 23:00,6.0,0.0
2025-09-02 00:00,4.0,0.0
2025-09-02 01:00,2.0,0.0
2025-09-02 12:00,4.0,0.0
2025-09-02 13:00,4.0,0.0
2025-09-02 14:00,8.0,0.0
2025-09-02 15:00,1.0,0.0
2025-09-02 16:00,4.0,0.0
2025-09-02 17:00,6.0,0.0
2025-09-02 18:00,5.0,0.0
2025-09-02 19:00,5.0,0.0
2025-09-02 20:00,4.0,0.0
2025-09-02 21:00,3.0,0.0
2025-09-02 22:00,2.0,0.0
2025-09-02 23:00,5.0,0.0
2025-09-03 00:00,2.0,0.0
2025-09-03 01:00,4.0,0.0
2025-09-03 12:00,1.0,0.0
2025-09-03 13:00,1.0,0.0
2025-09-03 14:00,4.0,0.0
2025-09-03 15:00,3.0,0.0
2025-09-03 16:00,4.0,0.0
2025-09-03 17:00,4.0,0.0
2025-09-03 18:00,6.0,0.0
2025-09-03 19:00,4.0,0.0
2025-09-03 20:00,8.0,0.0
2025-09-03 21:00,5.0,0.0
2025-09-03 22:00,2.0,0.0
2025-09-03 23:00,6.0,0.0
2025-09-04 00:00,6.0,0.0
2025-09-04 01:00,3.0,0.0
2025-09-04 11:00,1.0,0.0
2025-09-04 12:00,2.0,0.0
2025-09-04 13:00,2.0,0.0
2025-09-04 14:00,6.0,0.0
2025-09-04 15:00,4.0,0.0
2025-09-04 16:00,2.0,0.0
2025-09-04 17:00,2.0,0.0
2025-09-04 18:00,4.0,0.0
2025-09-04 19:00,7.0,0.0
2025-09-04 20:00,3.0,0.0
2025-09-04 21:00,3.0,0.0
2025-09-04 22:00,3.0,0.0
2025-09-04 23:00,5.0,0.0
2025-09-05 00:00,3.0,0.0
2025-09-05 01:00,2.0,0.0
2025-09-05 11:00,2.0,0.0
2025-09-05 12:00,3.0,0.0
2025-09-05 14:00,1.0,0.0
2025-09-05 15:00,2.0,0.0
2025-09-05 16:00,4.0,0.0
2025-09-05 17:00,3.0,0.0
2025-09-05 18:00,4.0,0.0
2025-09-05 19:00,4.0,0.0
2025-09-05 20:00,5.0,0.0
2025-09-05 21:00,3.0,0.0
2025-09-05 22:00,3.0,0.0
2025-09-05 23:00,2.0,0.0
2025-09-06 00:00,2.0,0.0
2025-09-06 01:00,3.0,0.0
2025-09-08 11:00,1.0,0.0
2025-09-08 12:00,3.0,0.0
2025-09-08 13:00,3.0,0.0
2025-09-08 14:00,1.0,0.0
2025-09-08 15:00,4.0,0.0
2025-09-08 16:00,4.0,0.0
2025-09-08 17:00,2.0,0.0
2025-09-08 18:00,4.0,0.0
2025-09-08 19:00,4.0,0.0
2025-09-08 20:00,4.0,0.0
2025-09-08 21:00,4.0,0.0
2025-09-08 22:00,4.0,0.0
2025-09-08 23:00,3.0,0.0
2025-09-09 00:00,3.0,0.0
2025-09-09 01:00,2.0,0.0
2025-09-09 11:00,1.0,0.0
2025-09-09 12:00,3.0,0.0
2025-09-09 13:00,2.0,0.0
2025-09-09 14:00,5.0,0.0
2025-09-09 15:00,3.0,0.0
2025-09-09 16:00,1.0,0.0
2025-09-09 17:00,5.0,0.0
2025-09-09 18:00,4.0,0.0
2025-09-09 19:00,9.0,0.0
2025-09-09 20:00,3.0,0.0
2025-09-09 21:00,3.0,0.0
2025-09-09 22:00,3.0,0.0
2025-09-09 23:00,3.0,0.0
2025-09-10 00:00,2.0,0.0
2025-09-10 12:00,1.0,0.0
2025-09-10 13:00,4.0,0.0
2025-09-10 14:00,2.0,0.0
2025-09-10 15:00,3.0,0.0
2025-09-10 16:00,3.0,0.0
2025-09-10 17:00,3.0,0.0
2025-09-10 18:00,3.0,0.0
2025-09-10 19:00,4.0,0.0
2025-09-10 20:00,4.0,0.0
2025-09-10 21:00,1.0,0.0
2025-09-10 22:00,2.0,0.0
2025-09-10 23:00,3.0,0.0
2025-09-11 00:00,1.0,0.0
2025-09-11 01:00,2.0,0.0
2025-09-11 11:00,2.0,0.0
2025-09-11 12:00,4.0,0.0
2025-09-11 13:00,4.0,0.0
2025-09-11 14:00,2.0,0.0
2025-09-11 15:00,3.0,0.0
2025-09-11 16:00,1.0,0.0
2025-09-11 17:00,3.0,0.0
2025-09-11 18:00,5.0,0.0
2025-09-11 19:00,2.0,0.0
2025-09-11 20:00,2.0,0.0
2025-09-11 21:00,4.0,0.0
2025-09-11 22:00,6.0,0.0
2025-09-11 23:00,1.0,0.0
2025-09-12 00:00,4.0,0.0
2025-09-12 11:00,4.0,0.0
2025-09-12 12:00,3.0,0.0
2025-09-12 13:00,3.0,0.0
2025-09-12 14:00,2.0,0.0
2025-09-12 15:00,7.0,0.0
2025-09-12 17:00,4.0,0.0
2025-09-12 18:00,1.0,0.0
2025-09-12 19:00,4.0,0.0
2025-09-12 20:00,3.0,0.0
2025-09-12 21:00,3.0,0.0
2025-09-12 23:00,3.0,0.0
2025-09-13 00:00,3.0,0.0
2025-09-13 01:00,2.0,0.0
2025-09-13 02:00,5.0,0.0
2025-09-13 03:00,1.0,0.0
2025-09-13 04:00,3.0,0.0
2025-09-13 05:00,3.0,0.0
2025-09-13 06:00,3.0,0.0
2025-09-14 15:00,2.0,0.0
2025-09-14 16:00,2.0,0.0
2025-09-14 17:00,2.0,0.0
2025-09-14 18:00,3.0,0.0
2025-09-14 19:00,1.0,0.0
2025-09-14 20:00,1.0,0.0
2025-09-15 11:00,1.0,0.0
2025-09-15 12:00,4.0,0.0
2025-09-15 13:00,8.0,0.0
2025-09-15 14:00,7.0,0.0
2025-09-15 15:00,4.0,0.0
2025-09-15 16:00,2.0,0.0
2025-09-15 17:00,2.0,0.0
2025-09-15 18:00,3.0,0.0
2025-09-15 19:00,2.0,0.0
2025-09-15 20:00,5.0,0.0
2025-09-15 21:00,4.0,0.0
2025-09-15 22:00,3.0,0.0
2025-09-15 23:00,5.0,0.0
2025-09-16 00:00,2.0,0.0
2025-09-16 01:00,2.0,0.0
2025-09-16 12:00,2.0,0.0
2025-09-16 13:00,2.0,0.0
2025-09-16 14:00,6.0,0.0
2025-09-16 15:00,3.0,0.0
2025-09-16 16:00,2.0,0.0
2025-09-16 17:00,6.0,0.0
2025-09-16 18:00,4.0,0.0
2025-09-16 19:00,4.0,0.0
2025-09-16 20:00,3.0,0.0
2025-09-16 21:00,4.0,0.0
2025-09-16 22:00,3.0,0.0
2025-09-16 23:00,3.0,0.0
2025-09-17 00:00,5.0,0.0
2025-09-17 01:00,2.0,0.0
2025-09-17 11:00,1.0,0.0
2025-09-17 12:00,4.0,0.0
2025-09-17 13:00,1.0,0.0
2025-09-17 14:00,1.0,0.0
2025-09-17 15:00,3.0,0.0
2025-09-17 16:00,4.0,0.0
2025-09-17 17:00,5.0,0.0
2025-09-17 18:00,4.0,0.0
2025-09-17 19:00,2.0,0.0
2025-09-17 20:00,5.0,0.0
2025-09-17 21:00,4.0,0.0
2025-09-17 22:00,4.0,0.0
2025-09-17 23:00,3.0,0.0
2025-09-18 00:00,5.0,0.0
2025-09-18 01:00,1.0,0.0
2025-09-18 11:00,1.0,0.0
2025-09-18 12:00,3.0,0.0
2025-09-18 13:00,2.0,0.0
2025-09-18 14:00,4.0,0.0
2025-09-18 15:00,3.0,0.0
2025-09-18 16:00,4.0,0.0
2025-09-18 17:00,4.0,0.0
2025-09-18 18:00,5.0,0.0
2025-09-18 19:00,4.0,0.0
2025-09-18 20:00,2.0,0.0
2025-09-18 21:00,3.0,0.0
2025-09-18 23:00,4.0,0.0
2025-09-19 00:00,5.0,0.0
2025-09-19 11:00,2.0,0.0
2025-09-19 12:00,3.0,0.0
2025-09-19 13:00,1.0,0.0
2025-09-19 14:00,4.0,0.0
2025-09-19 15:00,1.0,0.0
2025-09-19 17:00,4.0,0.0
2025-09-19 18:00,3.0,0.0
2025-09-19 19:00,5.0,0.0
2025-09-19 20:00,3.0,0.0
2025-09-19 21:00,4.0,0.0
2025-09-19 22:00,5.0,0.0
2025-09-19 23:00,5.0,0.0
2025-09-20 00:00,3.0,0.0
2025-09-20 01:00,4.0,0.0
2025-09-20 02:00,3.0,0.0
2025-09-20 03:00,4.0,0.0
2025-09-20 04:00,2.0,0.0
2025-09-20 05:00,3.0,0.0
2025-09-20 15:00,1.0,0.0
2025-09-20 16:00,2.0,0.0
2025-09-20 17:00,3.0,0.0
2025-09-20 18:00,3.0,0.0
2025-09-20 19:00,2.0,0.0
2025-09-20 20:00,2.0,0.0
2025-09-20 21:00,2.0,0.0
2025-09-20 22:00,3.0,0.0
2025-09-20 23:00,3.0,0.0
2025-09-21 00:00,1.0,0.0
2025-09-21 01:00,2.0,0.0
2025-09-22 12:00,2.0,0.0
2025-09-22 13:00,1.0,0.0
2025-09-22 14:00,1.0,0.0
2025-09-22 15:00,2.0,0.0
2025-09-22 16:00,1.0,0.0
2025-09-22 17:00,4.0,0.0
2025-09-22 18:00,2.0,0.0
2025-09-22 19:00,2.0,0.0
2025-09-22 22:00,2.0,0.0
2025-09-22 23:00,6.0,0.0
2025-09-23 00:00,2.0,0.0
2025-09-23 11:00,2.0,0.0
2025-09-23 12:00,3.0,0.0
2025-09-23 13:00,2.0,0.0
2025-09-23 14:00,1.0,0.0
2025-09-23 15:00,1.0,0.0
2025-09-23 16:00,5.0,0.0
2025-09-23 17:00,1.0,0.0
2025-09-23 18:00,2.0,0.0
2025-09-23 19:00,6.0,0.0
2025-09-23 20:00,6.0,0.0
2025-09-23 21:00,4.0,0.0
2025-09-23 22:00,2.0,0.0
2025-09-23 23:00,3.0,0.0
2025-09-24 00:00,3.0,0.0
2025-09-24 12:00,2.0,0.0
2025-09-24 13:00,2.0,0.0
2025-09-24 14:00,1.0,0.0
2025-09-24 15:00,2.0,0.0
2025-09-24 16:00,2.0,0.0
2025-09-24 17:00,4.0,0.0
2025-09-24 18:00,2.0,0.0
2025-09-24 19:00,5.0,0.0
2025-09-24 20:00,4.0,0.0
2025-09-24 21:00,2.0,0.0
2025-09-24 23:00,3.0,0.0
2025-09-25 00:00,1.0,0.0
2025-09-25 01:00,2.0,0.0
2025-09-25 11:00,2.0,0.0
2025-09-25 12:00,1.0,0.0
2025-09-25 13:00,4.0,0.0
2025-09-25 14:00,1.0,0.0
2025-09-25 15:00,2.0,0.0
2025-09-25 16:00,3.0,0.0
2025-09-25 17:00,2.0,0.0
2025-09-25 18:00,2.0,0.0
2025-09-25 19:00,5.0,0.0
2025-09-25 20:00,4.0,0.0
2025-09-25 21:00,1.0,0.0
2025-09-25 22:00,3.0,0.0
2025-09-25 23:00,5.0,0.0
2025-09-26 00:00,2.0,0.0
2025-09-26 01:00,1.0,0.0
2025-09-26 11:00,1.0,0.0
2025-09-26 13:00,2.0,0.0
2025-09-26 14:00,3.0,0.0
2025-09-26 17:00,3.0,0.0
2025-09-26 19:00,4.0,0.0
2025-09-26 20:00,7.0,0.0
2025-09-26 21:00,3.0,0.0
2025-09-26 22:00,1.0,0.0
2025-09-28 06:00,1.0,0.0
2025-09-29 11:00,1.0,0.0
2025-09-29 12:00,3.0,0.0
2025-09-29 13:00,4.0,0.0
2025-09-29 14:00,4.0,0.0
2025-09-29 15:00,4.0,0.0
2025-09-29 16:00,3.0,0.0
2025-09-29 17:00,2.0,0.0
2025-09-29 18:00,3.0,0.0
2025-09-29 19:00,3.0,0.0
2025-09-29 20:00,6.0,0.0
2025-09-29 21:00,4.0,0.0
2025-09-29 22:00,4.0,0.0
2025-09-29 23:00,3.0,0.0
2025-09-30 00:00,2.0,0.0
2025-09-30 11:00,3.0,0.0
2025-09-30 12:00,3.0,0.0
2025-09-30 13:00,3.0,0.0
2025-09-30 14:00,3.0,0.0
2025-09-30 15:00,2.0,0.0
2025-09-30 16:00,5.0,0.0
2025-09-30 17:00,4.0,0.0
2025-09-30 18:00,3.0,0.0
2025-09-30 19:00,2.0,0.0
2025-09-30 20:00,4.0,0.0
2025-09-30 21:00,3.0,0.0
2025-09-30 22:00,4.0,0.0
2025-09-30 23:00,2.0,0.0
2025-10-01 00:00,3.0,0.0
2025-10-01 01:00,1.0,0.0
2025-10-01 11:00,2.0,0.0
2025-10-01 12:00,5.0,0.0
2025-10-01 13:00,3.0,0.0
2025-10-01 14:00,3.0,0.0
2025-10-01 15:00,1.0,0.0
2025-10-01 16:00,5.0,0.0
2025-10-01 17:00,4.0,0.0
2025-10-01 18:00,5.0,0.0
2025-10-01 19:00,7.0,0.0
2025-10-01 20:00,3.0,0.0
2025-10-01 21:00,6.0,0.0
2025-10-01 22:00,5.0,0.0
2025-10-01 23:00,1.0,0.0
2025-10-02 00:00,5.0,0.0
2025-10-02 12:00,2.0,0.0
2025-10-02 13:00,3.0,0.0
2025-10-02 14:00,2.0,0.0
2025-10-02 15:00,6.0,0.0
2025-10-02 16:00,5.0,0.0
2025-10-02 17:00,2.0,0.0
2025-10-02 18:00,6.0,0.0
2025-10-02 19:00,2.0,0.0
2025-10-02 20:00,5.0,0.0
2025-10-02 21:00,7.0,0.0
2025-10-02 22:00,2.0,0.0
2025-10-02 23:00,5.0,0.0
2025-10-03 00:00,1.0,0.0
2025-10-03 01:00,1.0,0.0
2025-10-03 11:00,1.0,0.0
2025-10-03 12:00,3.0,0.0
2025-10-03 13:00,2.0,0.0
2025-10-03 14:00,3.0,0.0
2025-10-03 15:00,1.0,0.0
2025-10-03 16:00,3.0,0.0
2025-10-03 18:00,4.0,0.0
2025-10-03 19:00,4.0,0.0
2025-10-03 20:00,3.0,0.0
2025-10-03 21:00,3.0,0.0
2025-10-03 22:00,6.0,0.0
2025-10-03 23:00,4.0,0.0
2025-10-04 00:00,1.0,0.0
2025-10-04 01:00,3.0,0.0
2025-10-04 03:00,3.0,0.0
2025-10-04 04:00,2.0,0.0
2025-10-05 00:00,2.0,0.0
2025-10-05 01:00,2.0,0.0
2025-10-05 02:00,3.0,0.0
2025-10-05 03:00,2.0,0.0
2025-10-06 11:00,1.0,0.0
2025-10-06 12:00,2.0,0.0
2025-10-06 13:00,2.0,0.0
2025-10-06 14:00,5.0,0.0
2025-10-06 15:00,2.0,0.0
2025-10-06 17:00,1.0,0.0
2025-10-06 18:00,5.0,0.0
2025-10-06 19:00,3.0,0.0
2025-10-06 20:00,5.0,0.0
2025-10-06 21:00,5.0,0.0
2025-10-06 22:00,4.0,0.0
2025-10-06 23:00,2.0,0.0
2025-10-07 00:00,3.0,0.0
2025-10-07 18:00,4.0,0.0
2025-10-07 19:00,3.0,0.0
2025-10-07 20:00,1.0,0.0
2025-10-07 21:00,3.0,0.0
2025-10-07 22:00,1.0,0.0
2025-10-07 23:00,4.0,0.0
2025-10-08 00:00,4.0,0.0
2025-10-08 11:00,1.0,0.0
2025-10-08 12:00,5.0,0.0
2025-10-08 13:00,3.0,0.0
2025-10-08 14:00,5.0,0.0
2025-10-08 15:00,3.0,0.0
2025-10-08 16:00,2.0,0.0
2025-10-08 17:00,5.0,0.0
2025-10-08 18:00,5.0,0.0
2025-10-08 19:00,4.0,0.0
2025-10-08 20:00,2.0,0.0
2025-10-08 21:00,2.0,0.0
2025-10-08 22:00,4.0,0.0
2025-10-08 23:00,3.0,0.0
2025-10-09 00:00,3.0,0.0
2025-10-09 01:00,3.0,0.0
2025-10-09 02:00,4.0,0.0
2025-10-09 03:00,4.0,0.0
2025-10-09 11:00,1.0,0.0
2025-10-09 12:00,1.0,0.0
2025-10-09 13:00,2.0,0.0
2025-10-09 14:00,3.0,0.0
2025-10-09 15:00,2.0,0.0
2025-10-09 16:00,3.0,0.0
2025-10-09 17:00,3.0,0.0
2025-10-09 18:00,2.0,0.0
2025-10-09 19:00,2.0,0.0
2025-10-09 21:00,3.0,0.0
2025-10-09 22:00,3.0,0.0
2025-10-09 23:00,1.0,0.0
2025-10-10 00:00,3.0,0.0
2025-10-10 01:00,1.0,0.0
2025-10-10 02:00,1.0,0.0
2025-10-10 11:00,2.0,0.0
2025-10-10 12:00,3.0,0.0
2025-10-10 13:00,5.0,0.0
2025-10-10 14:00,4.0,0.0
2025-10-10 15:00,3.0,0.0
2025-10-10 16:00,3.0,0.0
2025-10-10 17:00,4.0,0.0
2025-10-10 18:00,3.0,0.0
2025-10-10 19:00,2.0,0.0
2025-10-10 20:00,1.0,0.0
2025-10-10 21:00,6.0,0.0
2025-10-10 22:00,1.0,0.0
2025-10-10 23:00,3.0,0.0
2025-10-11 00:00,2.0,0.0
2025-10-11 01:00,4.0,0.0
2025-10-11 02:00,4.0,0.0
2025-10-11 03:00,4.0,0.0
2025-10-11 04:00,5.0,0.0
2025-10-11 05:00,1.0,0.0
2025-10-11 14:00,1.0,0.0
2025-10-12 18:00,3.0,0.0
2025-10-12 19:00,2.0,0.0
2025-10-13 11:00,2.0,0.0
2025-10-13 12:00,2.0,0.0
2025-10-13 13:00,3.0,0.0
2025-10-13 14:00,1.0,0.0
2025-10-13 15:00,4.0,0.0
2025-10-13 16:00,3.0,0.0
2025-10-13 17:00,3.0,0.0
2025-10-13 18:00,5.0,0.0
2025-10-13 19:00,4.0,0.0
2025-10-13 20:00,5.0,0.0
2025-10-13 21:00,3.0,0.0
2025-10-13 22:00,5.0,0.0
2025-10-13 23:00,4.0,0.0
2025-10-14 00:00,1.0,0.0
2025-10-14 12:00,3.0,0.0
2025-10-14 13:00,2.0,0.0
2025-10-14 14:00,3.0,0.0
2025-10-14 15:00,2.0,0.0
2025-10-14 16:00,5.0,0.0
2025-10-14 18:00,3.0,0.0
2025-10-14 19:00,4.0,0.0
2025-10-14 20:00,6.0,0.0
2025-10-14 21:00,2.0,0.0
2025-10-14 22:00,4.0,0.0
2025-10-14 23:00,5.0,0.0
2025-10-15 00:00,4.0,0.0
2025-10-15 11:00,1.0,0.0
2025-10-15 12:00,1.0,0.0
2025-10-15 13:00,2.0,0.0
2025-10-15 14:00,5.0,0.0
2025-10-15 15:00,4.0,0.0
2025-10-15 16:00,3.0,0.0
2025-10-15 17:00,6.0,0.0
2025-10-15 18:00,4.0,0.0
2025-10-15 19:00,4.0,0.0
2025-10-15 20:00,4.0,0.0
2025-10-15 21:00,3.0,0.0
2025-10-15 22:00,3.0,0.0
2025-10-15 23:00,2.0,0.0
2025-10-16 00:00,3.0,0.0
2025-10-16 01:00,1.0,0.0
2025-10-16 11:00,1.0,0.0
2025-10-16 12:00,2.0,0.0
2025-10-16 13:00,4.0,0.0
2025-10-16 14:00,2.0,0.0
2025-10-16 15:00,2.0,0.0
2025-10-16 17:00,3.0,0.0
2025-10-16 18:00,4.0,0.0
2025-10-16 19:00,5.0,0.0
2025-10-16 20:00,4.0,0.0
2025-10-16 21:00,2.0,0.0
2025-10-16 22:00,2.0,0.0
2025-10-16 23:00,3.0,0.0
2025-10-17 00:00,2.0,0.0
2025-10-17 01:00,1.0,0.0
2025-10-17 11:00,2.0,0.0
2025-10-17 13:00,1.0,0.0
2025-10-17 14:00,1.0,0.0
2025-10-17 15:00,4.0,0.0
2025-10-17 16:00,1.0,0.0
2025-10-17 17:00,2.0,0.0
2025-10-17 18:00,4.0,0.0
2025-10-17 19:00,4.0,0.0
2025-10-17 20:00,3.0,0.0
2025-10-17 21:00,3.0,0.0
2025-10-17 22:00,3.0,0.0
2025-10-17 23:00,4.0,0.0
2025-10-18 00:00,2.0,0.0
2025-10-18 01:00,4.0,0.0
2025-10-18 02:00,2.0,0.0
2025-10-18 03:00,3.0,0.0
2025-10-18 04:00,3.0,0.0
2025-10-20 12:00,2.0,0.0
2025-10-20 13:00,2.0,0.0
2025-10-20 14:00,5.0,0.0
2025-10-20 15:00,1.0,0.0
2025-10-20 16:00,1.0,0.0
2025-10-20 17:00,3.0,0.0
2025-10-20 18:00,5.0,0.0
2025-10-20 19:00,6.0,0.0
2025-10-20 20:00,2.0,0.0
2025-10-20 21:00,2.0,0.0
2025-10-20 22:00,3.0,0.0
2025-10-20 23:00,3.0,0.0
2025-10-21 00:00,5.0,0.0
2025-10-21 01:00,2.0,0.0
2025-10-21 12:00,3.0,0.0
2025-10-21 14:00,7.0,0.0
2025-10-21 15:00,4.0,0.0
2025-10-21 16:00,6.0,0.0
2025-10-21 17:00,1.0,0.0
2025-10-21 18:00,2.0,0.0
2025-10-21 19:00,4.0,0.0
2025-10-21 21:00,3.0,0.0
2025-10-21 22:00,1.0,0.0
2025-10-22 12:00,2.0,0.0
2025-10-22 15:00,1.0,0.0
2025-10-22 16:00,2.0,0.0
2025-10-22 20:00,2.0,0.0
2025-10-22 22:00,3.0,0.0
2025-10-22 23:00,2.0,0.0
2025-10-23 00:00,2.0,0.0
2025-10-23 12:00,1.0,0.0
2025-10-23 13:00,1.0,0.0
2025-10-23 15:00,1.0,0.0
2025-10-23 16:00,1.0,0.0
2025-10-23 18:00,3.0,0.0
2025-10-23 19:00,4.0,0.0
2025-10-23 20:00,5.0,0.0
2025-10-23 21:00,2.0,0.0
2025-10-23 22:00,2.0,0.0
2025-10-23 23:00,2.0,0.0
2025-10-24 11:00,1.0,0.0
2025-10-24 13:00,1.0,0.0
2025-10-24 14:00,3.0,0.0
2025-10-24 15:00,1.0,0.0
2025-10-24 16:00,2.0,0.0
2025-10-24 17:00,1.0,0.0
2025-10-24 18:00,1.0,0.0
2025-10-24 19:00,1.0,0.0
2025-10-24 20:00,1.0,0.0
2025-10-24 21:00,2.0,0.0
2025-10-24 22:00,3.0,0.0
2025-10-24 23:00,1.0,0.0
2025-10-25 00:00,1.0,0.0
2025-10-25 01:00,2.0,0.0
2025-10-25 02:00,3.0,0.0
2025-10-25 05:00,2.0,0.0
2025-10-25 06:00,2.0,0.0
2025-10-25 07:00,1.0,0.0
2025-10-25 16:00,2.0,0.0
2025-10-25 17:00,3.0,0.0
2025-10-25 18:00,1.0,0.0
2025-10-25 19:00,2.0,0.0
2025-10-25 20:00,4.0,0.0
2025-10-25 22:00,3.0,0.0
2025-10-25 23:00,1.0,0.0
2025-10-27 11:00,1.0,0.0
2025-10-27 13:00,1.0,0.0
2025-10-27 14:00,5.0,0.0
2025-10-27 15:00,1.0,0.0
2025-10-27 16:00,3.0,0.0
2025-10-27 17:00,2.0,0.0
2025-10-27 18:00,3.0,0.0
2025-10-27 19:00,3.0,0.0
2025-10-27 20:00,5.0,0.0
2025-10-27 21:00,6.0,0.0
2025-10-27 22:00,4.0,0.0
2025-10-27 23:00,1.0,0.0
2025-10-28 00:00,1.0,0.0
2025-10-28 01:00,2.0,0.0
2025-10-28 09:00,2.0,0.0
2025-10-28 10:00,2.0,0.0
2025-10-28 13:00,5.0,0.0
2025-10-28 14:00,2.0,0.0
2025-10-28 15:00,4.0,0.0
2025-10-28 16:00,4.0,0.0
2025-10-28 17:00,6.0,0.0
2025-10-28 18:00,1.0,0.0
2025-10-28 19:00,2.0,0.0
2025-10-28 20:00,2.0,0.0
2025-10-28 21:00,4.0,0.0
2025-10-28 22:00,4.0,0.0
2025-10-28 23:00,3.0,0.0
2025-10-29 00:00,5.0,0.0
2025-10-29 01:00,2.0,0.0
2025-10-29 12:00,2.0,0.0
2025-10-29 13:00,1.0,0.0
2025-10-29 14:00,1.0,0.0
2025-10-29 15:00,2.0,0.0
2025-10-29 16:00,3.0,0.0
2025-10-29 17:00,1.0,0.0
2025-10-29 18:00,2.0,0.0
2025-10-29 19:00,2.0,0.0
2025-10-29 20:00,2.0,0.0
2025-10-29 21:00,2.0,0.0
2025-10-30 13:00,3.0,0.0
2025-10-30 14:00,2.0,0.0
2025-10-30 17:00,2.0,0.0
2025-10-30 18:00,1.0,0.0
2025-10-30 19:00,1.0,0.0
2025-10-30 20:00,1.0,0.0
2025-10-30 22:00,3.0,0.0
2025-10-30 23:00,2.0,0.0
2025-10-31 00:00,4.0,0.0
2025-10-31 13:00,1.0,0.0
2025-10-31 14:00,3.0,0.0
2025-10-31 15:00,2.0,0.0
2025-10-31 16:00,1.0,0.0
2025-10-31 17:00,3.0,0.0
2025-10-31 18:00,3.0,0.0
2025-10-31 19:00,4.0,0.0
2025-10-31 20:00,3.0,0.0
2025-10-31 21:00,3.0,0.0
2025-10-31 23:00,2.0,0.0
2025-11-01 00:00,2.0,0.0
2025-11-01 01:00,1.0,0.0
2025-11-01 04:00,3.0,0.0
2025-11-01 05:00,1.0,0.0
2025-11-01 10:00,2.0,0.0
2025-11-01 12:00,2.0,0.0
2025-11-01 13:00,4.0,0.0
2025-11-01 14:00,5.0,0.0
2025-11-01 15:00,1.0,0.0
2025-11-01 16:00,1.0,0.0
2025-11-01 17:00,2.0,0.0
2025-11-01 18:00,1.0,0.0
2025-11-01 20:00,3.0,0.0
2025-11-01 21:00,2.0,0.0
2025-11-01 22:00,2.0,0.0
2025-11-01 23:00,2.0,0.0
2025-11-02 00:00,2.0,0.0
2025-11-02 01:00,3.0,0.0
2025-11-02 02:00,5.0,0.0
2025-11-02 03:00,3.0,0.0
2025-11-02 04:00,4.0,0.0
2025-11-02 05:00,3.0,0.0
2025-11-02 16:00,2.0,0.0
2025-11-02 17:00,1.0,0.0
2025-11-02 18:00,4.0,0.0
2025-11-02 19:00,4.0,0.0
2025-11-02 20:00,4.0,0.0
2025-11-02 21:00,3.0,0.0
2025-11-02 22:00,1.0,0.0
2025-11-02 23:00,1.0,0.0
2025-11-03 00:00,1.0,0.0
2025-11-03 13:00,2.0,0.0
2025-11-03 16:00,3.0,0.0
2025-11-03 17:00,4.0,0.0
2025-11-03 18:00,2.0,0.0
2025-11-03 19:00,2.0,0.0
2025-11-03 20:00,2.0,0.0
2025-11-03 21:00,1.0,0.0
2025-11-03 23:00,1.0,0.0
2025-11-04 00:00,1.0,0.0
2025-11-04 01:00,3.0,0.0
2025-11-04 11:00,2.0,0.0
2025-11-04 12:00,1.0,0.0
2025-11-04 13:00,2.0,0.0
2025-11-04 15:00,1.0,0.0
2025-11-04 16:00,3.0,0.0
2025-11-04 17:00,3.0,0.0
2025-11-04 18:00,2.0,0.0
2025-11-04 19:00,5.0,0.0
2025-11-04 20:00,1.0,0.0
2025-11-04 21:00,3.0,0.0
2025-11-04 22:00,4.0,0.0
2025-11-04 23:00,1.0,0.0
2025-11-05 00:00,3.0,0.0
2025-11-05 01:00,2.0,0.0
2025-11-05 02:00,1.0,0.0
2025-11-05 14:00,2.0,0.0
2025-11-05 16:00,2.0,0.0
2025-11-05 17:00,4.0,0.0
2025-11-05 18:00,2.0,0.0
2025-11-05 19:00,1.0,0.0
2025-11-05 20:00,3.0,0.0
2025-11-05 21:00,1.0,0.0
2025-11-05 22:00,2.0,0.0
2025-11-05 23:00,2.0,0.0
2025-11-06 00:00,3.0,0.0
2025-11-06 01:00,2.0,0.0
2025-11-06 13:00,1.0,0.0
2025-11-06 14:00,3.0,0.0
2025-11-06 15:00,3.0,0.0
2025-11-06 16:00,2.0,0.0
2025-11-06 17:00,1.0,0.0
2025-11-06 18:00,2.0,0.0
2025-11-06 19:00,2.0,0.0
2025-11-06 20:00,2.0,0.0
2025-11-06 21:00,4.0,0.0
2025-11-06 22:00,5.0,0.0
2025-11-06 23:00,3.0,0.0
2025-11-07 00:00,3.0,0.0
2025-11-07 01:00,1.0,0.0
2025-11-07 02:00,1.0,0.0
2025-11-07 13:00,1.0,0.0
2025-11-07 14:00,2.0,0.0
2025-11-07 17:00,1.0,0.0
2025-11-07 18:00,3.0,0.0
2025-11-07 19:00,6.0,0.0
2025-11-07 20:00,4.0,0.0
2025-11-07 21:00,5.0,0.0
2025-11-07 23:00,4.0,0.0
2025-11-08 00:00,1.0,0.0
2025-11-08 01:00,3.0,0.0
2025-11-08 02:00,4.0,0.0
2025-11-08 03:00,2.0,0.0
2025-11-08 04:00,3.0,0.0
2025-11-08 05:00,1.0,0.0
2025-11-08 06:00,2.0,0.0
2025-11-08 14:00,1.0,0.0
2025-11-08 15:00,2.0,0.0
2025-11-08 16:00,2.0,0.0
2025-11-08 17:00,4.0,0.0
2025-11-08 18:00,2.0,0.0
2025-11-08 19:00,3.0,0.0
2025-11-08 20:00,1.0,0.0
2025-11-08 21:00,3.0,0.0
2025-11-08 22:00,3.0,0.0
2025-11-08 23:00,3.0,0.0
2025-11-09 00:00,2.0,0.0
2025-11-09 01:00,2.0,0.0
2025-11-09 02:00,3.0,0.0
2025-11-09 03:00,1.0,0.0
2025-11-09 05:00,1.0,0.0
2025-11-09 18:00,3.0,0.0
2025-11-09 19:00,1.0,0.0
2025-11-10 14:00,1.0,0.0
2025-11-10 19:00,1.0,0.0
2025-11-10 21:00,4.0,0.0
2025-11-10 23:00,4.0,0.0
2025-11-11 00:00,2.0,0.0
2025-11-11 01:00,1.0,0.0
2025-11-11 09:00,2.0,0.0
2025-11-11 12:00,2.0,0.0
2025-11-11 13:00,2.0,0.0
2025-11-11 14:00,5.0,0.0
2025-11-11 15:00,1.0,0.0
2025-11-11 16:00,4.0,0.0
2025-11-11 17:00,1.0,0.0
2025-11-11 19:00,1.0,0.0
2025-11-11 20:00,2.0,0.0
2025-11-11 21:00,2.0,0.0
2025-11-11 22:00,3.0,0.0
2025-11-11 23:00,1.0,0.0
2025-11-12 00:00,3.0,0.0
2025-11-12 01:00,1.0,0.0
2025-11-12 13:00,1.0,0.0
2025-11-12 15:00,3.0,0.0
2025-11-12 16:00,2.0,0.0
2025-11-12 17:00,4.0,0.0
2025-11-12 18:00,1.0,0.0
2025-11-12 19:00,2.0,0.0
2025-11-12 20:00,1.0,0.0
2025-11-12 21:00,4.0,0.0
2025-11-12 23:00,3.0,0.0
2025-11-13 00:00,1.0,0.0
2025-11-13 01:00,5.0,0.0
2025-11-13 11:00,2.0,0.0
2025-11-13 12:00,1.0,0.0
2025-11-13 13:00,2.0,0.0
2025-11-13 14:00,5.0,0.0
2025-11-13 15:00,4.0,0.0
2025-11-13 16:00,3.0,0.0
2025-11-13 17:00,3.0,0.0
2025-11-13 18:00,3.0,0.0
2025-11-13 19:00,3.0,0.0
2025-11-13 20:00,2.0,0.0
2025-11-13 21:00,2.0,0.0
2025-11-13 22:00,2.0,0.0
2025-11-13 23:00,1.0,0.0
2025-11-14 00:00,2.0,0.0
2025-11-14 01:00,3.0,0.0
2025-11-14 02:00,1.0,0.0
2025-11-14 14:00,3.0,0.0
2025-11-14 15:00,2.0,0.0
2025-11-14 16:00,4.0,0.0
2025-11-14 17:00,5.0,0.0
2025-11-14 18:00,1.0,0.0
2025-11-14 19:00,3.0,0.0
2025-11-14 20:00,3.0,0.0
2025-11-14 21:00,1.0,0.0
2025-11-14 22:00,3.0,0.0
2025-11-14 23:00,5.0,0.0
2025-11-15 00:00,3.0,0.0
2025-11-15 01:00,4.0,0.0
2025-11-15 02:00,3.0,0.0
2025-11-15 03:00,1.0,0.0
2025-11-15 04:00,3.0,0.0
2025-11-15 05:00,2.0,0.0
2025-11-15 06:00,3.0,0.0
2025-11-15 07:00,3.0,0.0
2025-11-15 08:00,2.0,0.0
2025-11-15 11:00,2.0,0.0
2025-11-15 12:00,2.0,0.0
2025-11-15 13:00,1.0,0.0
2025-11-15 14:00,2.0,0.0
2025-11-15 15:00,2.0,0.0
2025-11-15 16:00,2.0,0.0
2025-11-15 17:00,3.0,0.0
2025-11-15 18:00,3.0,0.0
2025-11-15 20:00,3.0,0.0
2025-11-15 21:00,2.0,0.0
2025-11-15 22:00,3.0,0.0
2025-11-15 23:00,2.0,0.0
2025-11-16 00:00,4.0,0.0
2025-11-16 01:00,1.0,0.0
2025-11-16 02:00,2.0,0.0
2025-11-16 03:00,3.0,0.0
2025-11-16 04:00,2.0,0.0
2025-11-16 05:00,1.0,0.0
2025-11-16 06:00,1.0,0.0
2025-11-16 19:00,3.0,0.0
2025-11-16 21:00,1.0,0.0
2025-11-16 22:00,1.0,0.0
2025-11-16 23:00,1.0,0.0
2025-11-17 13:00,2.0,0.0
2025-11-17 14:00,3.0,0.0
2025-11-17 16:00,3.0,0.0
2025-11-17 17:00,3.0,0.0
2025-11-17 18:00,1.0,0.0
2025-11-17 19:00,7.0,0.0
2025-11-17 20:00,2.0,0.0
2025-11-17 21:00,4.0,0.0
2025-11-17 22:00,4.0,0.0
2025-11-18 01:00,5.0,0.0
2025-11-18 18:00,4.0,0.0
2025-11-18 19:00,2.0,0.0
2025-11-18 20:00,4.0,0.0
2025-11-18 21:00,1.0,0.0
2025-11-18 22:00,1.0,0.0
2025-11-19 00:00,2.0,0.0
2025-11-19 01:00,2.0,0.0
2025-11-19 12:00,2.0,0.0
2025-11-19 13:00,4.0,0.0
2025-11-19 14:00,1.0,0.0
2025-11-19 15:00,3.0,0.0
2025-11-19 16:00,5.0,0.0
2025-11-19 17:00,2.0,0.0
2025-11-19 18:00,5.0,0.0
2025-11-19 19:00,4.0,0.0
2025-11-19 20:00,4.0,0.0
2025-11-19 21:00,2.0,0.0
2025-11-19 22:00,3.0,0.0
2025-11-19 23:00,2.0,0.0
2025-11-20 00:00,2.0,0.0
2025-11-20 01:00,3.0,0.0
2025-11-20 02:00,1.0,0.0
2025-11-20 13:00,4.0,0.0
2025-11-20 14:00,1.0,0.0
2025-11-20 15:00,2.0,0.0
2025-11-20 16:00,4.0,0.0
2025-11-20 17:00,3.0,0.0
2025-11-20 18:00,3.0,0.0
2025-11-20 19:00,1.0,0.0
2025-11-20 20:00,4.0,0.0
2025-11-20 21:00,4.0,0.0
2025-11-20 22:00,4.0,0.0
2025-11-20 23:00,4.0,0.0
2025-11-21 00:00,4.0,0.0
2025-11-21 01:00,5.0,0.0
2025-11-21 02:00,3.0,0.0
2025-11-21 13:00,4.0,0.0
2025-11-21 14:00,1.0,0.0
2025-11-21 15:00,1.0,0.0
2025-11-21 16:00,2.0,0.0
2025-11-21 17:00,3.0,0.0
2025-11-21 18:00,3.0,0.0
2025-11-21 19:00,1.0,0.0
2025-11-21 20:00,2.0,0.0
2025-11-21 21:00,3.0,0.0
2025-11-21 22:00,1.0,0.0
2025-11-21 23:00,1.0,0.0
2025-11-22 00:00,3.0,0.0
2025-11-22 01:00,4.0,0.0
2025-11-22 02:00,1.0,0.0
2025-11-22 03:00,3.0,0.0
2025-11-22 04:00,1.0,0.0
2025-11-22 06:00,2.0,0.0
2025-11-22 07:00,1.0,0.0
2025-11-22 09:00,1.0,0.0
2025-11-22 11:00,1.0,0.0
2025-11-22 12:00,2.0,0.0
2025-11-22 13:00,1.0,0.0
2025-11-22 14:00,2.0,0.0
2025-11-22 15:00,1.0,0.0
2025-11-22 16:00,4.0,0.0
2025-11-22 17:00,1.0,0.0
2025-11-22 18:00,6.0,0.0
2025-11-22 19:00,6.0,0.0
2025-11-22 20:00,3.0,0.0
2025-11-22 21:00,2.0,0.0
2025-11-22 22:00,2.0,0.0
2025-11-22 23:00,3.0,0.0
2025-11-23 00:00,3.0,0.0
2025-11-23 01:00,2.0,0.0
2025-11-23 02:00,4.0,0.0
2025-11-23 03:00,5.0,0.0
2025-11-23 04:00,1.0,0.0
2025-11-23 05:00,2.0,0.0
2025-11-23 06:00,3.0,0.0
2025-11-23 17:00,1.0,0.0
2025-11-23 18:00,1.0,0.0
2025-11-23 19:00,2.0,0.0
2025-11-23 20:00,3.0,0.0
2025-11-23 21:00,4.0,0.0
2025-11-23 23:00,2.0,0.0
2025-11-24 00:00,2.0,0.0
2025-11-24 11:00,2.0,0.0
2025-11-24 12:00,2.0,0.0
2025-11-24 13:00,2.0,0.0
2025-11-24 14:00,4.0,0.0
2025-11-24 15:00,2.0,0.0
2025-11-24 16:00,5.0,0.0
2025-11-24 17:00,4.0,0.0
2025-11-24 18:00,1.0,0.0
2025-11-24 19:00,1.0,0.0
2025-11-24 20:00,5.0,0.0
2025-11-24 21:00,3.0,0.0
2025-11-24 22:00,3.0,0.0
2025-11-24 23:00,3.0,0.0
2025-11-25 00:00,3.0,0.0
2025-11-25 01:00,4.0,0.0
2025-11-25 02:00,1.0,0.0
2025-11-25 15:00,1.0,0.0
2025-11-25 19:00,2.0,0.0
2025-11-25 20:00,4.0,0.0
2025-11-25 21:00,2.0,0.0
2025-11-25 22:00,1.0,0.0
2025-11-25 23:00,3.0,0.0
2025-11-26 00:00,1.0,0.0
2025-11-26 01:00,3.0,0.0
2025-11-26 02:00,1.0,0.0
2025-11-26 13:00,4.0,0.0
2025-11-26 14:00,1.0,0.0
2025-11-26 15:00,1.0,0.0
2025-11-26 17:00,1.0,0.0
2025-11-26 18:00,2.0,0.0
2025-11-26 19:00,2.0,0.0
2025-11-26 20:00,3.0,0.0
2025-11-27 05:00,1.0,0.0
2025-11-27 11:00,3.0,0.0
2025-11-27 13:00,2.0,0.0
2025-11-27 14:00,2.0,0.0
2025-11-27 15:00,3.0,0.0
2025-11-27 16:00,1.0,0.0
2025-11-27 18:00,1.0,0.0
2025-11-27 19:00,1.0,0.0
2025-11-27 22:00,1.0,0.0
2025-11-27 23:00,1.0,0.0
2025-11-28 00:00,1.0,0.0
2025-11-28 12:00,1.0,0.0
2025-11-28 13:00,1.0,0.0
2025-11-28 14:00,1.0,0.0
2025-11-28 15:00,2.0,0.0
2025-11-28 16:00,1.0,0.0
2025-11-28 18:00,1.0,0.0
2025-11-28 19:00,3.0,0.0
2025-11-28 20:00,3.0,0.0
2025-11-28 21:00,2.0,0.0
2025-11-28 22:00,5.0,0.0
2025-11-28 23:00,3.0,0.0
2025-11-29 00:00,5.0,0.0
2025-11-29 01:00,1.0,0.0
2025-11-29 02:00,1.0,0.0
2025-11-29 03:00,2.0,0.0
2025-11-29 05:00,3.0,0.0
2025-11-29 06:00,1.0,0.0
2025-11-29 09:00,2.0,0.0
2025-11-29 10:00,1.0,0.0
2025-11-29 12:00,1.0,0.0
2025-11-29 13:00,1.0,0.0
2025-11-29 15:00,1.0,0.0
2025-11-29 16:00,1.0,0.0
2025-11-29 17:00,1.0,0.0
2025-11-29 18:00,2.0,0.0
2025-11-29 19:00,2.0,0.0
2025-11-29 21:00,2.0,0.0
2025-11-29 22:00,2.0,0.0
2025-11-29 23:00,1.0,0.0
2025-11-30 02:00,2.0,0.0
2025-11-30 03:00,3.0,0.0
2025-11-30 07:00,2.0,0.0
2025-11-30 15:00,1.0,0.0
2025-11-30 17:00,1.0,0.0
2025-11-30 19:00,2.0,0.0
2025-11-30 21:00,1.0,0.0
2025-11-30 23:00,1.0,0.0
2025-12-01 00:00,1.0,0.0
2025-12-01 11:00,2.0,0.0
2025-12-01 12:00,1.0,0.0
2025-12-01 13:00,2.0,0.0
2025-12-01 14:00,5.0,0.0
2025-12-01 15:00,2.0,0.0
2025-12-01 16:00,4.0,0.0
2025-12-01 17:00,4.0,0.0
2025-12-01 18:00,2.0,0.0
2025-12-01 19:00,4.0,0.0
2025-12-01 20:00,4.0,0.0
2025-12-01 21:00,3.0,0.0
2025-12-01 22:00,3.0,0.0
2025-12-01 23:00,5.0,0.0
2025-12-02 00:00,3.0,0.0
2025-12-02 01:00,1.0,0.0
2025-12-02 02:00,2.0,0.0
2025-12-02 11:00,1.0,0.0
2025-12-02 12:00,1.0,0.0
2025-12-02 13:00,2.0,0.0
2025-12-02 14:00,2.0,0.0
2025-12-02 15:00,4.0,0.0
2025-12-02 16:00,2.0,0.0
2025-12-02 17:00,2.0,0.0
2025-12-02 18:00,3.0,0.0
2025-12-02 19:00,1.0,0.0
2025-12-02 20:00,1.0,0.0
2025-12-02 21:00,3.0,0.0
2025-12-02 22:00,2.0,0.0
2025-12-02 23:00,3.0,0.0
2025-12-03 00:00,2.0,0.0
2025-12-03 01:00,3.0,0.0
2025-12-03 12:00,3.0,0.0
2025-12-03 13:00,1.0,0.0
2025-12-03 15:00,3.0,0.0
2025-12-03 16:00,1.0,0.0
2025-12-03 17:00,2.0,0.0
2025-12-03 18:00,2.0,0.0
2025-12-03 19:00,1.0,0.0
2025-12-03 20:00,4.0,0.0
2025-12-03 21:00,2.0,0.0
2025-12-03 22:00,1.0,0.0
2025-12-03 23:00,5.0,0.0
2025-12-04 00:00,5.0,0.0
2025-12-04 01:00,2.0,0.0
2025-12-04 02:00,1.0,0.0
2025-12-04 13:00,1.0,0.0
2025-12-04 15:00,2.0,0.0
2025-12-04 16:00,3.0,0.0
2025-12-04 17:00,1.0,0.0
2025-12-04 18:00,3.0,0.0
2025-12-04 19:00,2.0,0.0
2025-12-04 20:00,2.0,0.0
2025-12-04 21:00,1.0,0.0
2025-12-04 22:00,2.0,0.0
2025-12-04 23:00,4.0,0.0
2025-12-05 00:00,3.0,0.0
2025-12-05 10:00,2.0,0.0
2025-12-05 12:00,1.0,0.0
2025-12-05 13:00,1.0,0.0
2025-12-05 14:00,2.0,0.0
2025-12-05 15:00,1.0,0.0
2025-12-05 16:00,1.0,0.0
2025-12-05 18:00,1.0,0.0
2025-12-05 19:00,3.0,0.0
2025-12-05 20:00,2.0,0.0
2025-12-05 21:00,3.0,0.0
2025-12-05 22:00,1.0,0.0
2025-12-05 23:00,1.0,0.0
2025-12-06 00:00,1.0,0.0
2025-12-06 01:00,1.0,0.0
2025-12-06 02:00,1.0,0.0
2025-12-06 03:00,3.0,0.0
2025-12-06 04:00,2.0,0.0
2025-12-06 05:00,3.0,0.0
2025-12-06 06:00,2.0,0.0
2025-12-06 07:00,4.0,0.0
2025-12-06 08:00,3.0,0.0
2025-12-06 09:00,3.0,0.0
2025-12-06 11:00,2.0,0.0
2025-12-06 15:00,3.0,0.0
2025-12-06 16:00,1.0,0.0
2025-12-06 17:00,3.0,0.0
2025-12-06 18:00,3.0,0.0
2025-12-06 19:00,1.0,0.0
2025-12-06 20:00,1.0,0.0
2025-12-07 14:00,1.0,0.0
2025-12-07 15:00,2.0,0.0
2025-12-07 16:00,1.0,0.0
2025-12-07 17:00,2.0,0.0
2025-12-07 18:00,3.0,0.0
2025-12-07 20:00,1.0,0.0
2025-12-07 21:00,3.0,0.0
2025-12-07 22:00,5.0,0.0
2025-12-07 23:00,2.0,0.0
2025-12-08 00:00,1.0,0.0
2025-12-08 13:00,4.0,0.0
2025-12-08 14:00,7.0,0.0
2025-12-08 15:00,1.0,0.0
2025-12-08 18:00,7.0,0.0
2025-12-08 19:00,1.0,0.0
2025-12-08 20:00,4.0,0.0
2025-12-08 22:00,1.0,0.0
2025-12-08 23:00,3.0,0.0
2025-12-09 00:00,1.0,0.0
2025-12-09 01:00,3.0,0.0
2025-12-09 02:00,2.0,0.0
2025-12-09 14:00,2.0,0.0
2025-12-09 15:00,1.0,0.0
2025-12-09 16:00,1.0,0.0
2025-12-09 17:00,1.0,0.0
2025-12-09 18:00,1.0,0.0
2025-12-09 19:00,2.0,0.0
2025-12-09 21:00,3.0,0.0
2025-12-09 22:00,2.0,0.0
2025-12-09 23:00,2.0,0.0
2025-12-10 00:00,4.0,0.0
2025-12-10 01:00,3.0,0.0
2025-12-10 02:00,1.0,0.0
2025-12-10 16:00,1.0,0.0
2025-12-10 20:00,1.0,0.0
2025-12-11 01:00,1.0,0.0
2025-12-11 14:00,1.0,0.0
2025-12-11 15:00,1.0,0.0
2025-12-11 16:00,1.0,0.0
2025-12-11 17:00,2.0,0.0
2025-12-11 18:00,3.0,0.0
2025-12-11 19:00,1.0,0.0
2025-12-11 20:00,3.0,0.0
2025-12-11 21:00,2.0,0.0
2025-12-11 22:00,5.0,0.0
2025-12-11 23:00,2.0,0.0
2025-12-12 00:00,6.0,0.0
2025-12-12 01:00,7.0,0.0
2025-12-12 02:00,2.0,0.0
2025-12-12 13:00,1.0,0.0
2025-12-12 14:00,1.0,0.0
2025-12-12 18:00,2.0,0.0
2025-12-12 19:00,3.0,0.0
2025-12-12 20:00,3.0,0.0
2025-12-12 21:00,1.0,0.0
2025-12-12 22:00,2.0,0.0
2025-12-12 23:00,3.0,0.0
2025-12-13 01:00,2.0,0.0
2025-12-13 02:00,3.0,0.0
2025-12-13 03:00,2.0,0.0
2025-12-13 04:00,3.0,0.0
2025-12-13 05:00,4.0,0.0
2025-12-13 06:00,1.0,0.0
2025-12-13 09:00,1.0,0.0
2025-12-13 11:00,1.0,0.0
2025-12-13 12:00,1.0,0.0
2025-12-13 14:00,2.0,0.0
2025-12-13 18:00,1.0,0.0
2025-12-13 21:00,1.0,0.0
2025-12-14 01:00,1.0,0.0
2025-12-14 02:00,1.0,0.0
2025-12-14 03:00,2.0,0.0
2025-12-14 04:00,3.0,0.0
2025-12-14 05:00,2.0,0.0
2025-12-14 06:00,1.0,0.0
2025-12-14 07:00,1.0,0.0
2025-12-14 08:00,1.0,0.0
2025-12-14 16:00,1.0,0.0
2025-12-14 17:00,1.0,0.0
2025-12-14 18:00,1.0,0.0
2025-12-14 19:00,3.0,0.0
2025-12-14 20:00,2.0,0.0
2025-12-14 21:00,2.0,0.0
2025-12-14 22:00,1.0,0.0
2025-12-14 23:00,1.0,0.0
2025-12-15 14:00,1.0,0.0
2025-12-15 15:00,1.0,0.0
2025-12-15 17:00,1.0,0.0
2025-12-15 18:00,2.0,0.0
2025-12-15 19:00,3.0,0.0
2025-12-15 20:00,2.0,0.0
2025-12-15 21:00,5.0,0.0
2025-12-15 22:00,3.0,0.0
2025-12-15 23:00,1.0,0.0
2025-12-16 01:00,1.0,0.0
2025-12-16 02:00,1.0,0.0
2025-12-16 03:00,1.0,0.0
2025-12-16 10:00,1.0,0.0
2025-12-16 11:00,2.0,0.0
2025-12-16 12:00,1.0,0.0
2025-12-16 13:00,1.0,0.0
2025-12-16 15:00,3.0,0.0
2025-12-16 16:00,3.0,0.0
2025-12-16 17:00,4.0,0.0
2025-12-16 18:00,3.0,0.0
2025-12-16 19:00,4.0,0.0
2025-12-16 20:00,2.0,0.0
2025-12-16 21:00,3.0,0.0
2025-12-16 22:00,3.0,0.0
2025-12-16 23:00,4.0,0.0
2025-12-17 00:00,4.0,0.0
2025-12-17 01:00,4.0,0.0
2025-12-17 09:00,1.0,0.0
2025-12-17 12:00,1.0,0.0
2025-12-17 13:00,4.0,0.0
2025-12-17 14:00,1.0,0.0
2025-12-17 15:00,1.0,0.0
2025-12-17 16:00,4.0,0.0
2025-12-17 17:00,5.0,0.0
2025-12-17 18:00,1.0,0.0
2025-12-17 19:00,1.0,0.0
2025-12-17 20:00,1.0,0.0
2025-12-17 21:00,3.0,0.0
2025-12-17 22:00,2.0,0.0
2025-12-17 23:00,4.0,0.0
2025-12-18 00:00,6.0,0.0
2025-12-18 01:00,2.0,0.0
2025-12-18 10:00,1.0,0.0
2025-12-18 11:00,1.0,0.0
2025-12-18 12:00,2.0,0.0
2025-12-18 13:00,1.0,0.0
2025-12-18 14:00,2.0,0.0
2025-12-18 16:00,2.0,0.0
2025-12-19 10:00,1.0,0.0
2025-12-19 11:00,2.0,0.0
2025-12-19 14:00,1.0,0.0
2025-12-19 15:00,2.0,0.0
2025-12-19 16:00,2.0,0.0
2025-12-19 17:00,1.0,0.0
2025-12-19 18:00,3.0,0.0
2025-12-19 19:00,1.0,0.0
2025-12-19 20:00,2.0,0.0
2025-12-19 21:00,1.0,0.0
2025-12-19 22:00,2.0,0.0
2025-12-19 23:00,2.0,0.0
2025-12-20 00:00,3.0,0.0
2025-12-20 01:00,3.0,0.0
2025-12-20 02:00,2.0,0.0
2025-12-20 03:00,1.0,0.0
2025-12-20 04:00,6.0,0.0
2025-12-21 13:00,1.0,0.0
2025-12-21 16:00,1.0,0.0
2025-12-21 17:00,1.0,0.0
2025-12-21 18:00,2.0,0.0
2025-12-21 19:00,1.0,0.0
2025-12-21 20:00,2.0,0.0
2025-12-21 21:00,1.0,0.0
2025-12-21 22:00,1.0,0.0
2025-12-21 23:00,4.0,0.0
2025-12-22 00:00,1.0,0.0
2025-12-22 09:00,1.0,0.0
2025-12-22 10:00,1.0,0.0
2025-12-22 12:00,1.0,0.0
2025-12-22 13:00,2.0,0.0
2025-12-22 14:00,2.0,0.0
2025-12-22 17:00,1.0,0.0
2025-12-22 18:00,3.0,0.0
2025-12-22 20:00,1.0,0.0
2025-12-22 21:00,1.0,0.0
2025-12-22 22:00,1.0,0.0
2025-12-22 23:00,5.0,0.0
2025-12-23 01:00,1.0,0.0
2025-12-23 02:00,2.0,0.0
2025-12-23 03:00,3.0,0.0
2025-12-23 04:00,1.0,0.0
2025-12-23 05:00,1.0,0.0
2025-12-23 06:00,2.0,0.0
2025-12-23 07:00,2.0,0.0
2025-12-23 08:00,1.0,0.0
2025-12-23 11:00,1.0,0.0
2025-12-23 15:00,1.0,0.0
2025-12-23 16:00,1.0,0.0
2025-12-23 17:00,1.0,0.0
2025-12-23 18:00,2.0,0.0
2025-12-23 19:00,2.0,0.0
2025-12-23 20:00,3.0,0.0
2025-12-23 21:00,5.0,0.0
2025-12-23 22:00,2.0,0.0
2025-12-23 23:00,3.0,0.0
2025-12-24 00:00,2.0,0.0
2025-12-24 01:00,2.0,0.0
2025-12-24 02:00,4.0,0.0
2025-12-24 03:00,1.0,0.0
2025-12-24 05:00,3.0,0.0
2025-12-24 06:00,1.0,0.0
2025-12-24 12:00,2.0,0.0
2025-12-24 14:00,4.0,0.0
2025-12-24 15:00,3.0,0.0
2025-12-24 16:00,3.0,0.0
2025-12-24 18:00,1.0,0.0
2025-12-24 20:00,1.0,0.0
2025-12-24 21:00,1.0,0.0
2025-12-24 22:00,1.0,0.0
2025-12-24 23:00,1.0,0.0
2025-12-25 00:00,2.0,0.0
2025-12-25 01:00,1.0,0.0
2025-12-25 02:00,1.0,0.0
2025-12-25 15:00,1.0,0.0
2025-12-25 16:00,1.0,0.0
2025-12-25 19:00,2.0,0.0
2025-12-25 20:00,2.0,0.0
2025-12-25 21:00,6.0,0.0
2025-12-25 22:00,2.0,0.0
2025-12-25 23:00,1.0,0.0
2025-12-26 01:00,1.0,0.0
2025-12-26 02:00,2.0,0.0
2025-12-26 04:00,1.0,0.0
2025-12-26 05:00,2.0,0.0
2025-12-26 12:00,1.0,0.0
2025-12-26 13:00,1.0,0.0
2025-12-26 15:00,3.0,0.0
2025-12-26 16:00,2.0,0.0
2025-12-26 17:00,2.0,0.0
2025-12-26 18:00,4.0,0.0
2025-12-26 20:00,2.0,0.0
2025-12-26 21:00,2.0,0.0
2025-12-26 22:00,2.0,0.0
2025-12-26 23:00,2.0,0.0
2025-12-27 00:00,1.0,0.0
2025-12-27 01:00,3.0,0.0
2025-12-27 02:00,2.0,0.0
2025-12-27 03:00,4.0,0.0
2025-12-27 04:00,1.0,0.0
2025-12-27 05:00,2.0,0.0
2025-12-27 06:00,1.0,0.0
2025-12-27 07:00,3.0,0.0
2025-12-27 08:00,2.0,0.0
2025-12-27 12:00,1.0,0.0
2025-12-27 15:00,1.0,0.0
2025-12-27 16:00,1.0,0.0
2025-12-27 17:00,2.0,0.0
2025-12-27 20:00,1.0,0.0
2025-12-27 23:00,3.0,0.0
2025-12-28 00:00,1.0,0.0
2025-12-28 01:00,1.0,0.0
2025-12-28 02:00,4.0,0.0
2025-12-28 03:00,4.0,0.0
2025-12-28 04:00,1.0,0.0
2025-12-28 05:00,3.0,0.0
2025-12-28 06:00,2.0,0.0
2025-12-28 07:00,4.0,0.0
2025-12-28 08:00,2.0,0.0
2025-12-28 17:00,2.0,0.0
2025-12-28 18:00,1.0,0.0
2025-12-28 20:00,1.0,0.0
2025-12-28 22:00,1.0,0.0
2025-12-29 00:00,1.0,0.0
2025-12-29 09:00,1.0,0.0
2025-12-29 10:00,2.0,0.0
2025-12-29 11:00,1.0,0.0
2025-12-29 14:00,2.0,0.0
2025-12-29 20:00,2.0,0.0
2025-12-30 04:00,1.0,0.0
2025-12-30 09:00,1.0,0.0
2025-12-30 11:00,2.0,0.0
2025-12-30 14:00,1.0,0.0
2025-12-30 16:00,3.0,0.0
2025-12-30 17:00,1.0,0.0
2025-12-30 18:00,2.0,0.0
2025-12-30 19:00,6.0,0.0
2025-12-30 20:00,5.0,0.0
2025-12-30 21:00,2.0,0.0
2025-12-30 22:00,3.0,0.0
2025-12-30 23:00,1.0,0.0
2025-12-31 00:00,2.0,0.0
2025-12-31 01:00,2.0,0.0
2025-12-31 03:00,1.0,0.0
2025-12-31 04:00,3.0,0.0
2025-12-31 05:00,3.0,0.0
2025-12-31 06:00,2.0,0.0
2025-12-31 08:00,1.0,0.0
2025-12-31 09:00,1.0,0.0
2025-12-31 12:00,2.0,0.0
2025-12-31 13:00,4.0,0.0
2025-12-31 14:00,3.0,0.0
2025-12-31 15:00,4.0,0.0
2025-12-31 16:00,3.0,0.0
2025-12-31 17:00,2.0,0.0
2025-12-31 18:00,2.0,0.0
2025-12-31 19:00,1.0,0.0
2025-12-31 20:00,2.0,0.0
2025-12-31 21:00,2.0,0.0
2025-12-31 22:00,4.0,0.0
2025-12-31 23:00,5.0,0.0
2026-01-01 01:00,4.0,0.0
2026-01-01 05:00,1.0,0.0
2026-01-01 06:00,2.0,0.0
2026-01-01 07:00,3.0,0.0
2026-01-01 12:00,1.0,0.0
2026-01-01 13:00,2.0,0.0
2026-01-01 14:00,2.0,0.0
2026-01-01 15:00,1.0,0.0
2026-01-01 16:00,2.0,0.0
2026-01-01 17:00,2.0,0.0
2026-01-01 18:00,5.0,0.0
2026-01-01 19:00,1.0,0.0
2026-01-01 20:00,1.0,0.0
2026-01-01 21:00,5.0,0.0
2026-01-01 22:00,4.0,0.0
2026-01-01 23:00,4.0,0.0
2026-01-02 00:00,4.0,0.0
2026-01-02 01:00,3.0,0.0
2026-01-02 02:00,1.0,0.0
2026-01-02 12:00,3.0,0.0
2026-01-02 13:00,2.0,0.0
2026-01-02 14:00,4.0,0.0
2026-01-02 15:00,2.0,0.0
2026-01-02 16:00,3.0,0.0
2026-01-02 17:00,3.0,0.0
2026-01-02 18:00,3.0,0.0
2026-01-02 19:00,8.0,0.0
2026-01-02 20:00,1.0,0.0
2026-01-02 21:00,5.0,0.0
2026-01-02 22:00,3.0,0.0
2026-01-02 23:00,3.0,0.0
2026-01-03 00:00,2.0,0.0
2026-01-03 01:00,6.0,0.0
2026-01-03 02:00,2.0,0.0
2026-01-03 03:00,2.0,0.0
2026-01-03 04:00,4.0,0.0
2026-01-03 05:00,6.0,0.0
2026-01-03 15:00,2.0,0.0
2026-01-03 18:00,4.0,0.0
2026-01-03 19:00,4.0,0.0
2026-01-03 20:00,1.0,0.0
2026-01-03 22:00,1.0,0.0
2026-01-03 23:00,1.0,0.0
2026-01-04 01:00,1.0,0.0
2026-01-04 02:00,2.0,0.0
2026-01-04 03:00,2.0,0.0
2026-01-04 04:00,3.0,0.0
2026-01-04 05:00,1.0,0.0
2026-01-04 06:00,1.0,0.0
2026-01-04 11:00,1.0,0.0
2026-01-04 12:00,1.0,0.0
2026-01-04 14:00,1.0,0.0
2026-01-04 15:00,1.0,0.0
2026-01-04 16:00,2.0,0.0
2026-01-05 13:00,3.0,0.0
2026-01-05 14:00,3.0,0.0
2026-01-05 15:00,5.0,0.0
2026-01-05 17:00,1.0,0.0
2026-01-05 18:00,3.0,0.0
2026-01-05 19:00,3.0,0.0
2026-01-05 20:00,1.0,0.0
2026-01-05 21:00,6.0,0.0
2026-01-05 22:00,4.0,0.0
2026-01-05 23:00,4.0,0.0
2026-01-06 00:00,4.0,0.0
2026-01-06 01:00,4.0,0.0
2026-01-06 02:00,4.0,0.0
2026-01-06 03:00,4.0,0.0
2026-01-06 04:00,2.0,0.0
2026-01-06 06:00,1.0,0.0
2026-01-06 07:00,1.0,0.0
2026-01-06 08:00,2.0,0.0
2026-01-06 09:00,1.0,0.0
2026-01-06 10:00,1.0,0.0
2026-01-06 12:00,1.0,0.0
2026-01-06 13:00,1.0,0.0
2026-01-06 14:00,4.0,0.0
2026-01-06 15:00,6.0,0.0
2026-01-06 16:00,2.0,0.0
2026-01-06 17:00,2.0,0.0
2026-01-06 18:00,3.0,0.0
2026-01-06 19:00,5.0,0.0
2026-01-06 20:00,2.0,0.0
2026-01-06 21:00,5.0,0.0
2026-01-06 22:00,5.0,0.0
2026-01-06 23:00,4.0,0.0
2026-01-07 00:00,2.0,0.0
2026-01-07 01:00,3.0,0.0
2026-01-07 02:00,3.0,0.0
2026-01-07 03:00,1.0,0.0
2026-01-07 04:00,3.0,0.0
2026-01-07 05:00,1.0,0.0
2026-01-07 06:00,2.0,0.0
2026-01-07 10:00,1.0,0.0
2026-01-07 11:00,2.0,0.0
2026-01-07 12:00,2.0,0.0
2026-01-07 13:00,2.0,0.0
2026-01-07 15:00,2.0,0.0
2026-01-07 16:00,2.0,0.0
2026-01-07 17:00,2.0,0.0
2026-01-07 18:00,3.0,0.0
2026-01-07 19:00,5.0,0.0
2026-01-07 20:00,5.0,0.0
2026-01-07 21:00,4.0,0.0
2026-01-07 22:00,3.0,0.0
2026-01-07 23:00,1.0,0.0
2026-01-08 00:00,2.0,0.0
2026-01-08 01:00,6.0,0.0
2026-01-08 03:00,3.0,0.0
2026-01-08 04:00,3.0,0.0
2026-01-08 05:00,2.0,0.0
2026-01-08 06:00,4.0,0.0
2026-01-08 07:00,3.0,0.0
2026-01-08 08:00,2.0,0.0
2026-01-08 09:00,2.0,0.0
2026-01-08 10:00,1.0,0.0
2026-01-08 11:00,1.0,0.0
2026-01-08 13:00,3.0,0.0
2026-01-08 14:00,2.0,0.0
2026-01-08 15:00,1.0,0.0
2026-01-08 16:00,1.0,0.0
2026-01-08 17:00,5.0,0.0
2026-01-08 18:00,4.0,0.0
2026-01-08 19:00,3.0,0.0
2026-01-08 20:00,1.0,0.0
2026-01-08 21:00,7.0,0.0
2026-01-08 22:00,1.0,0.0
2026-01-08 23:00,2.0,0.0
2026-01-09 00:00,7.0,0.0
2026-01-09 01:00,2.0,0.0
2026-01-09 02:00,4.0,0.0
2026-01-09 03:00,1.0,0.0
2026-01-09 09:00,1.0,0.0
2026-01-09 11:00,1.0,0.0
2026-01-09 14:00,1.0,0.0
2026-01-09 15:00,4.0,0.0
2026-01-09 16:00,3.0,0.0
2026-01-09 18:00,1.0,0.0
2026-01-09 19:00,4.0,0.0
2026-01-09 20:00,6.0,0.0
2026-01-09 21:00,2.0,0.0
2026-01-09 22:00,2.0,0.0
2026-01-09 23:00,1.0,0.0
2026-01-10 00:00,5.0,0.0
2026-01-10 01:00,3.0,0.0
2026-01-10 02:00,4.0,0.0
2026-01-10 03:00,3.0,0.0
2026-01-10 04:00,3.0,0.0
2026-01-10 05:00,2.0,0.0
2026-01-10 07:00,2.0,0.0
2026-01-10 08:00,1.0,0.0
2026-01-10 09:00,2.0,0.0
2026-01-10 23:00,2.0,0.0
2026-01-11 00:00,4.0,0.0
2026-01-11 01:00,2.0,0.0
2026-01-11 02:00,3.0,0.0
2026-01-11 04:00,1.0,0.0
2026-01-11 06:00,1.0,0.0
2026-01-11 07:00,1.0,0.0
2026-01-11 23:00,1.0,0.0
2026-01-12 00:00,1.0,0.0
2026-01-12 01:00,1.0,0.0
2026-01-12 02:00,2.0,0.0
2026-01-12 03:00,2.0,0.0
2026-01-13 04:00,1.0,0.0
2026-01-13 05:00,3.0,0.0
2026-01-13 06:00,1.0,0.0
2026-01-13 07:00,2.0,0.0
2026-01-13 08:00,2.0,0.0
2026-01-13 09:00,2.0,0.0
2026-01-13 11:00,1.0,0.0
2026-01-13 12:00,3.0,0.0
2026-01-13 13:00,4.0,0.0
2026-01-13 14:00,2.0,0.0
2026-01-13 18:00,1.0,0.0
2026-01-13 19:00,3.0,0.0
2026-01-13 20:00,2.0,0.0
2026-01-13 21:00,2.0,0.0
2026-01-13 22:00,4.0,0.0
2026-01-13 23:00,4.0,0.0
2026-01-14 00:00,2.0,0.0
2026-01-14 01:00,2.0,0.0
2026-01-14 03:00,2.0,0.0
2026-01-14 04:00,5.0,0.0
2026-01-14 06:00,1.0,0.0
2026-01-14 08:00,2.0,0.0
2026-01-14 09:00,1.0,0.0
2026-01-14 10:00,1.0,0.0
2026-01-14 11:00,1.0,0.0
2026-01-14 12:00,2.0,0.0
2026-01-14 13:00,1.0,0.0
2026-01-14 14:00,4.0,0.0
2026-01-14 15:00,2.0,0.0
2026-01-14 17:00,3.0,0.0
2026-01-14 18:00,1.0,0.0
2026-01-14 20:00,1.0,0.0
2026-01-14 21:00,2.0,0.0
2026-01-14 22:00,4.0,0.0
2026-01-14 23:00,2.0,0.0
2026-01-15 00:00,1.0,0.0
2026-01-15 01:00,2.0,0.0
2026-01-15 03:00,3.0,0.0
2026-01-15 04:00,2.0,0.0
2026-01-15 05:00,2.0,0.0
2026-01-15 06:00,1.0,0.0
2026-01-15 07:00,1.0,0.0
2026-01-15 08:00,2.0,0.0
2026-01-15 09:00,1.0,0.0
2026-01-15 13:00,2.0,0.0
2026-01-15 14:00,2.0,0.0
2026-01-15 16:00,4.0,0.0
2026-01-15 18:00,3.0,0.0
2026-01-15 19:00,3.0,0.0
2026-01-15 20:00,4.0,0.0
2026-01-15 21:00,2.0,0.0
2026-01-15 23:00,4.0,0.0
2026-01-16 00:00,5.0,0.0
2026-01-16 02:00,3.0,0.0
2026-01-16 03:00,2.0,0.0
2026-01-16 04:00,2.0,0.0
2026-01-16 05:00,1.0,0.0
2026-01-16 06:00,2.0,0.0
2026-01-16 07:00,2.0,0.0
2026-01-16 09:00,1.0,0.0
2026-01-16 14:00,1.0,0.0
2026-01-16 15:00,3.0,0.0
2026-01-16 16:00,1.0,0.0
2026-01-16 17:00,1.0,0.0
2026-01-16 18:00,4.0,0.0
2026-01-16 19:00,4.0,0.0
2026-01-16 22:00,2.0,0.0
2026-01-16 23:00,2.0,0.0
2026-01-17 00:00,4.0,0.0
2026-01-17 01:00,1.0,0.0
2026-01-17 02:00,1.0,0.0
2026-01-17 03:00,2.0,0.0
2026-01-17 04:00,3.0,0.0
2026-01-19 14:00,2.0,0.0
2026-01-19 15:00,2.0,0.0
2026-01-19 16:00,5.0,0.0
2026-01-19 17:00,2.0,0.0
2026-01-19 18:00,5.0,0.0
2026-01-19 19:00,4.0,0.0
2026-01-19 20:00,2.0,0.0
2026-01-19 22:00,4.0,0.0
2026-01-19 23:00,5.0,0.0
2026-01-20 00:00,2.0,0.0
2026-01-20 01:00,3.0,0.0
2026-01-20 02:00,3.0,0.0
2026-01-20 03:00,1.0,0.0
2026-01-20 04:00,1.0,0.0
2026-01-20 05:00,4.0,0.0
2026-01-20 06:00,3.0,0.0
2026-01-20 07:00,2.0,0.0
2026-01-20 08:00,2.0,0.0
2026-01-20 09:00,2.0,0.0
2026-01-20 10:00,1.0,0.0
2026-01-20 11:00,1.0,0.0
2026-01-20 12:00,1.0,0.0
2026-01-20 14:00,1.0,0.0
2026-01-20 15:00,1.0,0.0
2026-01-20 16:00,2.0,0.0
2026-01-20 17:00,1.0,0.0
2026-01-20 18:00,3.0,0.0
2026-01-20 19:00,2.0,0.0
2026-01-20 20:00,3.0,0.0
2026-01-20 21:00,1.0,0.0
2026-01-20 22:00,1.0,0.0
2026-01-20 23:00,3.0,0.0
2026-01-21 00:00,3.0,0.0
2026-01-21 01:00,3.0,0.0
2026-01-21 02:00,2.0,0.0
2026-01-21 03:00,1.0,0.0
2026-01-21 04:00,3.0,0.0
2026-01-21 05:00,2.0,0.0
2026-01-21 06:00,2.0,0.0
2026-01-21 07:00,2.0,0.0
2026-01-21 08:00,1.0,0.0
2026-01-21 13:00,2.0,0.0
2026-01-21 15:00,6.0,0.0
2026-01-21 16:00,2.0,0.0
2026-01-21 17:00,1.0,0.0
2026-01-21 18:00,1.0,0.0
2026-01-21 19:00,1.0,0.0
2026-01-21 20:00,2.0,0.0
2026-01-21 21:00,2.0,0.0
2026-01-21 22:00,4.0,0.0
2026-01-21 23:00,2.0,0.0
2026-01-22 01:00,2.0,0.0
2026-01-22 02:00,1.0,0.0
2026-01-22 03:00,5.0,0.0
2026-01-22 04:00,1.0,0.0
2026-01-22 05:00,2.0,0.0
2026-01-22 06:00,1.0,0.0
2026-01-22 07:00,1.0,0.0
2026-01-22 09:00,1.0,0.0
2026-01-22 14:00,1.0,0.0
2026-01-22 15:00,3.0,0.0
2026-01-22 16:00,4.0,0.0
2026-01-22 17:00,3.0,0.0
2026-01-22 18:00,3.0,0.0
2026-01-22 19:00,3.0,0.0
2026-01-22 20:00,1.0,0.0
2026-01-22 21:00,2.0,0.0
2026-01-22 22:00,2.0,0.0
2026-01-23 00:00,4.0,0.0
2026-01-23 01:00,1.0,0.0
2026-01-23 03:00,3.0,0.0
2026-01-23 04:00,2.0,0.0
2026-01-23 06:00,1.0,0.0
2026-01-23 07:00,1.0,0.0
2026-01-23 08:00,3.0,0.0
2026-01-23 12:00,2.0,0.0
2026-01-23 13:00,3.0,0.0
2026-01-23 14:00,2.0,0.0
2026-01-23 15:00,3.0,0.0
2026-01-23 16:00,3.0,0.0
2026-01-23 18:00,2.0,0.0
2026-01-23 19:00,1.0,0.0
2026-01-23 20:00,2.0,0.0
2026-01-23 22:00,3.0,0.0
2026-01-23 23:00,2.0,0.0
2026-01-24 00:00,1.0,0.0
2026-01-24 01:00,1.0,0.0
2026-01-24 03:00,3.0,0.0
2026-01-24 04:00,2.0,0.0
2026-01-24 06:00,1.0,0.0
2026-01-24 07:00,2.0,0.0
2026-01-24 08:00,4.0,0.0
2026-01-24 17:00,1.0,0.0
2026-01-24 18:00,2.0,0.0
2026-01-24 19:00,1.0,0.0
2026-01-24 20:00,1.0,0.0
2026-01-24 21:00,1.0,0.0
2026-01-26 14:00,1.0,0.0
2026-01-26 20:00,2.0,0.0
2026-01-26 21:00,5.0,0.0
2026-01-26 22:00,2.0,0.0
2026-01-26 23:00,2.0,0.0
2026-01-27 00:00,1.0,0.0
2026-01-27 01:00,3.0,0.0
2026-01-27 07:00,1.0,0.0
2026-01-27 09:00,2.0,0.0
2026-01-27 10:00,2.0,0.0
2026-01-27 11:00,1.0,0.0
2026-01-27 12:00,1.0,0.0
2026-01-27 13:00,1.0,0.0
2026-01-27 14:00,4.0,0.0
2026-01-27 15:00,4.0,0.0
2026-01-27 16:00,1.0,0.0
2026-01-27 17:00,3.0,0.0
2026-01-27 18:00,2.0,0.0
2026-01-27 19:00,1.0,0.0
2026-01-27 21:00,1.0,0.0
2026-01-27 22:00,2.0,0.0
2026-01-27 23:00,2.0,0.0
2026-01-28 00:00,4.0,0.0
2026-01-28 01:00,2.0,0.0
2026-01-28 03:00,4.0,0.0
2026-01-28 04:00,2.0,0.0
2026-01-28 05:00,3.0,0.0
2026-01-28 06:00,1.0,0.0
2026-01-28 17:00,4.0,0.0
2026-01-28 18:00,2.0,0.0
2026-01-28 19:00,3.0,0.0
2026-01-28 20:00,2.0,0.0
2026-01-28 22:00,6.0,0.0
2026-01-28 23:00,3.0,0.0
2026-01-29 00:00,2.0,0.0
2026-01-29 01:00,3.0,0.0
2026-01-29 02:00,5.0,0.0
2026-01-29 04:00,1.0,0.0
2026-01-29 05:00,2.0,0.0
2026-01-29 10:00,1.0,0.0
2026-01-29 20:00,1.0,0.0
2026-01-29 21:00,2.0,0.0
2026-01-29 22:00,2.0,0.0
2026-01-29 23:00,1.0,0.0
2026-01-30 00:00,4.0,0.0
2026-01-30 01:00,2.0,0.0
2026-01-30 02:00,2.0,0.0
2026-01-30 03:00,2.0,0.0
2026-01-30 04:00,2.0,0.0
2026-01-30 05:00,1.0,0.0
2026-01-30 06:00,1.0,0.0
2026-01-30 07:00,2.0,0.0
2026-01-30 08:00,2.0,0.0
2026-01-30 09:00,1.0,0.0
2026-01-30 10:00,1.0,0.0
2026-01-30 17:00,2.0,0.0
2026-01-30 18:00,1.0,0.0
2026-01-30 19:00,2.0,0.0
2026-01-30 20:00,1.0,0.0
2026-01-30 21:00,1.0,0.0
2026-01-30 22:00,2.0,0.0
2026-01-30 23:00,6.0,0.0
2026-01-31 00:00,7.0,0.0
2026-01-31 01:00,2.0,0.0
2026-01-31 02:00,1.0,0.0
2026-01-31 03:00,1.0,0.0
2026-01-31 04:00,4.0,0.0
2026-01-31 05:00,2.0,0.0
2026-01-31 06:00,3.0,0.0
2026-01-31 07:00,1.0,0.0
2026-01-31 19:00,1.0,0.0
2026-01-31 20:00,1.0,0.0
2026-02-01 01:00,1.0,0.0
2026-02-01 03:00,2.0,0.0
2026-02-01 04:00,1.0,0.0
2026-02-02 05:00,1.0,0.0
2026-02-02 06:00,2.0,0.0
2026-02-02 16:00,1.0,0.0
2026-02-02 17:00,1.0,0.0
2026-02-02 20:00,2.0,0.0
2026-02-02 22:00,2.0,0.0
2026-02-02 23:00,4.0,0.0
2026-02-03 00:00,2.0,0.0
2026-02-03 01:00,3.0,0.0
2026-02-03 02:00,3.0,0.0
2026-02-03 04:00,3.0,0.0
2026-02-03 05:00,4.0,0.0
2026-02-03 06:00,1.0,0.0
2026-02-03 07:00,2.0,0.0
2026-02-03 08:00,1.0,0.0
2026-02-03 09:00,1.0,0.0
2026-02-03 10:00,1.0,0.0
2026-02-03 11:00,1.0,0.0
2026-02-03 13:00,1.0,0.0
2026-02-04 03:00,1.0,0.0
2026-02-04 04:00,2.0,0.0
2026-02-04 05:00,2.0,0.0
2026-02-04 06:00,1.0,0.0
2026-02-04 16:00,1.0,0.0
2026-02-04 17:00,2.0,0.0
2026-02-04 18:00,8.0,0.0
2026-02-04 19:00,2.0,0.0
2026-02-04 20:00,2.0,0.0
2026-02-04 21:00,4.0,0.0
2026-02-04 23:00,5.0,0.0
2026-02-05 00:00,3.0,0.0
2026-02-05 01:00,4.0,0.0
2026-02-05 02:00,3.0,0.0
2026-02-05 04:00,1.0,0.0
2026-02-05 17:00,2.0,0.0
2026-02-05 18:00,1.0,0.0
2026-02-05 20:00,1.0,0.0
2026-02-05 21:00,1.0,0.0
2026-02-05 22:00,1.0,0.0
2026-02-05 23:00,5.0,0.0
2026-02-06 02:00,2.0,0.0
2026-02-06 03:00,1.0,0.0
2026-02-06 04:00,2.0,0.0
2026-02-06 05:00,3.0,0.0
2026-02-06 06:00,3.0,0.0
2026-02-06 08:00,3.0,0.0
2026-02-06 09:00,1.0,0.0
2026-02-06 10:00,3.0,0.0
2026-02-06 11:00,3.0,0.0
2026-02-06 20:00,2.0,0.0
2026-02-06 21:00,2.0,0.0
2026-02-06 23:00,2.0,0.0
2026-02-07 00:00,3.0,0.0
2026-02-07 01:00,1.0,0.0
2026-02-07 02:00,4.0,0.0
2026-02-07 06:00,2.0,0.0
2026-02-07 07:00,3.0,0.0
2026-02-07 10:00,1.0,0.0
2026-02-07 17:00,2.0,0.0
2026-02-07 18:00,2.0,0.0
2026-02-07 19:00,1.0,0.0
2026-02-07 20:00,1.0,0.0
2026-02-07 22:00,1.0,0.0
2026-02-07 23:00,2.0,0.0
2026-02-08 00:00,4.0,0.0
2026-02-08 01:00,4.0,0.0
2026-02-08 03:00,2.0,0.0
2026-02-08 04:00,3.0,0.0
2026-02-08 05:00,1.0,0.0
2026-02-08 06:00,3.0,0.0
2026-02-08 07:00,1.0,0.0
2026-02-08 17:00,2.0,0.0
2026-02-08 18:00,1.0,0.0
2026-02-08 19:00,1.0,0.0
2026-02-08 20:00,1.0,0.0
2026-02-08 22:00,1.0,0.0
2026-02-08 23:00,1.0,0.0
2026-02-09 00:00,1.0,0.0
2026-02-09 01:00,1.0,0.0
2026-02-09 02:00,1.0,0.0
2026-02-09 13:00,1.0,0.0
2026-02-09 14:00,1.0,0.0
2026-02-09 16:00,2.0,0.0
2026-02-09 18:00,1.0,0.0
2026-02-09 19:00,2.0,0.0
2026-02-09 20:00,4.0,0.0
2026-02-09 21:00,2.0,0.0
2026-02-09 22:00,1.0,0.0
2026-02-09 23:00,2.0,0.0
2026-02-10 00:00,4.0,0.0
2026-02-10 01:00,2.0,0.0
2026-02-10 02:00,3.0,0.0
2026-02-10 03:00,1.0,0.0
2026-02-10 04:00,2.0,0.0
2026-02-10 05:00,1.0,0.0
2026-02-10 06:00,3.0,0.0
2026-02-10 07:00,3.0,0.0
2026-02-10 10:00,2.0,0.0
2026-02-10 11:00,1.0,0.0
2026-02-10 13:00,4.0,0.0
2026-02-10 14:00,1.0,0.0
2026-02-10 15:00,1.0,0.0
2026-02-10 16:00,2.0,0.0
2026-02-10 17:00,2.0,0.0
2026-02-10 18:00,4.0,0.0
2026-02-10 19:00,2.0,0.0
2026-02-10 20:00,2.0,0.0
2026-02-10 21:00,3.0,0.0
2026-02-10 22:00,3.0,0.0
2026-02-10 23:00,3.0,0.0
2026-02-11 00:00,1.0,0.0
2026-02-11 01:00,2.0,0.0
2026-02-11 02:00,1.0,0.0
2026-02-11 03:00,3.0,0.0
2026-02-11 04:00,2.0,0.0
2026-02-12 05:00,3.0,0.0
2026-02-12 06:00,2.0,0.0
2026-02-12 09:00,1.0,0.0
2026-02-12 10:00,1.0,0.0
2026-02-12 12:00,3.0,0.0
2026-02-12 13:00,2.0,0.0
2026-02-12 15:00,4.0,0.0
2026-02-12 16:00,3.0,0.0
2026-02-12 18:00,3.0,0.0
2026-02-12 19:00,2.0,0.0
2026-02-12 20:00,3.0,0.0
2026-02-12 21:00,1.0,0.0
2026-02-12 22:00,4.0,0.0
2026-02-12 23:00,2.0,0.0
2026-02-13 00:00,4.0,0.0
2026-02-13 01:00,2.0,0.0
2026-02-13 02:00,1.0,0.0
2026-02-13 03:00,3.0,0.0
2026-02-13 04:00,4.0,0.0
2026-02-13 05:00,3.0,0.0
2026-02-13 06:00,3.0,0.0
2026-02-13 07:00,2.0,0.0
2026-02-13 09:00,1.0,0.0
2026-02-13 10:00,1.0,0.0
2026-02-13 13:00,1.0,0.0
2026-02-13 15:00,2.0,0.0
2026-02-13 16:00,1.0,0.0
2026-02-13 17:00,4.0,0.0
2026-02-13 19:00,1.0,0.0
2026-02-13 20:00,2.0,0.0
2026-02-13 21:00,2.0,0.0
2026-02-13 22:00,3.0,0.0
2026-02-13 23:00,1.0,0.0
2026-02-14 00:00,2.0,0.0
2026-02-14 01:00,8.0,0.0
2026-02-14 02:00,3.0,0.0
2026-02-14 03:00,2.0,0.0
2026-02-14 04:00,5.0,0.0
2026-02-14 05:00,4.0,0.0
2026-02-14 06:00,3.0,0.0
2026-02-14 07:00,6.0,0.0
2026-02-14 08:00,2.0,0.0
2026-02-14 09:00,2.0,0.0
2026-02-14 10:00,1.0,0.0
2026-02-14 17:00,1.0,0.0
2026-02-14 18:00,1.0,0.0
2026-02-14 21:00,1.0,0.0
2026-02-14 22:00,2.0,0.0
2026-02-15 01:00,1.0,0.0
2026-02-16 13:00,1.0,0.0
2026-02-16 15:00,1.0,0.0
2026-02-16 16:00,1.0,0.0
2026-02-16 17:00,3.0,0.0
2026-02-16 19:00,1.0,0.0
2026-02-16 21:00,3.0,0.0
2026-02-16 22:00,1.0,0.0
2026-02-16 23:00,2.0,0.0
2026-02-17 00:00,1.0,0.0
2026-02-17 01:00,3.0,0.0
2026-02-17 02:00,2.0,0.0
2026-02-17 03:00,1.0,0.0
2026-02-17 04:00,2.0,0.0
2026-02-17 05:00,2.0,0.0
2026-02-17 07:00,2.0,0.0
2026-02-17 09:00,2.0,0.0
2026-02-17 14:00,3.0,0.0
2026-02-17 16:00,2.0,0.0
2026-02-17 17:00,4.0,0.0
2026-02-17 18:00,1.0,0.0
2026-02-17 19:00,1.0,0.0
2026-02-17 20:00,4.0,0.0
2026-02-17 21:00,3.0,0.0
2026-02-17 22:00,2.0,0.0
2026-02-17 23:00,1.0,0.0
2026-02-18 00:00,3.0,0.0
2026-02-18 01:00,1.0,0.0
2026-02-18 02:00,3.0,0.0
2026-02-18 03:00,4.0,0.0
2026-02-18 04:00,4.0,0.0
2026-02-18 05:00,1.0,0.0
2026-02-18 06:00,3.0,0.0
2026-02-18 07:00,2.0,0.0
2026-02-18 10:00,2.0,0.0
2026-02-18 11:00,1.0,0.0
2026-02-18 13:00,1.0,0.0
2026-02-18 15:00,1.0,0.0
2026-02-18 16:00,3.0,0.0
2026-02-18 17:00,4.0,0.0
2026-02-18 18:00,5.0,0.0
2026-02-18 19:00,3.0,0.0
2026-02-18 20:00,5.0,0.0
2026-02-18 21:00,3.0,0.0
2026-02-18 22:00,5.0,0.0
2026-02-18 23:00,1.0,0.0
2026-02-19 00:00,2.0,0.0
2026-02-19 01:00,3.0,0.0
2026-02-19 02:00,2.0,0.0
2026-02-19 03:00,6.0,0.0
2026-02-19 04:00,3.0,0.0
2026-02-19 05:00,4.0,0.0
2026-02-19 06:00,2.0,0.0
2026-02-19 07:00,3.0,0.0
2026-02-19 08:00,2.0,0.0
2026-02-19 14:00,1.0,0.0
2026-02-19 15:00,2.0,0.0
2026-02-19 16:00,2.0,0.0
2026-02-19 17:00,2.0,0.0
2026-02-19 18:00,2.0,0.0
2026-02-19 19:00,2.0,0.0
2026-02-19 20:00,1.0,0.0
2026-02-19 21:00,2.0,0.0
2026-02-19 22:00,5.0,0.0
2026-02-19 23:00,1.0,0.0
2026-02-20 00:00,1.0,0.0
2026-02-20 01:00,2.0,0.0
2026-02-20 02:00,1.0,0.0
2026-02-20 03:00,2.0,0.0
2026-02-20 04:00,3.0,0.0
2026-02-20 05:00,3.0,0.0
2026-02-20 06:00,1.0,0.0
2026-02-20 07:00,1.0,0.0
2026-02-20 08:00,2.0,0.0
2026-02-20 09:00,1.0,0.0
2026-02-20 12:00,2.0,0.0
2026-02-20 13:00,4.0,0.0
2026-02-20 14:00,1.0,0.0
2026-02-20 16:00,2.0,0.0
2026-02-20 20:00,2.0,0.0
2026-02-20 21:00,1.0,0.0
2026-02-20 22:00,4.0,0.0
2026-02-20 23:00,3.0,0.0
2026-02-21 00:00,3.0,0.0
2026-02-21 01:00,3.0,0.0
2026-02-21 02:00,2.0,0.0
2026-02-21 04:00,2.0,0.0
2026-02-21 05:00,4.0,0.0
2026-02-21 06:00,3.0,0.0
2026-02-21 07:00,3.0,0.0
2026-02-21 09:00,2.0,0.0
2026-02-21 10:00,1.0,0.0
2026-02-21 11:00,1.0,0.0
2026-02-21 12:00,1.0,0.0
2026-02-21 13:00,1.0,0.0
2026-02-21 14:00,1.0,0.0
2026-02-21 15:00,1.0,0.0
2026-02-21 16:00,3.0,0.0
2026-02-21 19:00,2.0,0.0
2026-02-21 20:00,2.0,0.0
2026-02-21 21:00,4.0,0.0
2026-02-21 22:00,2.0,0.0
2026-02-21 23:00,3.0,0.0
2026-02-22 00:00,2.0,0.0
2026-02-22 01:00,2.0,0.0
2026-02-22 03:00,4.0,0.0
2026-02-22 04:00,3.0,0.0
2026-02-22 05:00,3.0,0.0
2026-02-22 06:00,3.0,0.0
2026-02-22 07:00,1.0,0.0
2026-02-23 00:00,1.0,0.0
2026-02-23 01:00,1.0,0.0
2026-02-24 13:00,2.0,0.0
2026-02-24 14:00,4.0,0.0
2026-02-24 16:00,1.0,0.0
2026-02-24 20:00,4.0,0.0
2026-02-24 21:00,1.0,0.0
2026-02-24 22:00,3.0,0.0
2026-02-24 23:00,3.0,0.0
2026-02-25 00:00,1.0,0.0
2026-02-25 02:00,1.0,0.0
2026-02-25 04:00,1.0,0.0
2026-02-25 05:00,1.0,0.0
2026-02-25 06:00,1.0,0.0
2026-02-25 07:00,3.0,0.0
2026-02-25 10:00,1.0,0.0
2026-02-25 14:00,2.0,0.0
2026-02-25 15:00,1.0,0.0
2026-02-25 16:00,2.0,0.0
2026-02-25 17:00,1.0,0.0
2026-02-25 19:00,1.0,0.0
2026-02-25 20:00,3.0,0.0
2026-02-25 21:00,2.0,0.0
2026-02-25 22:00,1.0,0.0
2026-02-25 23:00,2.0,0.0
2026-02-26 00:00,3.0,0.0
2026-02-26 01:00,2.0,0.0
2026-02-26 04:00,1.0,0.0
2026-02-26 05:00,1.0,0.0
2026-02-26 06:00,2.0,0.0
2026-02-26 07:00,1.0,0.0
2026-02-26 08:00,3.0,0.0
2026-02-26 09:00,1.0,0.0
2026-02-26 10:00,1.0,0.0
2026-02-26 15:00,2.0,0.0
2026-02-26 17:00,1.0,0.0
2026-02-26 18:00,3.0,0.0
2026-02-26 19:00,1.0,0.0
2026-02-26 20:00,1.0,0.0
2026-02-26 21:00,1.0,0.0
2026-02-26 23:00,2.0,0.0
2026-02-27 00:00,1.0,0.0
2026-02-27 01:00,1.0,0.0
2026-02-27 11:00,1.0,0.0
2026-02-27 14:00,2.0,0.0
2026-02-27 17:00,3.0,0.0
2026-02-27 18:00,2.0,0.0
2026-02-27 19:00,1.0,0.0
2026-02-27 20:00,3.0,0.0
2026-02-27 21:00,2.0,0.0
2026-02-27 22:00,3.0,0.0
2026-02-27 23:00,4.0,0.0
2026-02-28 01:00,4.0,0.0
2026-02-28 02:00,3.0,0.0
2026-02-28 03:00,3.0,0.0
2026-02-28 04:00,4.0,0.0
2026-02-28 05:00,5.0,0.0
2026-02-28 06:00,1.0,0.0
2026-02-28 07:00,1.0,0.0
2026-02-28 08:00,2.0,0.0
2026-02-28 09:00,1.0,0.0
2026-03-01 04:00,1.0,0.0
2026-03-01 06:00,3.0,0.0
2026-03-01 07:00,1.0,0.0
2026-03-01 08:00,2.0,0.0
2026-03-01 09:00,1.0,0.0
2026-03-01 23:00,2.0,0.0
2026-03-02 00:00,3.0,0.0
2026-03-02 01:00,1.0,0.0
2026-03-02 02:00,1.0,0.0
2026-03-02 03:00,1.0,0.0
2026-03-02 04:00,2.0,0.0
2026-03-02 06:00,3.0,0.0
2026-03-02 07:00,1.0,0.0
2026-03-02 12:00,1.0,0.0
2026-03-03 03:00,3.0,0.0
2026-03-03 06:00,3.0,0.0
2026-03-03 15:00,3.0,0.0
2026-03-03 16:00,1.0,0.0
2026-03-03 17:00,1.0,0.0
2026-03-03 18:00,4.0,0.0
2026-03-03 19:00,1.0,0.0
2026-03-03 20:00,7.0,0.0
2026-03-03 21:00,9.0,0.0
2026-03-03 22:00,4.0,0.0
2026-03-04 00:00,2.0,0.0
2026-03-04 01:00,3.0,0.0
2026-03-04 02:00,3.0,0.0
2026-03-04 04:00,2.0,0.0
2026-03-04 05:00,1.0,0.0
2026-03-04 06:00,1.0,0.0
2026-03-04 13:00,1.0,0.0
2026-03-04 15:00,3.0,0.0
2026-03-04 16:00,5.0,0.0
2026-03-04 17:00,3.0,0.0
2026-03-04 18:00,3.0,0.0
2026-03-04 19:00,12.0,0.0
2026-03-04 20:00,5.0,0.0
2026-03-04 21:00,1.0,0.0
2026-03-04 22:00,1.0,0.0
2026-03-04 23:00,2.0,0.0
2026-03-05 00:00,3.0,0.0
2026-03-05 02:00,1.0,0.0
2026-03-05 04:00,3.0,0.0
2026-03-05 05:00,2.0,0.0
2026-03-05 08:00,1.0,0.0
2026-03-05 11:00,1.0,0.0
2026-03-05 12:00,1.0,0.0
2026-03-05 13:00,2.0,0.0
2026-03-05 14:00,2.0,0.0
2026-03-05 16:00,1.0,0.0
2026-03-05 17:00,2.0,0.0
2026-03-05 18:00,5.0,0.0
2026-03-05 19:00,3.0,0.0
2026-03-05 20:00,5.0,0.0
2026-03-05 21:00,6.0,0.0
2026-03-05 22:00,4.0,0.0
2026-03-05 23:00,4.0,0.0
2026-03-06 00:00,4.0,0.0
2026-03-06 01:00,5.0,0.0
2026-03-06 02:00,4.0,0.0
2026-03-06 03:00,2.0,0.0
2026-03-06 04:00,1.0,0.0
2026-03-06 05:00,3.0,0.0
2026-03-06 06:00,1.0,0.0
2026-03-06 11:00,2.0,0.0
2026-03-06 12:00,2.0,0.0
2026-03-06 13:00,2.0,0.0
2026-03-06 14:00,1.0,0.0
2026-03-06 16:00,4.0,0.0
2026-03-06 17:00,13.0,0.0
2026-03-06 18:00,3.0,0.0
2026-03-06 19:00,3.0,0.0
2026-03-06 20:00,5.0,0.0
2026-03-06 21:00,3.0,0.0
2026-03-06 22:00,5.0,0.0
2026-03-06 23:00,7.0,0.0
2026-03-07 00:00,7.0,0.0
2026-03-07 01:00,3.0,0.0
2026-03-07 02:00,4.0,0.0
2026-03-07 03:00,3.0,0.0
2026-03-07 04:00,4.0,0.0
2026-03-07 05:00,3.0,0.0
2026-03-07 06:00,3.0,0.0
2026-03-07 07:00,1.0,0.0
2026-03-07 08:00,3.0,0.0
2026-03-07 09:00,1.0,0.0
2026-03-07 10:00,1.0,0.0
2026-03-08 02:00,1.0,0.0
2026-03-08 03:00,3.0,0.0
2026-03-08 04:00,3.0,0.0
2026-03-08 05:00,2.0,0.0
2026-03-08 12:00,1.0,0.0
2026-03-08 13:00,1.0,0.0
2026-03-08 14:00,1.0,0.0
2026-03-08 15:00,1.0,0.0
2026-03-08 16:00,3.0,0.0
2026-03-08 17:00,1.0,0.0
2026-03-08 18:00,2.0,0.0
2026-03-08 19:00,2.0,0.0
2026-03-08 20:00,1.0,0.0
2026-03-08 21:00,2.0,0.0
2026-03-08 22:00,1.0,0.0
2026-03-08 23:00,2.0,0.0
2026-03-09 00:00,4.0,0.0
2026-03-09 01:00,1.0,0.0
2026-03-09 02:00,3.0,0.0
2026-03-09 03:00,1.0,0.0
2026-03-09 04:00,1.0,0.0
2026-03-09 05:00,3.0,0.0
2026-03-09 06:00,3.0,0.0
2026-03-09 07:00,2.0,0.0
2026-03-09 08:00,1.0,0.0
2026-03-09 11:00,1.0,0.0
2026-03-09 12:00,2.0,0.0
2026-03-09 15:00,1.0,0.0
2026-03-09 16:00,3.0,0.0
2026-03-09 17:00,3.0,0.0
2026-03-09 18:00,4.0,0.0
2026-03-09 19:00,4.0,0.0
2026-03-09 20:00,7.0,0.0
2026-03-09 21:00,4.0,0.0
2026-03-09 22:00,3.0,0.0
2026-03-09 23:00,6.0,0.0
2026-03-10 00:00,3.0,0.0
2026-03-10 01:00,3.0,0.0
2026-03-10 02:00,1.0,0.0
2026-03-10 03:00,3.0,0.0
2026-03-10 04:00,3.0,0.0
2026-03-10 05:00,3.0,0.0
2026-03-10 06:00,3.0,0.0
2026-03-10 07:00,2.0,0.0
2026-03-10 08:00,2.0,0.0
2026-03-10 09:00,1.0,0.0
2026-03-10 11:00,3.0,0.0
2026-03-10 12:00,2.0,0.0
2026-03-10 13:00,3.0,0.0
2026-03-10 14:00,5.0,0.0
2026-03-10 15:00,2.0,0.0
2026-03-10 16:00,4.0,0.0
2026-03-10 17:00,4.0,0.0
2026-03-10 18:00,2.0,0.0
2026-03-10 19:00,7.0,0.0
2026-03-10 20:00,6.0,0.0
2026-03-10 21:00,4.0,0.0
2026-03-10 22:00,2.0,0.0
2026-03-10 23:00,3.0,0.0
2026-03-11 00:00,3.0,0.0
2026-03-11 01:00,4.0,0.0
2026-03-11 02:00,2.0,0.0
2026-03-11 03:00,2.0,0.0
2026-03-11 04:00,4.0,0.0
2026-03-11 05:00,1.0,0.0
2026-03-11 06:00,1.0,0.0
2026-03-11 07:00,3.0,0.0
2026-03-11 08:00,1.0,0.0
2026-03-11 12:00,2.0,0.0
2026-03-11 13:00,2.0,0.0
2026-03-11 14:00,1.0,0.0
2026-03-11 17:00,1.0,0.0
2026-03-11 20:00,2.0,0.0
2026-03-12 01:00,1.0,0.0
2026-03-12 06:00,2.0,0.0
2026-03-12 07:00,1.0,0.0
2026-03-12 09:00,1.0,0.0
2026-03-12 12:00,2.0,0.0
2026-03-12 13:00,7.0,0.0
2026-03-12 14:00,7.0,0.0
2026-03-12 15:00,4.0,0.0
2026-03-12 16:00,3.0,0.0
2026-03-12 17:00,3.0,0.0
2026-03-12 18:00,5.0,0.0
2026-03-12 19:00,5.0,0.0
2026-03-12 20:00,3.0,0.0
2026-03-12 21:00,7.0,0.0
2026-03-12 22:00,3.0,0.0
2026-03-12 23:00,3.0,0.0
2026-03-13 00:00,2.0,0.0
2026-03-13 01:00,1.0,0.0
2026-03-13 02:00,1.0,0.0
2026-03-13 03:00,4.0,0.0
2026-03-13 04:00,2.0,0.0
2026-03-13 05:00,6.0,0.0
2026-03-13 06:00,1.0,0.0
2026-03-13 07:00,1.0,0.0
2026-03-13 08:00,2.0,0.0
2026-03-13 09:00,1.0,0.0
2026-03-13 11:00,1.0,0.0
2026-03-13 12:00,1.0,0.0
2026-03-13 13:00,1.0,0.0
2026-03-13 14:00,1.0,0.0
2026-03-13 17:00,1.0,0.0
2026-03-13 23:00,1.0,0.0
2026-03-14 00:00,5.0,0.0
2026-03-14 01:00,9.0,0.0
2026-03-14 02:00,2.0,0.0
2026-03-14 03:00,3.0,0.0
2026-03-14 04:00,2.0,0.0
2026-03-14 05:00,2.0,0.0
2026-03-14 06:00,2.0,0.0
2026-03-14 07:00,2.0,0.0
2026-03-14 08:00,1.0,0.0
2026-03-14 09:00,1.0,0.0
2026-03-14 20:00,3.0,0.0
2026-03-14 21:00,4.0,0.0
2026-03-14 22:00,2.0,0.0
2026-03-14 23:00,1.0,0.0
2026-03-15 00:00,2.0,0.0
2026-03-15 01:00,2.0,0.0
2026-03-15 02:00,6.0,0.0
2026-03-15 03:00,3.0,0.0
2026-03-15 04:00,2.0,0.0
2026-03-16 12:00,1.0,0.0
2026-03-17 00:00,1.0,0.0
2026-03-17 01:00,1.0,0.0
2026-03-17 02:00,1.0,0.0
2026-03-17 03:00,1.0,0.0
2026-03-17 05:00,1.0,0.0
2026-03-17 06:00,1.0,0.0
2026-03-17 08:00,1.0,0.0
2026-03-17 12:00,2.0,0.0
2026-03-17 13:00,2.0,0.0
2026-03-17 14:00,5.0,0.0
2026-03-17 16:00,3.0,0.0
2026-03-17 17:00,1.0,0.0
2026-03-17 19:00,2.0,0.0
2026-03-17 20:00,3.0,0.0
2026-03-17 21:00,2.0,0.0
2026-03-17 22:00,3.0,0.0
2026-03-17 23:00,4.0,0.0
2026-03-18 00:00,3.0,0.0
2026-03-18 01:00,1.0,0.0
2026-03-18 02:00,4.0,0.0
2026-03-18 03:00,4.0,0.0
2026-03-18 04:00,3.0,0.0
2026-03-18 05:00,3.0,0.0
2026-03-18 06:00,1.0,0.0
2026-03-18 08:00,2.0,0.0
2026-03-18 10:00,2.0,0.0
2026-03-18 11:00,1.0,0.0
2026-03-18 12:00,2.0,0.0
2026-03-18 14:00,3.0,0.0
2026-03-18 15:00,4.0,0.0
2026-03-18 16:00,5.0,0.0
2026-03-18 17:00,5.0,0.0
2026-03-18 18:00,3.0,0.0
2026-03-18 19:00,6.0,0.0
2026-03-18 20:00,6.0,0.0
2026-03-18 21:00,3.0,0.0
2026-03-18 22:00,3.0,0.0
2026-03-18 23:00,3.0,0.0
2026-03-19 00:00,3.0,0.0
2026-03-19 01:00,1.0,0.0
2026-03-19 02:00,3.0,0.0
2026-03-19 04:00,5.0,0.0
2026-03-19 05:00,1.0,0.0
2026-03-19 07:00,2.0,0.0
2026-03-19 08:00,2.0,0.0
2026-03-19 09:00,1.0,0.0
2026-03-19 10:00,1.0,0.0
2026-03-19 11:00,1.0,0.0
2026-03-19 12:00,2.0,0.0
2026-03-19 14:00,3.0,0.0
2026-03-19 15:00,2.0,0.0
2026-03-19 17:00,5.0,0.0
2026-03-19 18:00,1.0,0.0
2026-03-19 19:00,7.0,0.0
2026-03-19 20:00,6.0,0.0
2026-03-19 21:00,4.0,0.0
2026-03-19 22:00,3.0,0.0
2026-03-19 23:00,5.0,0.0
2026-03-20 00:00,3.0,0.0
2026-03-20 01:00,2.0,0.0
2026-03-20 02:00,2.0,0.0
2026-03-20 03:00,3.0,0.0
2026-03-20 04:00,5.0,0.0
2026-03-20 05:00,1.0,0.0
2026-03-20 06:00,3.0,0.0
2026-03-20 07:00,2.0,0.0
2026-03-20 08:00,2.0,0.0
2026-03-20 09:00,1.0,0.0
2026-03-20 10:00,3.0,0.0
2026-03-20 11:00,3.0,0.0
2026-03-20 12:00,2.0,0.0
2026-03-20 13:00,2.0,0.0
2026-03-20 14:00,3.0,0.0
2026-03-20 15:00,2.0,0.0
2026-03-20 16:00,7.0,0.0
2026-03-20 17:00,3.0,0.0
2026-03-20 18:00,7.0,0.0
2026-03-20 19:00,5.0,0.0
2026-03-20 20:00,7.0,0.0
2026-03-20 21:00,5.0,0.0
2026-03-20 22:00,1.0,0.0
2026-03-20 23:00,3.0,0.0
2026-03-21 00:00,4.0,0.0
2026-03-21 01:00,4.0,0.0
2026-03-21 02:00,3.0,0.0
2026-03-21 03:00,4.0,0.0
2026-03-21 04:00,6.0,0.0
2026-03-21 05:00,5.0,0.0
2026-03-21 06:00,4.0,0.0
2026-03-21 07:00,2.0,0.0
2026-03-21 08:00,2.0,0.0
2026-03-21 09:00,1.0,0.0
2026-03-21 17:00,3.0,0.0
2026-03-21 18:00,3.0,0.0
2026-03-21 19:00,6.0,0.0
2026-03-21 20:00,2.0,0.0
2026-03-21 21:00,2.0,0.0
2026-03-21 22:00,3.0,0.0
2026-03-22 01:00,4.0,0.0
2026-03-22 02:00,3.0,0.0
2026-03-22 03:00,3.0,0.0
2026-03-22 04:00,3.0,0.0
2026-03-22 05:00,3.0,0.0
2026-03-22 06:00,2.0,0.0
2026-03-22 12:00,1.0,0.0
2026-03-22 13:00,1.0,0.0
2026-03-22 14:00,4.0,0.0
2026-03-22 15:00,4.0,0.0
2026-03-22 16:00,2.0,0.0
2026-03-22 17:00,2.0,0.0
2026-03-22 18:00,1.0,0.0
2026-03-22 19:00,1.0,0.0
2026-03-22 20:00,1.0,0.0
2026-03-24 05:00,4.0,0.0
2026-03-24 06:00,2.0,0.0
2026-03-24 07:00,1.0,0.0
2026-03-24 08:00,3.0,0.0
2026-03-24 10:00,3.0,0.0
2026-03-24 11:00,1.0,0.0
2026-03-24 12:00,1.0,0.0
2026-03-24 13:00,1.0,0.0
2026-03-24 14:00,2.0,0.0
2026-03-24 15:00,3.0,0.0
2026-03-24 16:00,1.0,0.0
2026-03-24 17:00,5.0,0.0
2026-03-24 18:00,2.0,0.0
2026-03-24 19:00,2.0,0.0
2026-03-24 20:00,3.0,0.0
2026-03-24 21:00,5.0,0.0
2026-03-24 22:00,4.0,0.0
2026-03-24 23:00,6.0,0.0
2026-03-25 00:00,3.0,0.0
2026-03-25 01:00,3.0,0.0
2026-03-25 02:00,1.0,0.0
2026-03-25 03:00,3.0,0.0
2026-03-25 04:00,1.0,0.0
2026-03-25 05:00,1.0,0.0
2026-03-25 08:00,1.0,0.0
2026-03-25 09:00,2.0,0.0
2026-03-25 11:00,1.0,0.0
2026-03-25 12:00,1.0,0.0
2026-03-25 13:00,4.0,0.0
2026-03-25 14:00,1.0,0.0
2026-03-25 15:00,3.0,0.0
2026-03-25 16:00,3.0,0.0
2026-03-25 17:00,7.0,0.0
2026-03-25 18:00,5.0,0.0
2026-03-25 19:00,2.0,0.0
2026-03-25 20:00,5.0,0.0
2026-03-25 21:00,7.0,0.0
2026-03-25 22:00,3.0,0.0
2026-03-25 23:00,4.0,0.0
2026-03-26 00:00,4.0,0.0
2026-03-26 01:00,4.0,0.0
2026-03-26 02:00,4.0,0.0
2026-03-26 03:00,2.0,0.0
2026-03-26 12:00,1.0,0.0
2026-03-26 13:00,8.0,0.0
2026-03-26 14:00,6.0,0.0
2026-03-26 15:00,6.0,0.0
2026-03-26 16:00,7.0,0.0
2026-03-26 17:00,6.0,0.0
2026-03-26 18:00,3.0,0.0
2026-03-26 19:00,3.0,0.0
2026-03-26 20:00,4.0,0.0
2026-03-26 21:00,5.0,0.0
2026-03-26 22:00,4.0,0.0
2026-03-26 23:00,7.0,0.0
2026-03-27 00:00,6.0,0.0
2026-03-27 01:00,7.0,0.0
2026-03-27 02:00,8.0,0.0
2026-03-27 03:00,2.0,0.0
2026-03-27 04:00,2.0,0.0
2026-03-27 05:00,5.0,0.0
2026-03-27 06:00,3.0,0.0
2026-03-27 13:00,3.0,0.0
2026-03-27 14:00,1.0,0.0
2026-03-27 15:00,2.0,0.0
2026-03-27 16:00,4.0,0.0
2026-03-27 17:00,3.0,0.0
2026-03-27 18:00,2.0,0.0
2026-03-27 19:00,5.0,0.0
2026-03-27 20:00,3.0,0.0
2026-03-27 21:00,2.0,0.0
2026-03-27 23:00,4.0,0.0
2026-03-28 00:00,6.0,0.0
2026-03-28 01:00,4.0,0.0
2026-03-28 02:00,3.0,0.0
2026-03-28 03:00,4.0,0.0
2026-03-28 04:00,5.0,0.0
2026-03-28 05:00,4.0,0.0
2026-03-28 06:00,2.0,0.0
2026-03-28 07:00,1.0,0.0
2026-03-28 09:00,1.0,0.0
2026-03-28 16:00,4.0,0.0
2026-03-28 17:00,3.0,0.0
2026-03-28 18:00,8.0,0.0
2026-03-28 19:00,6.0,0.0
2026-03-28 20:00,5.0,0.0
2026-03-28 21:00,7.0,0.0
2026-03-28 22:00,4.0,0.0
2026-03-28 23:00,1.0,0.0
2026-03-29 00:00,2.0,0.0
2026-03-29 01:00,3.0,0.0
2026-03-29 02:00,2.0,0.0
2026-03-29 03:00,2.0,0.0
2026-03-29 04:00,3.0,0.0
2026-03-29 05:00,2.0,0.0
2026-03-29 06:00,4.0,0.0
2026-03-29 22:00,2.0,0.0
2026-03-29 23:00,2.0,0.0
2026-03-30 00:00,2.0,0.0
2026-03-30 01:00,2.0,0.0
2026-03-30 02:00,2.0,0.0
2026-03-30 03:00,1.0,0.0
2026-03-31 04:00,3.0,0.0
2026-03-31 05:00,3.0,0.0
2026-03-31 06:00,3.0,0.0
2026-03-31 07:00,2.0,0.0
2026-03-31 08:00,3.0,0.0
2026-03-31 09:00,2.0,0.0
2026-03-31 10:00,2.0,0.0
2026-03-31 11:00,1.0,0.0
2026-03-31 12:00,1.0,0.0
2026-03-31 13:00,1.0,0.0
2026-03-31 14:00,2.0,0.0
2026-03-31 15:00,1.0,0.0
2026-03-31 16:00,5.0,0.0
2026-03-31 17:00,5.0,0.0
2026-03-31 18:00,5.0,0.0
2026-03-31 19:00,4.0,0.0
2026-03-31 20:00,3.0,0.0
2026-03-31 22:00,2.0,0.0
2026-03-31 23:00,3.0,0.0
2026-04-01 00:00,1.0,0.0
2026-04-01 01:00,2.0,0.0
2026-04-01 03:00,3.0,0.0
2026-04-02 05:00,2.0,0.0
2026-04-02 06:00,1.0,0.0
2026-04-02 07:00,1.0,0.0
2026-04-02 12:00,1.0,0.0
2026-04-02 13:00,1.0,0.0
2026-04-02 14:00,3.0,0.0
2026-04-02 15:00,3.0,0.0
2026-04-02 16:00,4.0,0.0
2026-04-02 17:00,3.0,0.0
2026-04-02 18:00,4.0,0.0
2026-04-02 19:00,4.0,0.0
2026-04-02 20:00,5.0,0.0
2026-04-02 21:00,2.0,0.0
2026-04-02 22:00,2.0,0.0
2026-04-02 23:00,5.0,0.0
2026-04-03 00:00,3.0,0.0
2026-04-03 01:00,4.0,0.0
2026-04-03 02:00,1.0,0.0
2026-04-03 03:00,5.0,0.0
2026-04-03 04:00,3.0,0.0
2026-04-03 05:00,3.0,0.0
2026-04-03 06:00,3.0,0.0
2026-04-03 07:00,3.0,0.0
2026-04-03 08:00,1.0,0.0
2026-04-03 11:00,4.0,0.0
2026-04-03 12:00,1.0,0.0
2026-04-03 13:00,5.0,0.0
2026-04-03 14:00,6.0,0.0
2026-04-03 15:00,4.0,0.0
2026-04-03 16:00,3.0,0.0
2026-04-03 17:00,4.0,0.0
2026-04-03 18:00,4.0,0.0
2026-04-03 19:00,5.0,0.0
2026-04-03 20:00,4.0,0.0
2026-04-03 21:00,3.0,0.0
2026-04-03 22:00,6.0,0.0
2026-04-03 23:00,6.0,0.0
2026-04-04 00:00,2.0,0.0
2026-04-04 01:00,3.0,0.0
2026-04-04 02:00,3.0,0.0
2026-04-04 03:00,6.0,0.0
2026-04-04 04:00,3.0,0.0
2026-04-04 05:00,2.0,0.0
2026-04-04 06:00,4.0,0.0
2026-04-04 07:00,3.0,0.0
2026-04-04 08:00,2.0,0.0
2026-04-04 17:00,1.0,0.0
2026-04-04 18:00,2.0,0.0
2026-04-04 19:00,1.0,0.0
2026-04-04 21:00,2.0,0.0
2026-04-04 22:00,2.0,0.0
2026-04-04 23:00,1.0,0.0
2026-04-05 02:00,3.0,0.0
2026-04-05 03:00,3.0,0.0
2026-04-05 04:00,3.0,0.0
2026-04-05 05:00,3.0,0.0
2026-04-05 06:00,2.0,0.0
2026-04-05 22:00,2.0,0.0
2026-04-05 23:00,2.0,0.0
2026-04-06 00:00,3.0,0.0
2026-04-06 01:00,2.0,0.0
2026-04-06 02:00,3.0,0.0
2026-04-06 03:00,2.0,0.0
2026-04-06 04:00,1.0,0.0
2026-04-06 11:00,1.0,0.0
2026-04-06 12:00,2.0,0.0
2026-04-06 13:00,4.0,0.0
2026-04-06 14:00,5.0,0.0
2026-04-06 15:00,3.0,0.0
2026-04-06 16:00,3.0,0.0
2026-04-06 17:00,6.0,0.0
2026-04-06 18:00,2.0,0.0
2026-04-06 19:00,4.0,0.0
2026-04-06 20:00,2.0,0.0
2026-04-06 21:00,3.0,0.0
2026-04-06 22:00,2.0,0.0
2026-04-07 00:00,3.0,0.0
2026-04-07 01:00,1.0,0.0
2026-04-07 02:00,1.0,0.0
2026-04-07 03:00,2.0,0.0
2026-04-07 04:00,2.0,0.0
2026-04-07 05:00,3.0,0.0
2026-04-07 06:00,2.0,0.0
2026-04-07 07:00,1.0,0.0
2026-04-07 08:00,1.0,0.0
2026-04-07 11:00,5.0,0.0
2026-04-07 12:00,2.0,0.0
2026-04-07 13:00,2.0,0.0
2026-04-07 14:00,5.0,0.0
2026-04-07 15:00,1.0,0.0
2026-04-07 16:00,1.0,0.0
2026-04-07 17:00,2.0,0.0
2026-04-07 18:00,3.0,0.0
2026-04-07 19:00,3.0,0.0
2026-04-07 20:00,5.0,0.0
2026-04-07 21:00,7.0,0.0
2026-04-07 22:00,4.0,0.0
2026-04-08 00:00,5.0,0.0
2026-04-08 01:00,1.0,0.0
2026-04-08 02:00,3.0,0.0
2026-04-08 03:00,3.0,0.0
2026-04-09 04:00,4.0,0.0
2026-04-09 05:00,3.0,0.0
2026-04-09 06:00,2.0,0.0
2026-04-09 07:00,2.0,0.0
2026-04-09 08:00,2.0,0.0
2026-04-09 09:00,2.0,0.0
2026-04-09 10:00,1.0,0.0
2026-04-09 11:00,4.0,0.0
2026-04-09 12:00,3.0,0.0
2026-04-09 13:00,5.0,0.0
2026-04-09 14:00,7.0,0.0
2026-04-09 15:00,1.0,0.0
2026-04-09 16:00,3.0,0.0
2026-04-09 17:00,1.0,0.0
2026-04-09 18:00,4.0,0.0
2026-04-09 19:00,5.0,0.0
2026-04-09 20:00,5.0,0.0
2026-04-09 21:00,8.0,0.0
2026-04-09 22:00,4.0,0.0
2026-04-09 23:00,3.0,0.0
2026-04-10 00:00,7.0,0.0
2026-04-10 01:00,5.0,0.0
2026-04-10 02:00,3.0,0.0
2026-04-10 03:00,5.0,0.0
2026-04-12 06:00,0.0,1.0
2026-04-12 07:00,0.0,39.0
2026-04-12 08:00,0.0,58.0
2026-04-12 09:00,0.0,60.0
2026-04-12 10:00,0.0,62.0
2026-04-12 11:00,0.0,60.0
2026-04-12 12:00,0.0,89.0
2026-04-12 13:00,0.0,67.0
2026-04-12 14:00,0.0,94.0
2026-04-12 15:00,0.0,74.0
2026-04-12 16:00,0.0,92.0
2026-04-12 17:00,0.0,76.0
2026-04-12 18:00,0.0,74.0
2026-04-12 19:00,0.0,62.0
2026-04-12 20:00,0.0,68.0
2026-04-12 21:00,0.0,63.0
2026-04-12 22:00,0.0,91.0
2026-04-12 23:00,0.0,84.0
2026-04-13 00:00,0.0,77.0
2026-04-13 01:00,0.0,59.0
2026-04-13 02:00,0.0,48.0
2026-04-13 03:00,0.0,23.0
2026-04-13 04:00,0.0,18.0
2026-04-13 05:00,0.0,21.0
2026-04-13 06:00,0.0,48.0
2026-04-13 07:00,0.0,66.0
2026-04-13 08:00,0.0,88.0
2026-04-13 09:00,0.0,100.0
2026-04-13 10:00,0.0,104.0
2026-04-13 11:00,0.0,117.0
2026-04-13 12:00,0.0,125.0
2026-04-13 13:00,0.0,128.0
2026-04-13 14:00,0.0,128.0
2026-04-13 15:00,0.0,110.0
2026-04-13 16:00,0.0,136.0
2026-04-13 17:00,0.0,105.0
2026-04-13 18:00,0.0,96.0
2026-04-13 19:00,0.0,81.0
2026-04-13 20:00,0.0,79.0
2026-04-13 21:00,0.0,66.0
2026-04-13 22:00,0.0,64.0
2026-04-13 23:00,0.0,53.0
2026-04-14 00:00,0.0,1.0
