population,homicides,years_since_rtcc,is_rtcc,treated,region_Midwest,region_Northeast,region_South,region_West
0.07423076923076923,-0.003269230769230783,0.0007692307692307657,0.0026923076923076775,0.0026923076923076905,0.04346153846153848,-0.02019230769230769,0.10038461538461536,0.11923076923076922
0.3326923076923078,0.20038461538461538,0.0007692307692307571,0.0007692307692307593,0.0013461538461538452,-0.1436538461538461,-0.012307692307692313,-0.050769230769230796,-0.009230769230769228
-0.3936538461538461,0.06384615384615387,-0.0044230769230769315,-0.00653846153846154,-0.0015384615384615363,0.07384615384615387,-0.07846153846153843,-0.1478846153846154,-0.18519230769230757
0.06519230769230769,-0.26499999999999996,0.00019230769230768128,0.0023076923076922875,0.0,-0.4163461538461538,-0.025192307692307687,-0.02846153846153846,-0.012692307692307687
-0.10730769230769234,-0.17442307692307685,-0.012500000000000018,-0.00019230769230770182,0.0007692307692307698,-0.14711538461538462,-0.02346153846153846,-0.17115384615384616,-0.044615384615384605
-0.2207692307692308,-0.10788461538461536,-0.0009615384615384773,0.00038461538461536933,8.340016711426957e-19,-0.18057692307692308,-0.04865384615384616,-0.1069230769230769,-0.014615384615384615
-0.11750000000000002,-0.08692307692307694,0.0017307692307692248,-0.0019230769230769375,0.0023076923076923075,0.1403846153846154,-0.0448076923076923,0.3228846153846154,0.10384615384615387
-0.28480769230769243,0.01807692307692306,-0.009038461538461558,-0.005384615384615391,0.0019230769230769227,0.08365384615384616,-0.22192307692307706,-0.15538461538461534,-0.10711538461538458
0.15730769230769226,-0.025384615384615363,0.006153846153846136,0.002307692307692295,0.0030769230769230795,0.12115384615384618,-0.025192307692307698,0.07807692307692307,0.0025000000000000044
-0.24000000000000007,0.016153846153846137,-0.007884615384615405,-0.00576923076923078,0.0017307692307692306,0.011153846153846151,-0.22846153846153858,-0.1292307692307692,-0.09769230769230769
0.0019230769230769162,-0.05923076923076921,0.002115384615384598,0.0017307692307692195,0.0019230769230769227,0.07269230769230772,-0.021923076923076934,0.34211538461538454,-0.021346153846153848
-0.0732692307692308,-0.15403846153846154,-0.004230769230769241,-1.2409944866603313e-17,0.0017307692307692323,-0.19769230769230772,-0.012884615384615387,-0.18596153846153843,-0.05365384615384612
-0.22057692307692306,-0.22057692307692306,-0.005000000000000014,-0.011730769230769246,0.00019230769230769125,0.05634615384615387,-0.03846153846153848,-0.16692307692307692,-0.0732692307692308
-0.3801923076923076,0.10288461538461534,-0.004038461538461555,-0.004230769230769235,-0.0015384615384615376,0.06288461538461536,-0.24134615384615385,-0.1340384615384615,-0.08038461538461535
-0.20903846153846156,-0.1253846153846154,-0.004230769230769242,-0.011730769230769248,0.00019230769230769158,0.07769230769230771,-0.027115384615384614,-0.16307692307692312,-0.2173076923076923
-0.14596153846153842,-0.3913461538461538,0.001346153846153826,0.001346153846153838,0.0009615384615384603,-0.020576923076923066,0.0009615384615384478,-0.06461538461538463,-0.0621153846153846
-0.12057692307692308,-0.027115384615384604,0.006153846153846133,0.0015384615384615346,0.0015384615384615376,0.1582692307692308,-0.04,0.34134615384615385,-0.0011538461538461507
-0.4099999999999999,-0.2234615384615385,-0.002500000000000013,-0.007692307692307705,0.0007692307692307688,0.07307692307692312,0.06653846153846153,-0.1830769230769231,0.0063461538461538495
-0.3451923076923078,0.05673076923076921,-0.004423076923076936,-0.005000000000000013,0.0019230769230769162,0.0878846153846154,-0.23846153846153856,-0.12596153846153849,-0.10749999999999996
-0.25826923076923075,-0.19557692307692306,-0.003653846153846165,-0.009423076923076923,-0.0009615384615384678,0.06288461538461539,-0.04903846153846154,-0.1853846153846154,-0.04057692307692308
-0.28519230769230774,-0.24192307692307688,0.0011538461538461494,0.0030769230769230604,0.0013461538461538474,0.08134615384615389,-0.06384615384615387,-0.09557692307692307,-0.0803846153846154
-0.4069230769230768,-0.424423076923077,-0.005384615384615396,0.0011538461538461407,0.0011538461538461553,0.06807692307692306,-0.03692307692307693,0.12865384615384617,-0.005384615384615378
0.20788461538461528,-0.09211538461538467,-0.00019230769230770743,-0.00019230769230770423,0.0025,0.14,-0.019038461538461546,-0.08923076923076925,0.17038461538461544
0.19442307692307692,0.08788461538461537,0.0024999999999999914,0.0021153846153846023,0.0023076923076923096,0.06576923076923079,0.018653846153846135,-0.05384615384615388,0.00019230769230769247
-0.29557692307692307,-0.3498076923076923,-0.007115384615384626,-0.008269230769230782,0.0009615384615384632,0.0628846153846154,0.05769230769230771,-0.14807692307692308,0.007307692307692303
-0.32211538461538464,-0.47076923076923083,-0.0044230769230769445,0.0001923076923076828,0.002692307692307693,-0.02153846153846154,-0.022115384615384627,0.16519230769230767,-0.007115384615384605
-0.22730769230769232,-0.2484615384615384,-0.0036538461538461763,-0.0005769230769230837,3.0024060161137045e-19,0.04019230769230768,-0.04769230769230769,-0.10173076923076921,-0.09076923076923077
-0.27557692307692316,-0.32423076923076927,-0.008461538461538472,-0.009230769230769232,-0.0013461538461538513,0.06096153846153847,0.034999999999999976,-0.16403846153846152,0.006923076923076922
-0.29673076923076924,0.04307692307692306,-0.0036538461538461664,-0.0053846153846154,-0.0009615384615384604,0.08538461538461538,-0.05711538461538461,-0.1598076923076923,-0.2848076923076924
-0.2563461538461539,-0.052307692307692305,-0.0065384615384615425,-0.005769230769230781,-0.0011538461538461542,-0.1830769230769231,-0.04096153846153848,-0.1259615384615384,-0.007884615384615391
-0.2944230769230769,-0.12807692307692303,-0.006730769230769245,-0.007884615384615394,0.0011538461538461529,0.04576923076923078,-0.05134615384615385,-0.17942307692307694,-0.05903846153846155
-0.08442307692307695,-0.2063461538461539,-0.0023076923076923227,-0.002307692307692316,0.0015384615384615398,-0.2038461538461539,-0.017692307692307698,-0.11499999999999996,-0.04961538461538462
-0.28288461538461535,-0.46788461538461534,-0.002115384615384626,-0.003269230769230781,0.003269230769230765,-0.004038461538461548,-0.042884615384615396,0.10423076923076918,0.015576923076923087
-0.043269230769230775,0.08269230769230768,-0.7955769230769231,0.02846153846153846,0.0007692307692307699,0.011538461538461536,-0.004230769230769234,0.04134615384615384,-0.0017307692307692317
-0.26576923076923076,-0.15903846153846157,-0.00019230769230771112,-0.012884615384615392,-0.000576923076923078,0.05634615384615386,-0.045384615384615384,-0.19365384615384615,-0.05884615384615384
0.024999999999999998,0.07615384615384614,0.005384615384615377,0.0017307692307692217,0.0034615384615384603,0.057115384615384644,-0.014423076923076929,0.12961538461538455,0.03596153846153846
-0.09192307692307691,-0.09096153846153847,-0.008653846153846168,-0.006538461538461549,-0.00019230769230769233,-0.02769230769230769,-0.07653846153846153,-0.1494230769230769,-0.22807692307692312
-0.06480769230769232,0.46288461538461523,-0.0019230769230769338,0.0030769230769230648,0.0019230769230769227,0.0530769230769231,-0.028461538461538434,-0.060000000000000005,-0.04576923076923077
-0.07153846153846155,-0.07019230769230765,-0.007884615384615398,0.0011538461538461388,0.0009615384615384603,-0.3851923076923077,-0.024230769230769226,-0.1432692307692307,0.020192307692307693
0.05115384615384613,0.15038461538461528,0.0046153846153846045,0.0028846153846153765,0.0011538461538461527,0.16769230769230764,-0.010961538461538458,-0.03980769230769232,-0.007115384615384611
0.043846153846153826,0.1363461538461538,0.003076923076923069,0.0032692307692307595,0.002115384615384617,0.16192307692307695,-0.0025000000000000087,-0.0301923076923077,0.002115384615384613
0.3698076923076924,0.145576923076923,0.0013461538461538357,0.0005769230769230646,0.0007692307692307678,-0.1365384615384616,-0.03192307692307693,-0.06442307692307696,0.03480769230769231
-0.2776923076923076,-0.05153846153846155,-0.006346153846153867,-0.004423076923076934,0.0009615384615384624,-0.19384615384615383,-0.04442307692307693,-0.09384615384615383,-0.008846153846153842
-0.12730769230769232,-0.05557692307692307,0.00019230769230768502,0.00442307692307691,0.000769230769230771,0.1407692307692308,-0.04076923076923077,0.33711538461538465,0.06038461538461538
-0.07846153846153846,-0.06326923076923076,0.001923076923076912,0.0007692307692307539,0.0011538461538461527,0.13153846153846158,-0.04057692307692308,0.3649999999999998,0.0019230769230769206
0.04269230769230766,-0.005000000000000023,-0.7376923076923076,0.04807692307692309,0.0011538461538461548,0.027692307692307683,-0.007307692307692313,-0.043846153846153854,-0.005769230769230767
0.027692307692307683,-0.09134615384615387,-0.0003846153846153978,-0.0019230769230769334,0.002884615384615381,0.04673076923076925,-0.029230769230769244,0.38884615384615373,-0.02326923076923076
-0.3434615384615384,0.04211538461538459,-0.007500000000000016,-0.0003846153846154043,0.0003846153846153851,-0.21576923076923085,-0.04923076923076922,-0.10192307692307692,-0.004230769230769224
0.16999999999999998,-0.3223076923076923,0.001730769230769214,-0.002115384615384625,0.00038461538461538494,-0.33923076923076934,-0.03096153846153846,-0.14884615384615382,-0.008653846153846156
-0.3011538461538462,-0.06634615384615386,-0.005576923076923096,-0.011538461538461555,0.000384615384615384,-0.18038461538461548,-0.028269230769230755,-0.08923076923076924,0.0021153846153846123
-0.26442307692307687,-0.06634615384615382,0.0003846153846153683,-0.0015384615384615543,-0.0003846153846153843,-0.20461538461538467,-0.04115384615384616,-0.09826923076923072,-0.0036538461538461573
0.041346153846153845,-0.36980769230769234,-0.005000000000000013,-8.540177112501205e-18,0.0015384615384615335,-0.19173076923076923,-0.019615384615384614,-0.09384615384615384,-0.042884615384615375
-0.09134615384615387,-0.03365384615384615,-0.010769230769230784,-0.008653846153846173,0.0017307692307692323,-0.3417307692307693,-0.0726923076923077,-0.15038461538461537,0.027500000000000007
0.28288461538461546,0.16807692307692304,0.0013461538461538357,0.0011538461538461377,0.0013461538461538452,-0.04596153846153846,-0.015384615384615384,-0.06365384615384617,-0.009807692307692312
-0.3557692307692308,0.0444230769230769,-0.003076923076923093,-0.009230769230769244,-0.00019230769230769036,0.08653846153846154,-0.0325,-0.1617307692307692,-0.24846153846153843
0.014615384615384596,-0.12865384615384615,-0.005769230769230781,0.0015384615384615291,3.0024060161137045e-19,-0.41557692307692334,-0.02384615384615385,-0.12057692307692307,-0.001730769230769229
-0.12653846153846152,-0.31096153846153857,-0.0034615384615384703,-0.00980769230769232,-0.00038461538461539004,-0.0005769230769230679,-0.1507692307692308,-0.12499999999999997,0.047500000000000014
-0.2917307692307692,-0.1357692307692308,-1.3177226404054592e-17,-0.012884615384615411,0.00019230769230769046,0.05826923076923079,-0.04769230769230769,-0.2,-0.05038461538461537
0.1253846153846154,-0.061346153846153856,0.0028846153846153744,0.001923076923076912,0.002692307692307695,0.15538461538461543,-0.0126923076923077,0.10634615384615387,-0.0005769230769230754
-0.08346153846153848,-0.06730769230769232,0.0030769230769230604,0.0005769230769230657,0.002115384615384617,0.09423076923076922,-0.04384615384615383,0.3321153846153846,0.08249999999999999
0.28326923076923066,0.04038461538461538,0.004038461538461525,0.0026923076923076796,0.0007692307692307699,0.06211538461538462,-0.01749999999999999,-0.07230769230769231,0.01653846153846155
-0.2848076923076923,-0.13211538461538463,-0.0032692307692307773,-0.002692307692307716,-0.0011538461538461557,0.05134615384615387,-0.06461538461538459,-0.1961538461538462,-0.046538461538461535
-0.09057692307692305,-0.3503846153846154,-0.0028846153846153982,0.0024999999999999875,0.0009615384615384624,0.08826923076923078,-0.06942307692307695,-0.13557692307692307,-0.12288461538461543
0.16423076923076924,-0.0559615384615385,0.0019230769230769184,0.002115384615384611,0.0021153846153846153,0.08384615384615385,-0.019038461538461553,0.1461538461538462,-0.005384615384615381
0.045192307692307684,-0.10269230769230771,0.0024999999999999883,0.005384615384615378,0.0026923076923076926,0.17096153846153844,-0.013846153846153845,0.10538461538461538,0.1044230769230769
-0.07923076923076923,-0.05903846153846159,0.0032692307692307647,0.0011538461538461464,0.0005769230769230774,0.14250000000000004,-0.038461538461538464,0.34769230769230763,0.0015384615384615398
-0.28673076923076934,-0.4538461538461537,-0.0013461538461538543,0.0009615384615384436,0.002884615384615381,-0.026538461538461535,-0.022692307692307692,0.1301923076923076,-0.02288461538461539
-0.1425,0.01423076923076923,-0.007500000000000013,0.0015384615384615233,0.0019230769230769206,-0.471923076923077,-0.02480769230769231,-0.05730769230769232,0.0063461538461538495
-0.17115384615384624,0.026153846153846163,0.0009615384615384549,0.001730769230769213,0.0026923076923076926,0.13480769230769238,-0.0378846153846154,0.3492307692307692,0.013461538461538462
0.2040384615384615,0.3017307692307692,-0.0001923076923076989,-1.2810265668751807e-17,0.003269230769230772,-0.1476923076923077,-0.01942307692307691,-0.005961538461538464,-0.015769230769230768
0.1325,-0.049615384615384624,0.002499999999999989,0.0019230769230769078,0.00576923076923077,0.05384615384615387,0.04615384615384616,0.13307692307692306,-0.006153846153846159
-0.07480769230769233,-0.07615384615384621,-0.0009615384615384709,-0.0015384615384615601,0.002115384615384617,0.12326923076923077,-0.04519230769230769,0.32269230769230767,0.07057692307692308
-0.0911538461538462,-0.05769230769230771,0.006538461538461527,0.007499999999999992,0.00019230769230769036,0.13211538461538466,-0.0376923076923077,0.36019230769230776,0.0
0.29115384615384604,0.2328846153846154,0.0007692307692307571,0.001923076923076912,0.002692307692307695,-0.14134615384615387,-0.010769230769230783,-0.05461538461538462,-0.0026923076923076788
-0.30961538461538446,0.11499999999999999,-0.006923076923076931,0.0007692307692307491,0.0011538461538461548,-0.4096153846153846,-0.02673076923076924,-0.062307692307692335,0.018269230769230774
-0.3390384615384615,-0.09346153846153847,-0.002115384615384621,-0.010384615384615402,-0.001923076923076923,0.05480769230769233,-0.05326923076923078,-0.1915384615384615,-0.043076923076923075
-0.3567307692307692,0.04846153846153845,-0.006346153846153856,-0.0021153846153846205,3.336006684570783e-19,-0.20134615384615387,-0.045961538461538484,-0.11423076923076922,-0.0017307692307692323
-0.045192307692307705,-0.2646153846153847,-0.005192307692307697,-0.001538461538461543,0.00019230769230769036,-0.22480769230769237,-0.019615384615384625,-0.09615384615384616,-0.023076923076923075
0.039615384615384636,0.2778846153846153,0.0005769230769230657,0.0005769230769230679,0.0011538461538461537,0.1367307692307693,-0.0325,-0.07211538461538465,-0.031923076923076936
-0.07730769230769231,-0.12615384615384617,-0.0009615384615384678,0.010192307692307688,0.0019230769230769206,0.13461538461538464,-0.046538461538461535,0.36057692307692296,0.06365384615384614
-0.24750000000000003,0.05557692307692308,-0.0017307692307692473,0.0013461538461538405,0.0005769230769230774,-0.41750000000000015,-0.026538461538461542,-0.0653846153846154,0.02115384615384615
0.37519230769230766,-0.10634615384615387,0.0030769230769230648,0.0023076923076922862,0.0011538461538461527,0.0728846153846154,-0.005576923076923086,-0.049807692307692324,0.027115384615384635
0.05942307692307692,-0.06519230769230769,0.003846153846153839,0.0019230769230769078,0.0017307692307692302,0.14230769230769236,-0.006346153846153847,0.18557692307692306,-0.003269230769230769
0.06365384615384614,-0.3959615384615385,-0.003076923076923095,-0.0026923076923076983,0.0007692307692307699,-0.17711538461538462,-0.021923076923076927,-0.09846153846153845,-0.04519230769230767
-0.003076923076923072,-0.05173076923076924,-0.00750000000000002,-0.008076923076923091,0.0007692307692307699,-0.3459615384615385,-0.05788461538461536,-0.1467307692307692,-0.0598076923076923
-0.07038461538461536,-0.06673076923076923,0.006346153846153827,-0.00019230769230770955,0.0024999999999999935,0.12519230769230774,-0.03403846153846155,0.3555769230769229,0.0017307692307692302
-0.11653846153846151,-0.03750000000000002,0.0009615384615384506,0.002115384615384609,0.0015384615384615376,0.14250000000000004,-0.03980769230769233,0.3626923076923075,0.0040384615384615455
-0.07826923076923081,-0.09230769230769234,0.005961538461538448,0.0048076923076922915,0.0023076923076923053,0.12134615384615385,-0.04019230769230771,0.39326923076923076,0.0030769230769230787
0.0375,0.061923076923076935,0.0026923076923076714,0.0036538461538461486,0.0011538461538461548,0.16576923076923075,0.0846153846153846,-0.04788461538461541,0.010576923076923069
-0.07980769230769232,-0.06057692307692305,0.0024999999999999875,0.011153846153846144,0.0013461538461538474,0.1675,-0.03403846153846153,0.3199999999999999,-0.008076923076923072
-0.16653846153846155,0.05403846153846156,-1.120898246015783e-17,0.003076923076923063,0.0021153846153846153,0.1580769230769231,0.2951923076923077,-0.09846153846153848,0.0725
0.07942307692307692,-0.026538461538461563,0.0024999999999999853,0.0032692307692307595,0.0038461538461538433,0.045192307692307705,-0.029230769230769234,0.1242307692307692,0.11730769230769234
0.05903846153846155,0.016538461538461533,0.004807692307692286,0.00769230769230768,0.0036538461538461573,0.06423076923076923,-0.017692307692307698,0.16961538461538456,0.012115384615384615
-0.00173076923076926,0.09115384615384617,0.0032692307692307656,0.002884615384615381,0.0023076923076923075,0.08365384615384618,-0.0034615384615384625,0.15192307692307688,-0.010000000000000002
0.07192307692307692,-0.05057692307692306,-0.0030769230769230912,-0.0034615384615384664,0.0025000000000000022,0.045576923076923084,0.2851923076923076,-0.08634615384615386,0.058269230769230775
-0.13596153846153847,0.2876923076923076,0.0036538461538461464,0.0036538461538461377,0.0013461538461538452,0.1682692307692308,0.03846153846153845,-0.05326923076923077,0.006153846153846154
-0.07461538461538463,-0.05826923076923077,0.0013461538461538394,-1.6012832085939756e-17,0.002115384615384613,0.1486538461538462,0.2992307692307692,-0.06480769230769232,0.06634615384615387
-0.39057692307692293,0.1357692307692307,-0.00442307692307694,-0.006538461538461555,0.0009615384615384631,0.05576923076923079,-0.2707692307692308,-0.1071153846153846,-0.09307692307692306
-0.23519230769230767,-0.25730769230769235,-0.006153846153846159,-0.0013461538461538582,0.002307692307692306,0.0609615384615385,-0.02846153846153847,-0.18884615384615386,-0.025961538461538473
-0.08576923076923082,0.060384615384615384,0.0026923076923076844,-3.2025664171879517e-18,0.002115384615384617,0.1557692307692308,0.2928846153846153,-0.1055769230769231,-0.0025000000000000096
-0.012692307692307695,-0.0992307692307693,0.0026923076923076796,0.001538461538461527,0.0013461538461538485,0.13903846153846156,-0.023076923076923085,0.3417307692307692,-0.03134615384615384
0.23903846153846156,-0.03903846153846155,0.0015384615384615248,0.0017307692307692217,0.0019230769230769247,0.15096153846153848,-0.004807692307692304,-0.0626923076923077,0.03134615384615384
-0.09403846153846152,-0.12826923076923075,-0.001730769230769243,0.012115384615384608,0.0038461538461538472,0.13115384615384615,-0.032500000000000015,0.3142307692307692,0.11519230769230775
0.2246153846153847,0.18596153846153843,-0.0003846153846153999,0.0019230769230769097,0.0015384615384615376,0.05076923076923078,-0.026346153846153846,-0.05576923076923078,-0.06230769230769232
0.0001923076923076754,-0.07403846153846153,0.004999999999999991,0.0011538461538461405,0.000769230769230772,0.14461538461538465,0.2478846153846154,-0.09250000000000004,0.08692307692307694
-0.24730769230769228,0.043076923076923075,-0.0046153846153846306,-0.008269230769230784,0.0025000000000000022,0.014807692307692315,-0.24961538461538468,-0.12903846153846155,-0.10153846153846151
0.25769230769230783,-0.029807692307692306,0.0021153846153846067,0.0017307692307692109,0.0009615384615384581,0.16576923076923075,-0.013076923076923071,-0.056730769230769224,-0.008653846153846144
0.09673076923076922,0.032884615384615366,0.0032692307692307574,0.0023076923076922927,0.0036538461538461573,0.07038461538461543,-0.013269230769230771,0.12115384615384614,0.0028846153846153913
0.04365384615384614,-0.03461538461538463,0.0036538461538461508,0.0015384615384615248,0.0025000000000000022,0.1663461538461539,-0.015384615384615392,0.15750000000000003,-0.005192307692307689
-0.0655769230769231,0.014807692307692293,0.0032692307692307626,0.0021153846153846023,0.0023076923076923075,0.17346153846153844,-0.030961538461538467,0.19115384615384612,0.029423076923076937
-0.28480769230769243,-0.2949999999999999,-0.00692307692307694,0.0005769230769230657,0.0025000000000000022,-0.00788461538461539,-0.011538461538461563,-0.07288461538461538,-0.0040384615384615324
-0.07403846153846157,-0.11211538461538459,-0.0003846153846153951,-0.006923076923076933,-0.0003846153846153871,-0.03269230769230768,-0.07826923076923077,-0.1436538461538462,-0.23153846153846155
-0.07230769230769231,-0.06326923076923077,0.0021153846153846,0.0019230769230769097,0.0013461538461538452,0.13557692307692312,-0.035192307692307696,0.3457692307692307,0.004038461538461542
0.05711538461538463,0.008076923076923086,0.0017307692307692258,0.001730769230769213,0.0050000000000000044,0.058461538461538495,0.03423076923076922,0.16961538461538456,-0.015961538461538468
-0.09634615384615385,-0.03923076923076923,-0.008846153846153861,-0.00038461538461539524,0.0017307692307692315,-0.3817307692307693,-0.025576923076923077,-0.14692307692307688,0.017307692307692316
-0.047499999999999994,0.42961538461538457,0.0017307692307692163,0.003076923076923056,0.0017307692307692323,0.05557692307692309,-0.02557692307692307,-0.061153846153846156,-0.0375
-0.28019230769230763,-0.005000000000000023,-0.006730769230769241,-0.0076923076923077075,0.002115384615384617,0.09096153846153848,-0.21692307692307697,-0.15576923076923072,-0.10076923076923071
0.22692307692307695,0.08288461538461539,0.0013461538461538346,0.0023076923076923014,-0.0001923076923076946,0.0598076923076923,-0.011923076923076936,-0.03865384615384615,-0.0024999999999999957
0.20096153846153844,-0.12846153846153843,0.001923076923076912,0.0026923076923076796,0.0015384615384615376,0.146923076923077,-0.017307692307692316,-0.07115384615384618,0.18288461538461545
-0.2263461538461538,0.05000000000000001,-0.003076923076923084,-1.227650459922048e-17,0.00019230769230769247,-0.4476923076923077,-0.02807692307692308,-0.054230769230769256,0.029230769230769227
-0.01134615384615386,-0.07692307692307693,-0.7101923076923076,0.025769230769230766,0.0,0.0653846153846154,0.027307692307692293,0.0013461538461538422,-0.0013461538461538415
-0.04423076923076925,-0.03942307692307694,-0.005192307692307708,0.002115384615384598,0.00038461538461538494,-0.31500000000000006,-0.03038461538461538,-0.17615384615384608,-0.07211538461538464
0.03826923076923075,0.01634615384615383,0.0007692307692307635,0.0011538461538461357,0.005384615384615387,0.05211538461538465,-0.028269230769230776,0.12326923076923074,0.11096153846153847
0.08538461538461539,-0.004038461538461546,-0.7588461538461537,0.06115384615384615,-0.0003846153846153828,0.0005769230769230772,-0.008846153846153853,-0.03019230769230771,-0.024807692307692312
-0.06999999999999998,0.02596153846153845,0.002884615384615372,0.0021153846153846023,0.003653846153846153,0.15423076923076923,-0.02538461538461539,0.19326923076923072,0.03326923076923079
0.008846153846153827,-0.06519230769230769,0.007884615384615377,-0.0003846153846153935,0.002499999999999998,0.14884615384615388,0.23,-0.09500000000000003,0.08250000000000002
0.20692307692307685,-0.15442307692307697,0.0009615384615384603,0.000576923076923055,0.0009615384615384624,0.11769230769230771,0.01942307692307693,-0.10384615384615382,0.23173076923076932
0.013653846153846145,-0.2511538461538461,-1.1475862994923492e-17,-0.00019230769230770288,-0.00019230769230769247,-0.4,-0.022115384615384617,-0.015000000000000017,-0.004999999999999998
0.042692307692307724,0.11807692307692305,0.0028846153846153765,0.001538461538461527,0.002115384615384617,0.1730769230769231,0.03749999999999999,-0.059423076923076946,0.0015384615384615398
-0.1346153846153846,-0.008461538461538463,-0.004615384615384634,0.0005769230769230694,0.002499999999999997,-0.4621153846153847,-0.02365384615384615,-0.06826923076923078,0.018653846153846153
0.1001923076923077,0.15249999999999994,0.0019230769230769078,0.0007692307692307571,0.0013461538461538474,0.06999999999999999,0.02711538461538461,-0.039807692307692315,0.005961538461538476
-0.13269230769230764,-0.0011538461538461533,-0.008461538461538472,0.0005769230769230639,0.0009615384615384632,-0.4688461538461538,-0.01865384615384616,-0.05692307692307694,0.005192307692307687
-0.07826923076923079,0.00019230769230767325,-0.008269230769230787,0.0028846153846153614,0.002115384615384617,-0.34538461538461535,-0.03096153846153846,-0.13249999999999992,-0.08980769230769231
0.03653846153846154,-0.13423076923076924,0.00038461538461537003,0.0005769230769230604,0.0036538461538461573,0.10634615384615385,-0.015384615384615394,0.3542307692307692,-0.032115384615384615
-0.13326923076923075,0.006346153846153838,-0.009230769230769244,0.00019230769230767694,0.0017307692307692304,-0.46769230769230785,-0.02192307692307692,-0.0632692307692308,0.007115384615384621
-0.2757692307692307,-0.020384615384615393,-0.009807692307692331,-0.0005769230769230919,0.0013461538461538474,-0.25000000000000006,-0.04,-0.0921153846153846,0.007307692307692307
-0.33961538461538476,0.10192307692307691,-0.002500000000000017,0.0003846153846153687,0.0015384615384615398,-0.3996153846153847,-0.02673076923076923,-0.04692307692307695,0.03153846153846156
-0.3340384615384614,0.008461538461538454,-0.005576923076923091,-0.005961538461538475,0.0011538461538461507,0.11173076923076927,-0.24846153846153846,-0.13115384615384615,-0.07615384615384616
-0.4242307692307693,-0.37249999999999994,-0.0005769230769230994,-0.002307692307692323,0.0028846153846153874,0.06961538461538462,-0.043076923076923075,0.08692307692307691,0.0032692307692307665
-0.017500000000000005,-0.04057692307692307,0.0028846153846153765,0.00038461538461537535,0.003076923076923075,0.1571153846153847,-0.02807692307692309,0.19557692307692298,0.0471153846153846
-0.295,-0.018076923076923084,-0.008461538461538473,-0.0009615384615384807,0.0009615384615384624,-0.22673076923076924,-0.04326923076923077,-0.0921153846153846,0.0036538461538461486
-0.2926923076923076,-0.36961538461538457,0.0009615384615384489,0.0036538461538461334,0.0025,0.09211538461538465,-0.06480769230769232,-0.04346153846153847,-0.008653846153846154
0.2096153846153847,-0.0857692307692308,0.0019230769230769056,0.0015384615384615237,0.0013461538461538463,0.13115384615384615,-0.019423076923076925,-0.08134615384615386,0.1609615384615385
-0.062115384615384635,-0.07500000000000001,0.003653846153846139,0.0034615384615384456,0.0011538461538461548,0.13134615384615386,-0.031730769230769236,0.3509615384615384,-0.0017307692307692237
-0.2942307692307693,-0.35615384615384615,-0.0038461538461538576,-0.010192307692307704,0.0011538461538461537,0.06442307692307697,0.05653846153846154,-0.16038461538461535,0.022692307692307696
0.04961538461538461,-0.0692307692307692,-0.6873076923076924,0.04961538461538462,0.0005769230769230785,0.04057692307692307,-0.009807692307692314,-0.05865384615384617,0.004615384615384614
-0.26865384615384624,-0.47384615384615353,-0.00423076923076925,-0.0025000000000000165,0.002884615384615383,-0.007307692307692322,-0.028846153846153858,0.1223076923076923,-0.019807692307692304
-0.11365384615384612,-0.09173076923076923,0.0026923076923076788,0.007115384615384612,0.0005769230769230774,0.12923076923076923,-0.044230769230769226,0.3480769230769229,0.08192307692307696
0.14442307692307696,0.15288461538461534,0.0013461538461538346,0.002115384615384598,0.0017307692307692323,0.08038461538461542,-0.01788461538461538,-0.04134615384615387,-0.003653846153846153
-0.03730769230769229,-0.05192307692307692,0.004423076923076913,-0.0015384615384615489,0.0023076923076923096,0.15269230769230774,0.3273076923076923,-0.0805769230769231,0.004615384615384609
0.11365384615384612,-0.051153846153846154,0.004999999999999985,0.0021153846153846045,0.0025,0.14923076923076928,-0.018461538461538467,0.12384615384615381,-0.006730769230769233
-0.07961538461538463,-0.09288461538461537,0.003269230769230751,0.00615384615384614,0.0009615384615384624,0.15788461538461543,-0.03365384615384615,0.36769230769230776,-0.009807692307692297
-0.06961538461538463,-0.17269230769230773,-0.010192307692307702,0.0003846153846153704,0.0015384615384615376,-0.38653846153846144,-0.026538461538461545,-0.05653846153846155,0.04019230769230771
0.3623076923076922,-0.008269230769230775,0.0024999999999999914,0.002692307692307686,0.0005769230769230754,0.03634615384615385,-0.014615384615384629,-0.05903846153846153,-0.0025000000000000014
-0.07557692307692307,-0.07269230769230774,0.0017307692307692109,0.004423076923076915,0.0023076923076923096,0.13365384615384615,-0.04634615384615385,0.36807692307692297,0.004423076923076928
-0.36519230769230765,0.07250000000000004,-0.007500000000000013,-0.003269230769230783,0.0009615384615384603,-0.17923076923076928,-0.03596153846153846,-0.16653846153846147,0.0042307692307692315
-0.10788461538461538,-0.13692307692307684,0.00038461538461537746,0.004038461538461534,0.002499999999999998,0.1488461538461539,-0.045000000000000005,0.3782692307692306,0.07576923076923073
-0.09826923076923078,0.3984615384615384,0.0030769230769230648,0.0013461538461538337,0.0009615384615384624,0.1507692307692308,-0.0348076923076923,-0.06423076923076926,-0.037307692307692306
-0.08865384615384617,-0.07942307692307694,0.00019230769230767968,-0.0011538461538461635,0.0023076923076923053,0.12769230769230772,-0.025384615384615394,0.38423076923076915,0.00019230769230769247
-0.055961538461538445,-0.0778846153846154,0.003269230769230751,-0.0015384615384615558,0.0015384615384615356,0.13288461538461543,-0.041538461538461524,0.3571153846153845,0.0021153846153846153
0.010576923076923086,0.1723076923076923,0.0009615384615384475,0.0023076923076922906,0.0021153846153846153,0.1434615384615385,0.02865384615384614,-0.050192307692307696,0.009807692307692316
-0.31673076923076926,-0.25,-0.0053846153846154,0.0007692307692307635,0.0026923076923076926,-0.02192307692307691,-0.00442307692307694,-0.07865384615384616,-0.006346153846153848
-0.13750000000000007,-0.06423076923076923,-0.006346153846153861,-0.005000000000000014,0.0025,-0.3565384615384616,-0.002499999999999997,-0.05288461538461539,-0.05749999999999998
-0.24326923076923082,-0.3563461538461538,-0.0013461538461538515,0.003269230769230762,0.0015384615384615376,0.08692307692307694,-0.0019230769230769355,-0.14749999999999994,-0.021346153846153848
-0.32634615384615373,-0.02192307692307693,-0.008269230769230786,-0.003846153846153867,0.00038461538461538494,-0.19076923076923083,-0.029423076923076923,-0.10346153846153842,0.0036538461538461607
0.1134615384615385,0.015192307692307672,0.0038461538461538325,0.0013461538461538387,0.002692307692307695,0.04846153846153847,-0.01076923076923077,0.15173076923076925,-0.005961538461538454
-0.1255769230769231,0.36346153846153856,0.002499999999999988,-1.3877787807814457e-17,0.002115384615384617,0.15615384615384617,0.002115384615384597,-0.05769230769230771,-0.023076923076923068
-0.3692307692307693,0.03769230769230769,-0.003076923076923085,-0.008461538461538475,-0.0003846153846153822,0.0948076923076923,-0.02884615384615386,-0.16403846153846152,-0.23846153846153836
-0.26384615384615384,-0.20730769230769233,-0.0038461538461538576,-0.01134615384615386,0.002307692307692303,0.060576923076923084,-0.035192307692307696,-0.1751923076923077,-0.04615384615384613
0.12057692307692311,0.05076923076923075,0.00288461538461537,0.0026923076923076775,0.0032692307692307678,0.05634615384615387,-0.022884615384615392,0.10403846153846154,0.0023076923076923053
-0.3494230769230771,0.00999999999999998,-0.005769230769230777,-0.009038461538461552,0.0034615384615384625,0.08134615384615383,-0.17000000000000007,-0.1357692307692308,-0.1048076923076923
-0.37923076923076937,-0.03807692307692308,-0.001538461538461544,-0.007500000000000008,-0.0013461538461538457,0.06423076923076923,-0.08461538461538462,-0.1840384615384615,-0.04788461538461541
-0.09615384615384619,-0.0038461538461538537,0.002307692307692295,-5.337610695313253e-18,0.0007692307692307678,0.09903846153846158,-0.04538461538461537,0.3571153846153844,0.006153846153846152
0.027692307692307683,-0.12230769230769233,-0.006538461538461555,0.0009615384615384507,0.0011538461538461527,-0.44076923076923075,-0.023653846153846157,-0.12134615384615383,0.004807692307692314
-0.31461538461538463,-0.03769230769230772,0.0015384615384615196,0.001538461538461523,-0.00019230769230769233,-0.16057692307692303,-0.05673076923076922,-0.10634615384615381,-0.006923076923076924
0.27076923076923076,0.018846153846153846,0.0019230769230769078,0.003269230769230753,0.0007692307692307678,0.06307692307692307,0.01788461538461538,-0.04826923076923077,-0.008269230769230758
-0.07038461538461538,0.3774999999999998,0.0017307692307692163,0.0007692307692307539,0.0011538461538461537,0.09153846153846157,-0.023846153846153854,-0.057884615384615395,-0.0005769230769230721
-0.11307692307692306,-0.14250000000000002,-0.009807692307692321,0.00038461538461537215,0.0015384615384615395,-0.1586538461538462,-0.027692307692307686,-0.17807692307692305,-0.052115384615384605
-0.37211538461538474,0.06576923076923079,-0.006538461538461547,-0.0013461538461538556,3.336006684570783e-19,-0.24096153846153856,-0.03711538461538462,-0.0853846153846154,-0.0023076923076923066
-0.19173076923076923,-0.1644230769230769,-0.0028846153846153943,0.000576923076923067,0.001730769230769229,0.061153846153846156,-0.03519230769230768,-0.07961538461538463,-0.2696153846153846
0.05519230769230769,-0.2175,-0.00038461538461538977,0.0017307692307692115,0.00019230769230769247,-0.4348076923076925,-0.023653846153846157,-0.05076923076923078,-0.01
-0.39038461538461555,-0.4301923076923079,-0.0011538461538461618,0.0034615384615384495,0.0015384615384615376,0.07692307692307693,-0.07096153846153846,0.1223076923076923,0.008461538461538465
-0.11192307692307692,0.4169230769230769,0.0028846153846153744,0.0038461538461538347,0.0009615384615384624,0.1523076923076923,-0.03596153846153846,-0.06730769230769233,-0.04173076923076923
-0.10865384615384609,0.008846153846153849,-0.008076923076923094,0.0021153846153846023,0.0015384615384615398,-0.3936538461538462,-0.006730769230769236,-0.15692307692307697,-0.01846153846153846
-0.28442307692307695,-0.06634615384615383,-0.0023076923076923153,-0.0036538461538461646,4.0032080214849397e-19,-0.20134615384615395,-0.04038461538461538,-0.08153846153846155,-4.270088556250602e-18
-0.2690384615384615,0.11730769230769232,-0.006730769230769245,-0.0011538461538461602,0.0013461538461538474,-0.42461538461538484,-0.027500000000000004,-0.06538461538461543,-0.004230769230769232
-0.010769230769230784,-0.10192307692307698,0.001923076923076914,0.00019230769230767325,0.0023076923076923096,0.12134615384615387,-0.021153846153846155,0.3569230769230768,-0.028846153846153848
0.2590384615384615,0.05038461538461537,0.002499999999999983,0.0030769230769230648,0.0013461538461538452,0.06634615384615385,-0.006153846153846153,-0.04807692307692306,-0.008461538461538458
-0.3113461538461537,0.10788461538461541,-0.0032692307692307842,-0.0019230769230769334,0.0015384615384615387,-0.40884615384615386,-0.02807692307692309,-0.06000000000000002,0.02403846153846154
0.11173076923076927,-0.050192307692307696,0.003269230769230753,0.0028846153846153744,0.0017307692307692323,0.08961538461538465,-0.00461538461538462,0.1717307692307692,-0.006153846153846154
-0.0798076923076923,-0.02288461538461541,0.004423076923076911,0.0011538461538461399,0.0007692307692307678,0.11673076923076928,-0.04115384615384616,0.3365384615384614,0.0042307692307692385
-0.5098076923076923,-0.11826923076923078,-0.005192307692307701,-0.007307692307692315,0.0007692307692307705,0.07807692307692309,0.035384615384615355,-0.1548076923076923,0.001153846153846156
0.035192307692307696,-0.3842307692307693,-0.004615384615384629,-0.002115384615384625,0.00019230769230769355,-0.1682692307692308,-0.02846153846153846,-0.08634615384615385,-0.04134615384615384
0.07653846153846154,0.004999999999999978,0.0053846153846153705,0.0024999999999999875,0.0023076923076923053,0.0532692307692308,-0.027307692307692314,0.1748076923076923,0.02750000000000001
-0.1001923076923077,-0.06211538461538464,0.004807692307692297,0.0009615384615384603,0.0007692307692307699,0.14519230769230773,-0.043269230769230775,0.365576923076923,0.008269230769230772
-0.11596153846153845,-0.3663461538461537,-7.339214706055722e-18,-9.07393818203253e-18,0.0,-0.04846153846153845,-0.012884615384615392,-0.06519230769230769,-0.07115384615384618
-0.22865384615384612,-0.21096153846153848,-5.337610695313253e-18,-0.012500000000000015,-0.0017307692307692323,0.05634615384615386,-0.04942307692307691,-0.19,-0.04307692307692306
-0.09230769230769229,-0.061730769230769256,0.002307692307692303,0.0023076923076922906,0.0017307692307692302,0.1288461538461539,-0.04673076923076923,0.30788461538461537,0.0776923076923077
-0.1257692307692308,-0.09326923076923078,0.00038461538461536895,0.0036538461538461317,0.0028846153846153787,0.1473076923076923,-0.034423076923076924,0.3228846153846153,0.09634615384615386
-0.11750000000000002,0.020769230769230762,-0.0061538461538461625,-0.00826923076923078,0.0015384615384615387,-0.3957692307692308,-0.05923076923076923,-0.14865384615384616,0.033269230769230766
-0.4369230769230769,-0.01153846153846155,-0.006538461538461549,-0.009615384615384626,-0.0007692307692307688,0.05384615384615385,-0.048269230769230745,-0.18019230769230768,-0.039999999999999994
-0.30711538461538457,0.03384615384615382,-0.0028846153846153904,-0.008846153846153866,0.0009615384615384614,0.08826923076923082,-0.2446153846153847,-0.14307692307692307,-0.09653846153846153
0.3298076923076923,0.10769230769230768,0.0028846153846153657,0.00038461538461537323,0.0034615384615384625,-0.09096153846153848,0.04250000000000002,-0.06288461538461541,-0.012884615384615383
-0.21730769230769226,0.05000000000000002,-0.0036538461538461633,0.0009615384615384485,0.0005769230769230774,-0.4442307692307692,-0.02673076923076923,-0.06480769230769232,0.025192307692307698
-0.2130769230769231,-0.21884615384615383,-0.005000000000000001,-0.011153846153846169,0.0007692307692307697,0.04673076923076924,-0.03730769230769232,-0.18480769230769234,-0.05730769230769232
-0.18288461538461537,0.05903846153846155,-0.009807692307692312,0.0009615384615384432,0.0019230769230769247,-0.37538461538461537,-0.0076923076923077005,-0.15999999999999995,-0.006153846153846143
0.06115384615384615,-0.3255769230769231,-0.007500000000000002,-0.002884615384615402,0.0005769230769230774,-0.20769230769230773,-0.012884615384615385,-0.1611538461538461,-0.02403846153846154
-0.17807692307692308,0.038461538461538464,0.002692307692307679,0.00019230769230768342,0.001346153846153843,0.1530769230769231,0.30057692307692296,-0.0901923076923077,0.09192307692307694
-0.14846153846153848,-0.16326923076923078,-0.0003846153846153979,-0.0025000000000000087,0.0005769230769230774,-0.24019230769230765,-0.020769230769230766,-0.08019230769230769,-0.024807692307692312
0.21634615384615388,-0.11423076923076919,0.0007692307692307549,-0.0005769230769230871,0.0015384615384615398,0.1286538461538462,0.009230769230769246,-0.10865384615384616,0.18692307692307691
0.03230769230769231,-0.0036538461538461594,0.0023076923076922906,0.003461538461538439,0.002884615384615385,0.08769230769230772,-0.013846153846153833,0.21365384615384622,-0.004807692307692308
-0.23403846153846147,-0.23884615384615382,-0.004230769230769245,-0.0048076923076923175,0.000769230769230768,0.04423076923076925,-0.03057692307692308,-0.17307692307692304,-0.03942307692307692
-0.09019230769230768,-0.35076923076923056,-0.004230769230769247,0.0028846153846153765,0.0011538461538461548,0.09923076923076922,-0.05519230769230768,-0.13865384615384616,-0.14423076923076922
-0.0011538461538461576,-0.049999999999999996,-0.7299999999999999,0.05211538461538463,0.0,0.05692307692307694,0.022115384615384596,-0.022692307692307713,-0.00730769230769231
-0.2673076923076923,-0.20961538461538462,-0.005192307692307703,-0.00019230769230771353,-1.6012832085939759e-18,0.03653846153846153,-0.04615384615384614,-0.11269230769230767,-0.07538461538461538
-0.2196153846153846,0.020576923076923055,-0.008076923076923086,-0.007692307692307711,0.0005769230769230737,-0.014038461538461538,-0.06346153846153844,-0.12192307692307694,-0.26634615384615384
-0.13326923076923078,0.033269230769230766,-0.0017307692307692371,0.0019230769230769097,0.0011538461538461548,0.14384615384615387,0.2869230769230769,-0.08230769230769229,0.07019230769230769
-0.26653846153846145,-0.13903846153846158,0.00038461538461537464,-0.012884615384615402,-0.00019230769230769407,0.05615384615384617,-0.04365384615384615,-0.1959615384615385,-0.07826923076923076
0.15980769230769226,-0.08596153846153848,0.0017307692307692152,0.001538461538461527,0.0015384615384615398,0.13134615384615383,-0.02115384615384614,-0.0775,0.2086538461538461
-0.15923076923076926,0.08346153846153848,0.0009615384615384549,0.0013461538461538303,0.002692307692307695,0.07269230769230771,-0.030769230769230774,0.3426923076923076,0.006153846153846155
-0.07211538461538461,-0.2634615384615384,-0.0009615384615384733,-0.003269230769230789,0.0003846153846153851,-0.19788461538461546,-0.038461538461538464,-0.10384615384615382,-0.00038461538461538575
-0.01153846153846154,-0.09326923076923076,-0.013076923076923088,0.00019230769230768315,0.0007692307692307699,-0.41346153846153844,-0.019423076923076935,-0.13057692307692312,0.00038461538461538814
0.04192307692307691,-0.2488461538461539,-0.00019230769230770502,-8.273296577735541e-18,0.0,-0.41923076923076924,-0.02461538461538461,-0.021538461538461548,-0.007499999999999997
-0.3174999999999999,-0.15788461538461543,-0.0034615384615384734,-0.0009615384615384767,0.0011538461538461548,0.05403846153846156,-0.02846153846153847,-0.18711538461538466,-0.03980769230769231
-0.10346153846153847,-0.08211538461538462,0.00038461538461537215,0.0009615384615384378,0.0019230769230769247,0.14423076923076933,-0.047499999999999994,0.3219230769230768,0.08365384615384618
0.058269230769230754,-0.019807692307692328,0.00403846153846152,0.006346153846153845,0.0023076923076923088,0.05692307692307695,-0.027307692307692314,0.1248076923076923,0.11442307692307699
-0.015576923076923082,-0.21711538461538457,-0.006730769230769236,-0.010576923076923091,0.0009615384615384614,-0.0023076923076923088,-0.02826923076923077,-0.15923076923076926,-0.24115384615384622
0.06346153846153846,-0.06596153846153847,0.0034615384615384495,0.0024999999999999914,0.0019230769230769247,0.1613461538461539,0.006153846153846149,0.14942307692307688,-0.0023076923076923053
-0.10096153846153848,-0.01807692307692308,-0.008461538461538468,0.0007692307692307531,0.0013461538461538474,-0.38346153846153846,0.0003846153846153892,-0.15307692307692303,-0.018461538461538453
0.020769230769230766,0.024423076923076905,-0.001923076923076929,-0.0013461538461538665,0.005769230769230772,0.04923076923076926,-0.024807692307692322,0.14250000000000002,0.10538461538461542
0.015576923076923056,-0.002692307692307702,-0.7636538461538463,0.019038461538461535,0.0005769230769230774,0.003076923076923079,-0.0053846153846153905,0.05442307692307692,-0.0009615384615384667
-0.4628846153846154,-0.41269230769230786,-0.0011538461538461641,-0.00865384615384616,0.0009615384615384603,0.06615384615384616,-0.023846153846153864,0.15211538461538462,0.010000000000000005
0.09442307692307692,0.030961538461538433,0.0024999999999999914,0.002115384615384596,0.002884615384615385,0.07134615384615386,-0.01173076923076923,0.12500000000000003,0.0025000000000000087
0.2067307692307692,-0.13365384615384615,0.0026923076923076796,0.0007692307692307624,0.0011538461538461527,0.12269230769230771,-0.021153846153846155,-0.09557692307692303,0.23634615384615396
-0.02076923076923078,-0.0644230769230769,0.0023076923076922953,0.0013461538461538346,0.0019230769230769206,0.13269230769230772,0.28846153846153844,-0.0917307692307692,0.07019230769230769
0.10442307692307692,0.05,0.004615384615384606,0.002884615384615372,0.0044230769230769245,0.05634615384615386,-0.015576923076923096,0.1075,0.005384615384615372
-0.30211538461538456,-0.01288461538461539,-0.006730769230769249,-0.005384615384615396,0.00019230769230769114,0.09115384615384617,-0.21750000000000008,-0.13346153846153846,-0.09326923076923072
-0.32269230769230767,-0.34999999999999987,-0.0030769230769230865,0.0026923076923076753,0.002692307692307689,-0.001538461538461542,-0.04942307692307693,-0.002884615384615413,0.044230769230769226
-0.05826923076923075,-0.11173076923076924,-0.0005769230769230892,0.007884615384615374,0.002884615384615385,0.10750000000000003,-0.03692307692307694,0.33711538461538465,0.07211538461538461
-0.007307692307692299,-0.10519230769230775,0.0036538461538461434,0.0023076923076922875,0.000769230769230771,0.14153846153846159,0.29192307692307684,-0.09134615384615383,0.0836538461538462
0.07442307692307693,0.0005769230769230838,0.0015384615384615248,0.0023076923076922992,0.004615384615384615,0.0753846153846154,0.0326923076923077,0.13615384615384615,-0.007692307692307688
-0.24365384615384625,0.008653846153846147,-0.006538461538461559,-0.006153846153846164,0.0017307692307692323,-0.02538461538461538,-0.06923076923076922,-0.12461538461538464,-0.21480769230769234
0.0726923076923077,0.011923076923076913,0.002884615384615368,0.0026923076923076775,0.004230769230769234,0.05576923076923079,0.04307692307692309,0.13115384615384615,-0.004423076923076929
-0.004038461538461561,-0.05480769230769229,0.002499999999999999,-0.0021153846153846322,0.0023076923076923053,0.1440384615384616,0.2663461538461539,-0.09749999999999998,0.0632692307692308
0.08384615384615385,0.08346153846153849,0.0028846153846153744,0.002115384615384613,0.001730769230769228,0.07076923076923079,-0.021538461538461548,0.08846153846153845,0.008269230769230768
-0.16153846153846152,0.0028846153846153874,-0.009423076923076933,0.0007692307692307552,0.0017307692307692302,-0.4376923076923077,-0.020384615384615383,-0.06423076923076926,0.00788461538461539
-0.09269230769230775,-0.06557692307692309,0.0036538461538461334,0.003461538461538458,0.0011538461538461507,0.07230769230769232,-0.041153846153846145,0.3667307692307693,0.07211538461538461
0.10923076923076921,-0.046923076923076984,0.0034615384615384434,0.005384615384615377,0.004423076923076927,0.04923076923076924,-0.02365384615384616,0.13076923076923078,0.08807692307692311
0.06423076923076923,0.014807692307692298,0.006153846153846144,0.007307692307692297,0.002884615384615385,0.05269230769230772,-0.022500000000000006,0.15846153846153843,0.03596153846153847
-0.0646153846153846,-0.07115384615384616,0.0026923076923076905,0.002499999999999989,0.0015384615384615398,0.1292307692307693,-0.04269230769230769,0.37038461538461526,-0.00788461538461539
-0.015769230769230782,0.10596153846153844,0.00038461538461536786,0.002115384615384598,0.0026923076923076926,0.08500000000000002,8.540177112501205e-18,0.15153846153846154,-0.011923076923076916
0.13673076923076916,0.13192307692307692,0.0011538461538461399,0.0007692307692307549,0.0019230769230769206,0.04980769230769236,0.05423076923076922,-0.061153846153846156,0.004615384615384619
0.14480769230769225,0.13057692307692303,0.002115384615384609,0.0005769230769230688,0.002884615384615383,0.06250000000000003,0.014999999999999993,-0.04096153846153848,0.0025000000000000022
-0.3648076923076923,-0.23980769230769233,-0.0034615384615384773,-0.005576923076923086,-0.0007692307692307704,0.07230769230769231,0.04288461538461537,-0.1819230769230769,0.0011538461538461579
0.04288461538461537,0.03192307692307693,-0.799615384615385,0.05250000000000002,0.00038461538461538494,0.04230769230769232,-0.011538461538461534,-0.03250000000000002,-0.006346153846153848
0.15500000000000005,0.14999999999999994,0.004038461538461527,0.0023076923076922927,0.0013461538461538474,0.07596153846153847,-0.01807692307692307,-0.04211538461538463,-0.008461538461538461
0.11096153846153843,-0.06923076923076926,0.0032692307692307613,0.0023076923076923014,0.0017307692307692302,0.09576923076923081,0.013076923076923071,0.16057692307692303,0.0015384615384615408
0.14596153846153842,-0.07307692307692307,0.0017307692307692195,0.000576923076923071,0.001346153846153843,0.061346153846153856,0.01980769230769231,-0.08115384615384615,0.24346153846153853
-0.12769230769230766,-0.07326923076923077,-0.0053846153846153965,-0.0025000000000000096,0.0015384615384615398,-0.35115384615384637,-0.021153846153846155,-0.10923076923076923,0.008846153846153847
-0.2934615384615384,0.06692307692307692,-0.008269230769230779,-0.006730769230769244,0.0007692307692307703,-0.014807692307692306,-0.06499999999999997,-0.14403846153846153,-0.2153846153846153
0.32000000000000006,0.21307692307692297,0.0009615384615384475,-0.0015384615384615398,0.0011538461538461548,-0.1338461538461539,-0.017692307692307705,-0.05500000000000002,-0.007115384615384621
-0.1280769230769231,-0.03538461538461538,0.002884615384615367,0.006538461538461536,0.003269230769230769,0.13634615384615387,-0.03365384615384615,0.2998076923076921,0.06826923076923075
-0.03711538461538463,0.11865384615384608,0.0036538461538461356,0.0023076923076922992,0.0025,0.10173076923076926,-0.012884615384615387,0.13826923076923076,0.002884615384615389
0.05096153846153846,0.02096153846153845,0.0011538461538461399,0.0026923076923076753,0.0034615384615384603,0.05500000000000002,-0.02538461538461538,0.11096153846153846,0.10019230769230768
-0.14076923076923084,-0.0015384615384615302,-0.0032692307692307786,-0.002500000000000012,0.0007692307692307699,-0.4571153846153848,-0.023461538461538475,-0.07519230769230771,0.023076923076923085
-0.08980769230769228,-0.14634615384615382,0.002692307692307681,0.009423076923076916,0.0005769230769230774,0.15192307692307694,-0.03923076923076923,0.33288461538461533,0.09788461538461543
-0.1882692307692308,-0.03230769230769232,-0.002500000000000017,-0.0001923076923077053,0.0011538461538461548,-0.3901923076923079,-0.018846153846153853,-0.0609615384615385,0.012115384615384618
0.3505769230769232,-0.05346153846153848,0.003461538461538456,-1.3877787807814457e-17,0.0007692307692307699,0.06673076923076926,0.0017307692307692258,-0.06365384615384619,0.013846153846153848
-0.2428846153846154,-0.38249999999999995,-0.001538461538461551,0.0026923076923076753,0.0025000000000000022,0.002115384615384617,-0.0021153846153846322,-0.05519230769230769,-0.003076923076923077
0.0007692307692307465,-0.12846153846153846,-0.00519230769230771,-0.001346153846153858,0.000769230769230771,-0.3880769230769232,0.0019230769230769301,-0.14096153846153842,-0.019423076923076918
-0.21153846153846162,-0.005961538461538461,-0.004423076923076931,-0.005961538461538476,0.0023076923076923075,0.011538461538461551,-0.21961538461538468,-0.1507692307692308,-0.09557692307692309
-0.26538461538461555,-0.35461538461538467,-0.006153846153846178,0.0021153846153846,0.0028846153846153874,-0.007692307692307697,-0.006538461538461559,-0.043653846153846154,-0.0009615384615384528
0.3905769230769232,0.15384615384615388,0.001153846153846142,-1.2810265668751807e-17,0.0023076923076923096,-0.15326923076923082,-0.02057692307692308,-0.050384615384615396,-0.003653846153846155
-0.14634615384615393,-0.13384615384615384,-0.003653846153846167,-0.0051923076923077,0.0007692307692307699,-0.23115384615384618,-0.04230769230769233,-0.10423076923076922,-0.01403846153846153
0.08923076923076922,-0.31673076923076937,-0.0019230769230769332,0.0009615384615384505,0.0009615384615384624,-0.3821153846153846,-0.034807692307692324,-0.02326923076923077,-0.012307692307692299
-0.21673076923076914,-0.0678846153846154,-0.0032692307692307834,-0.00019230769230771063,0.0009615384615384624,-0.2676923076923078,-0.010384615384615381,-0.105,-0.009807692307692312
-0.08115384615384615,-0.011153846153846151,0.0044230769230769055,0.0007692307692307518,0.0036538461538461573,0.10865384615384618,-0.03576923076923077,0.3236538461538461,0.006923076923076931
-0.08249999999999999,0.37403846153846154,-0.002692307692307706,0.0028846153846153744,0.0019230769230769227,0.14096153846153847,-0.01769230769230771,-0.07346153846153847,-0.02346153846153846
-0.17057692307692313,-0.1275,-0.006346153846153845,-0.001346153846153858,-0.00019230769230769228,-0.23230769230769235,-0.03942307692307693,-0.10403846153846152,0.001730769230769229
0.06807692307692306,0.03980769230769231,0.00365384615384614,0.0030769230769230626,0.0009615384615384624,0.05807692307692312,-0.007884615384615391,0.16230769230769232,-0.008076923076923065
-0.3788461538461538,-0.06884615384615386,-0.004807692307692318,-0.00961538461538463,-0.002307692307692309,0.06461538461538463,-0.04538461538461537,-0.16211538461538458,-0.0726923076923077
-0.08673076923076926,-0.10442307692307704,0.0026923076923076853,0.011730769230769218,0.0009615384615384624,0.1378846153846154,-0.034807692307692324,0.3063461538461538,0.08634615384615386
0.010384615384615372,-0.24249999999999997,-0.00038461538461539416,0.00019230769230767973,0.0,-0.3986538461538463,-0.026346153846153852,-0.058653846153846174,0.03596153846153846
-0.029615384615384623,0.28769230769230764,0.0024999999999999753,0.001346153846153841,0.0028846153846153874,0.16211538461538463,-0.019807692307692304,-0.052115384615384626,-0.035
0.4180769230769231,-0.04980769230769233,0.003269230769230753,-3.2025664171879517e-18,0.00019230769230769247,0.057884615384615395,-0.025576923076923073,-0.059615384615384626,-0.024423076923076933
0.007692307692307678,0.25076923076923074,0.005192307692307676,0.002692307692307682,0.00019230769230769247,0.16596153846153847,-0.023461538461538457,-0.06346153846153847,-0.02557692307692307
0.009230769230769226,-0.039038461538461536,0.00038461538461537003,0.0007692307692307593,0.001538461538461542,0.0728846153846154,-0.02384615384615385,0.3409615384615385,-0.042884615384615396
-0.40153846153846146,-0.4048076923076922,-0.0057692307692307826,0.00019230769230768046,0.002307692307692303,0.06269230769230771,-0.07750000000000003,0.1394230769230769,0.005000000000000013
0.22249999999999995,-0.14673076923076922,0.001538461538461527,-0.00019230769230770635,0.0034615384615384625,0.1311538461538462,0.014423076923076924,-0.08923076923076924,0.18307692307692308
-0.06096153846153848,-0.08615384615384615,0.00288461538461537,-0.001538461538461557,0.002499999999999998,0.15461538461538463,-0.015576923076923078,0.3626923076923076,-0.038461538461538464
-0.2728846153846154,-0.19653846153846152,-0.00480769230769232,-0.0013461538461538639,0.001153846153846155,0.05711538461538464,-0.026538461538461542,-0.18384615384615383,-0.052307692307692284
-0.21980769230769218,-0.07403846153846155,-0.0030769230769230878,-0.0011538461538461676,0.0011538461538461546,-0.28384615384615386,-0.01038461538461539,-0.07269230769230771,-0.01615384615384615
-0.31576923076923075,-0.004038461538461543,-0.003653846153846161,-0.0007692307692307836,0.0007692307692307702,-0.22980769230769235,-0.04249999999999999,-0.09596153846153843,0.01173076923076924
-0.16615384615384615,-0.03500000000000002,-0.0034615384615384764,0.0005769230769230543,0.0007692307692307699,-0.39749999999999996,-0.02826923076923077,-0.08000000000000002,0.029038461538461544
-0.0042307692307692445,-0.026346153846153828,0.0042307692307692255,0.0009615384615384464,0.0019230769230769247,0.14269230769230778,0.2725000000000001,-0.06692307692307695,-0.004807692307692312
-0.13365384615384618,-0.1936538461538462,-0.004423076923076938,-0.009038461538461563,0.0025000000000000022,0.10634615384615387,-0.18942307692307694,-0.16596153846153844,-0.09269230769230768
-0.20788461538461542,-0.0926923076923077,-0.005192307692307708,-0.009038461538461554,0.00019230769230769247,0.08538461538461539,-0.06153846153846151,-0.1292307692307692,-0.25999999999999984
-0.33269230769230773,-0.24192307692307696,-0.004038461538461548,-0.008846153846153861,-0.0015384615384615374,0.060192307692307705,0.029999999999999985,-0.1788461538461539,-0.0023076923076923
-0.30499999999999994,-0.12884615384615383,-0.0046153846153846306,-0.007692307692307702,0.002115384615384617,0.05346153846153848,0.0030769230769230583,-0.17653846153846153,-0.1159615384615384
-0.05711538461538461,-0.057307692307692296,0.00019230769230768662,-0.00019230769230770743,0.0024999999999999957,0.1386538461538462,0.2765384615384615,-0.08173076923076919,0.09846153846153848
0.06749999999999999,0.11307692307692305,0.0028846153846153765,0.0019230769230769097,0.00403846153846154,0.05673076923076926,-0.022500000000000013,0.0951923076923077,0.001153846153846157
0.017884615384615367,-0.08,-0.0001923076923077069,-0.001923076923076937,0.0026923076923076926,0.1315384615384616,0.30211538461538456,-0.10192307692307695,0.049807692307692344
-0.24403846153846154,-0.3649999999999999,-0.006538461538461557,0.0005769230769230609,0.0017307692307692302,-0.016346153846153847,-0.0017307692307692408,-0.041538461538461524,-0.007115384615384617
0.0521153846153846,0.026730769230769225,-0.7596153846153845,0.005192307692307691,0.00038461538461538494,0.036538461538461534,-0.01346153846153846,-0.01865384615384617,-0.009230769230769233
-0.05173076923076922,-0.0394230769230769,0.0015384615384615335,0.0003846153846153695,0.0015384615384615356,0.1459615384615385,0.283076923076923,-0.09730769230769232,0.0759615384615385
-0.3005769230769231,-0.12076923076923077,-0.0053846153846154,-0.009423076923076939,-1.801443609668223e-18,0.059807692307692326,-0.05249999999999999,-0.18749999999999997,-0.06365384615384616
-0.05519230769230769,-0.026153846153846153,-0.00038461538461539134,-0.0011538461538461613,0.002884615384615383,0.046730769230769256,-0.01653846153846154,0.3726923076923075,-0.0028846153846153787
0.08461538461538462,-0.08115384615384616,0.0021153846153846,0.0032692307692307595,0.0015384615384615398,0.04846153846153848,-0.02307692307692308,0.33365384615384597,-0.04942307692307692
-0.2288461538461539,-0.2278846153846154,-0.0057692307692307895,-0.012115384615384639,-0.00019230769230769315,0.05750000000000001,-0.03673076923076922,-0.18519230769230768,-0.040769230769230766
0.011153846153846169,-0.0880769230769231,0.0005769230769230582,0.0023076923076922958,0.002115384615384612,0.012884615384615387,-0.03057692307692308,0.32269230769230767,0.08692307692307688
-0.2907692307692309,-0.3076923076923076,-0.006153846153846157,-0.00807692307692309,0.0007692307692307686,-0.012115384615384623,0.09788461538461538,-0.1642307692307693,0.010384615384615393
-0.35749999999999993,-0.46653846153846157,-0.0019230769230769338,0.002115384615384597,0.003076923076923075,0.05826923076923078,-0.033269230769230766,0.10730769230769227,0.008461538461538468
0.03346153846153845,0.03480769230769231,0.0034615384615384456,0.002115384615384609,0.0036538461538461573,0.09403846153846157,0.006153846153846144,0.14519230769230765,-0.002884615384615389
0.1328846153846154,0.027115384615384604,0.002499999999999983,0.001923076923076914,0.0013461538461538474,0.054230769230769256,-0.011346153846153858,0.11307692307692305,-0.0017307692307692217
-0.04499999999999999,-0.05557692307692307,0.004807692307692295,0.0013461538461538357,0.0017307692307692258,0.1311538461538462,0.29230769230769227,-0.09423076923076922,0.08346153846153848
0.012692307692307694,-0.06807692307692312,0.0030769230769230626,-0.0013461538461538645,0.002115384615384617,0.0063461538461538425,-0.04096153846153846,0.3267307692307692,0.07942307692307694
-0.07365384615384615,-0.08326923076923078,0.0019230769230769195,0.001346153846153828,0.0021153846153846153,0.1526923076923077,-0.03653846153846155,0.35826923076923073,-0.0028846153846153913
-0.27153846153846173,-0.3042307692307691,-0.003076923076923091,-0.005769230769230789,0.0019230769230769247,0.003076923076923075,0.0017307692307692174,-0.025384615384615374,-0.07673076923076924
-0.022307692307692306,0.11346153846153843,0.004230769230769218,0.0007692307692307571,0.0021153846153846153,0.1059615384615385,-0.024230769230769236,0.12673076923076923,0.013269230769230776
-0.04230769230769231,-0.17423076923076924,-0.007500000000000017,0.00019230769230768287,0.001538461538461538,-0.4123076923076923,-0.02384615384615385,-0.048461538461538486,0.026923076923076918
0.09615384615384616,0.06788461538461538,0.003076923076923069,0.0021153846153846023,0.0013461538461538474,0.17134615384615387,0.02346153846153844,-0.04076923076923078,-0.004615384615384606
-0.233076923076923,-0.27403846153846156,-0.004423076923076939,-0.0007692307692307879,0.0009615384615384563,0.04692307692307693,0.0017307692307692265,-0.17192307692307696,-0.04538461538461537
-0.0405769230769231,-0.0923076923076923,0.004230769230769214,0.0032692307692307443,0.0023076923076923096,0.15519230769230768,-0.045192307692307684,0.33557692307692305,-0.002499999999999989
-0.28730769230769226,-0.2655769230769231,0.0005769230769230565,-1.0942101925392167e-17,0.0005769230769230755,0.04442307692307695,0.045961538461538456,-0.13807692307692312,-0.08057692307692307
-0.07192307692307691,-0.09288461538461543,0.004423076923076911,-0.0007692307692307784,0.0023076923076923075,0.12865384615384617,-0.03596153846153847,0.38384615384615384,0.0023076923076923075
-0.4590384615384616,-0.34538461538461546,-0.0036538461538461646,0.0026923076923076783,0.0019230769230769165,-0.013846153846153852,-0.040576923076923066,0.18192307692307688,-0.004038461538461529
-0.011923076923076918,-0.07653846153846154,0.007307692307692295,0.0017307692307692152,0.0007692307692307651,0.11461538461538465,0.3178846153846153,-0.11115384615384614,0.07730769230769233
-0.17480769230769233,0.059230769230769226,0.0013461538461538298,-0.0028846153846153934,0.0025,0.15019230769230774,0.2701923076923077,-0.09134615384615381,0.10557692307692311
-0.046730769230769235,-0.09634615384615389,0.0005769230769230743,0.0005769230769230688,0.0023076923076923096,0.1086538461538462,-0.03826923076923077,0.3013461538461538,0.0878846153846154
-0.03326923076923079,0.3286538461538461,0.0038461538461538316,0.002499999999999983,0.0009615384615384603,0.1630769230769231,-0.02923076923076922,-0.07538461538461541,-0.041153846153846145
-0.07461538461538461,0.08230769230769233,0.002884615384615368,0.004807692307692296,0.002884615384615385,0.10903846153846157,-0.018269230769230777,0.1736538461538461,0.03730769230769229
-0.21615384615384617,-0.06596153846153846,-0.009807692307692321,-0.006538461538461559,-0.00019230769230769578,0.08461538461538463,-0.07288461538461538,-0.13999999999999996,-0.2530769230769231
-0.3357692307692307,-0.13615384615384613,-0.0023076923076923214,-0.01019230769230771,0.0025000000000000022,0.06923076923076923,-0.04076923076923078,-0.17538461538461547,-0.051153846153846154
0.18788461538461537,-0.09326923076923074,0.0005769230769230646,0.00019230769230767754,0.0025000000000000022,0.10884615384615384,0.014230769230769234,-0.10519230769230767,0.2042307692307692
-0.1455769230769231,0.4413461538461539,0.004999999999999985,0.002499999999999989,0.000961538461538457,0.13903846153846156,-0.022884615384615385,-0.07384615384615388,-0.026538461538461528
-0.2844230769230768,-0.14634615384615385,-0.002500000000000011,-0.0013461538461538606,-0.0009615384615384639,0.05365384615384617,-0.04903846153846152,-0.18903846153846154,-0.060000000000000005
-0.2375,-0.4090384615384615,-0.003461538461538472,0.0028846153846153744,0.0017307692307692258,0.09826923076923078,-0.06653846153846156,-0.0580769230769231,-0.008269230769230754
-0.3178846153846155,-0.17884615384615382,-0.002692307692307713,-0.002884615384615405,0.0013461538461538467,0.07673076923076926,-0.01673076923076923,-0.19019230769230766,-0.04884615384615384
-0.09538461538461537,-0.12653846153846157,0.0001923076923076722,-0.0003846153846153967,0.0038461538461538433,0.1357692307692308,-0.026153846153846146,0.3498076923076922,0.07884615384615387
0.14903846153846154,0.026153846153846156,0.0030769230769230583,0.003269230769230753,0.0028846153846153874,0.05750000000000002,-0.02153846153846154,0.10211538461538464,-0.0024999999999999935
0.2665384615384616,0.30192307692307685,0.0009615384615384496,0.001153846153846141,0.0009615384615384624,-0.16442307692307698,-0.023269230769230768,-0.06423076923076926,0.00038461538461537746
0.10442307692307692,0.13326923076923072,0.0028846153846153635,0.002115384615384609,0.0009615384615384624,0.095,0.00942307692307693,-0.05884615384615385,0.030769230769230774
0.07173076923076921,-0.016730769230769257,-0.0013461538461538559,0.0015384615384615228,0.005192307692307695,0.06000000000000002,-0.02923076923076923,0.11865384615384614,0.11019230769230776
-0.28153846153846146,-0.1726923076923077,0.004423076923076911,-0.0023076923076923183,-0.00038461538461538494,0.04903846153846155,-0.036538461538461534,-0.18884615384615383,-0.05115384615384617
-0.05826923076923077,0.08134615384615386,0.0023076923076923,0.0026923076923076796,0.0019230769230769247,0.08942307692307695,-0.022307692307692313,0.19499999999999995,0.02788461538461539
-0.3707692307692308,-0.38730769230769224,0.0007692307692307551,0.0015384615384615233,0.0019230769230769247,0.0775,0.04634615384615383,-0.052307692307692326,0.0023076923076923075
-0.06961538461538465,0.16884615384615384,0.003076923076923056,0.0011538461538461464,0.0023076923076923075,0.17653846153846153,0.06019230769230769,-0.04211538461538463,0.01961538461538463
-0.12442307692307694,-0.10557692307692308,-0.00615384615384618,-0.0028846153846153943,0.0009615384615384624,-0.16,-0.03269230769230768,-0.19538461538461538,-0.05384615384615383
0.08423076923076919,-0.3482692307692309,-0.0078846153846154,-0.0034615384615384673,0.0017307692307692323,-0.16269230769230772,-0.02846153846153846,-0.1776923076923077,-0.037500000000000006
-0.05826923076923074,-0.04980769230769233,0.0049999999999999715,-0.002884615384615384,0.0028846153846153874,0.07384615384615388,-0.034038461538461545,0.3773076923076925,0.005961538461538461
-0.06596153846153849,0.18749999999999997,0.0019230769230769078,0.0023076923076922936,0.0019230769230769206,0.17576923076923082,0.05442307692307691,-0.044807692307692326,0.006923076923076929
-0.08403846153846153,-0.27057692307692316,-0.013461538461538471,-0.0017307692307692473,0.0005769230769230775,-0.1782692307692308,-0.041538461538461524,-0.08980769230769231,-0.00115384615384615
0.06692307692307692,-0.019038461538461546,-0.7634615384615385,0.027884615384615372,-0.00038461538461538494,0.057884615384615416,-0.004807692307692313,-0.0428846153846154,-0.00211538461538461
-0.0071153846153846215,-0.2934615384615387,-0.002115384615384631,-0.0019230769230769345,0.0005769230769230774,-0.20019230769230761,-0.024230769230769236,-0.09461538461538462,-0.05692307692307689
-0.230576923076923,-0.39019230769230767,0.0007692307692307633,0.0009615384615384464,0.0036538461538461573,-0.006346153846153854,-0.02307692307692309,-0.08692307692307694,0.05173076923076924
-0.18115384615384608,-0.11519230769230772,-0.0007692307692307826,-0.004615384615384626,0.00038461538461538494,-0.23480769230769238,-0.03826923076923078,-0.10192307692307691,-0.0036538461538461603
-0.21653846153846157,-0.09019230769230771,-0.0017307692307692408,-0.0019230769230769355,0.0009615384615384583,-0.226923076923077,-0.044615384615384605,-0.10076923076923078,0.0017307692307692313
-0.15326923076923082,0.017115384615384616,0.0007692307692307549,0.002307692307692297,0.002115384615384617,0.10461538461538462,-0.04019230769230771,0.3734615384615383,0.013076923076923088
0.10153846153846151,0.0988461538461538,0.00019230769230768393,0.001346153846153828,0.0009615384615384645,0.10461538461538465,-0.0036538461538461633,-0.04942307692307693,0.06557692307692309
0.08711538461538462,0.2063461538461539,-0.00019230769230770743,0.0030769230769230583,0.0015384615384615398,0.1588461538461539,-0.025576923076923073,-0.05461538461538461,-0.05653846153846155
-0.19423076923076926,-0.11980769230769231,0.0009615384615384479,-0.007500000000000006,0.00019230769230769158,-0.2107692307692308,-0.03942307692307692,-0.10653846153846155,-0.002884615384615384
-0.23134615384615376,-0.28826923076923083,0.0019230769230769063,-0.00038461538461540175,-0.0003846153846153839,0.05211538461538461,-0.03365384615384615,-0.09346153846153846,-0.08653846153846152
-0.33788461538461545,-0.4663461538461538,-0.005576923076923092,0.0017307692307692217,0.001153846153846155,0.06250000000000003,-0.08192307692307692,0.14576923076923076,0.00057692307692309
-0.07519230769230768,-0.15250000000000002,0.0001923076923076679,-0.0011538461538461602,0.002115384615384613,0.11403846153846156,-0.029807692307692306,0.3765384615384614,0.08576923076923082
-0.07923076923076923,0.08480769230769229,-0.7501923076923078,0.021730769230769227,0.00019230769230769247,0.014999999999999998,-0.010384615384615393,0.04499999999999998,-0.006923076923076922
-0.04442307692307693,0.3932692307692308,0.003461538461538456,0.002307692307692295,0.0007692307692307678,0.07057692307692306,-0.02076923076923077,-0.06076923076923079,-0.024423076923076912
0.11403846153846153,-0.06211538461538464,0.002307692307692295,0.0015384615384615291,0.002884615384615385,0.04980769230769233,-0.028653846153846158,0.1311538461538461,0.10903846153846157
-0.2244230769230768,-0.22557692307692315,-0.005576923076923086,-0.0007692307692307921,-0.0001923076923076966,0.059423076923076926,-0.0423076923076923,-0.18788461538461534,-0.05269230769230767
-0.059807692307692305,-0.07576923076923082,0.0036538461538461442,0.003846153846153823,0.0025000000000000022,0.14250000000000002,-0.037692307692307685,0.3388461538461538,0.001923076923076929
-0.11903846153846157,-0.10596153846153844,-0.003846153846153856,-2.1217002513870178e-17,0.00038461538461538494,-0.3703846153846155,-0.025192307692307698,-0.06788461538461539,0.011923076923076925
-0.004423076923076909,-0.18692307692307691,-0.009038461538461558,-0.0001923076923077037,0.0013461538461538474,-0.30115384615384627,-0.014807692307692303,-0.14826923076923076,-0.01653846153846154
-0.2736538461538461,-0.19,-0.006730769230769239,-0.01000000000000001,0.0011538461538461548,0.04788461538461539,-0.016923076923076943,-0.1840384615384615,-0.04769230769230769
0.015769230769230765,-0.0667307692307692,-0.7151923076923078,0.03807692307692308,0.0007692307692307699,0.061346153846153856,0.01865384615384614,-0.028653846153846165,-0.004038461538461542
-0.003461538461538471,-0.14769230769230768,-0.004423076923076937,0.0003846153846153728,0.0001923076923076914,-0.431923076923077,-0.01942307692307693,-0.06346153846153849,-0.010192307692307691
-0.2834615384615385,-0.00403846153846155,-0.00923076923076924,-0.001923076923076935,0.00038461538461538494,-0.25692307692307703,-0.04192307692307694,-0.08903846153846154,0.006153846153846155
0.1671153846153846,-0.04942307692307693,0.0038461538461538325,0.003076923076923056,0.0013461538461538452,0.07000000000000002,-0.025,0.15442307692307689,-0.005384615384615387
0.04634615384615384,-0.24403846153846157,0.000192307692307677,-0.0019230769230769245,0.0013461538461538474,-0.4015384615384617,-0.027500000000000004,-0.0661538461538462,0.013269230769230766
0.165576923076923,-0.2982692307692307,-0.002692307692307704,-0.000769230769230787,0.0007692307692307699,-0.38865384615384624,-0.026346153846153846,-0.11673076923076917,-0.012884615384615387
0.027500000000000007,0.3496153846153846,0.0015384615384615163,0.0007692307692307624,0.0013461538461538441,0.05057692307692309,-0.02134615384615385,-0.06538461538461539,-0.0246153846153846
-0.13249999999999998,-0.14615384615384622,-0.005576923076923089,-0.003269230769230777,-0.0001923076923076923,-0.23365384615384618,-0.04749999999999998,-0.10576923076923074,-0.005384615384615384
-0.17807692307692308,-0.14596153846153853,-0.0011538461538461635,-0.0038461538461538537,0.00019230769230769263,-0.19788461538461538,-0.04269230769230769,-0.10615384615384611,-0.004423076923076921
-0.1555769230769231,0.4526923076923076,0.004615384615384603,0.0038461538461538347,0.0005769230769230774,0.14865384615384616,-0.023653846153846157,-0.06538461538461539,-0.04576923076923077
0.007499999999999989,-0.26384615384615384,-0.0015384615384615506,0.0005769230769230658,0.0007692307692307699,-0.3417307692307693,-0.029615384615384623,-0.03846153846153848,-0.013653846153846154
0.04788461538461535,0.03576923076923079,0.00615384615384614,0.0026923076923076796,0.0028846153846153874,0.06326923076923077,-0.012307692307692318,0.1305769230769231,0.04307692307692309
-0.10057692307692306,-0.16923076923076924,-0.002500000000000007,-0.0007692307692307899,0.0015384615384615398,-0.22307692307692314,-0.020384615384615386,-0.10865384615384613,-0.05634615384615384
-0.37634615384615383,0.05384615384615385,-0.005000000000000006,-0.00250000000000001,0.0011538461538461548,-0.2105769230769231,-0.04134615384615385,-0.09769230769230769,-0.0015384615384615302
-0.11634615384615389,-0.1651923076923077,-0.003269230769230777,-0.0036538461538461603,0.0009615384615384603,-0.24019230769230776,-0.04288461538461538,-0.10576923076923075,-0.0036538461538461516
0.29153846153846164,0.2205769230769231,-0.0009615384615384742,0.0013461538461538324,0.0034615384615384647,-0.12730769230769232,-0.02288461538461539,-0.05269230769230771,0.006923076923076925
-0.3492307692307692,0.04557692307692308,-0.004038461538461549,-0.008076923076923094,-0.0015384615384615385,0.07211538461538462,-0.07499999999999997,-0.15673076923076917,-0.20307692307692313
0.18923076923076934,-0.04461538461538461,0.00365384615384614,-0.0005769230769230924,0.0015384615384615398,0.05961538461538463,0.056923076923076917,-0.05192307692307695,0.10615384615384614
-0.16134615384615392,0.07,-0.0059615384615384764,-0.005961538461538476,0.002307692307692309,-0.33096153846153853,-0.024423076923076922,-0.14038461538461539,-0.08326923076923078
-0.1305769230769231,-0.012500000000000008,0.0026923076923076796,0.0015384615384615228,0.0009615384615384603,0.1334615384615385,-0.038076923076923085,0.35749999999999993,0.005000000000000009
-0.009999999999999992,-0.09596153846153843,-0.0005769230769230924,0.00038461538461537215,0.0017307692307692302,0.13019230769230772,-0.027884615384615383,0.3582692307692306,-0.03615384615384616
0.20173076923076927,0.013076923076923073,0.0023076923076922927,0.0030769230769230648,0.00019230769230769247,0.16615384615384615,-0.009230769230769226,-0.04596153846153847,-0.01134615384615385
0.373076923076923,-0.09288461538461537,0.00288461538461537,0.0023076923076922992,0.0021153846153846153,0.13000000000000003,-0.020769230769230766,-0.06250000000000001,-0.01423076923076924
0.35615384615384615,0.10961538461538459,0.0007692307692307593,0.002692307692307682,0.0015384615384615398,-0.07846153846153846,-0.011538461538461546,-0.05423076923076926,-0.006538461538461536
-0.3251923076923076,-0.4238461538461539,-0.002692307692307714,0.001538461538461528,0.002884615384615386,-0.046538461538461515,-0.01711538461538462,0.13153846153846152,-0.0005769230769230717
0.16115384615384615,-0.09884615384615388,0.001730769230769213,0.0007692307692307555,0.0011538461538461548,0.1278846153846154,0.014038461538461543,-0.0905769230769231,0.2026923076923077
0.0023076923076923044,-0.06423076923076922,-1.2810265668751807e-17,0.0015384615384615313,0.003653846153846153,0.08249999999999999,-0.025961538461538473,0.3434615384615383,-0.02326923076923078
-0.05961538461538462,-0.06653846153846152,0.004615384615384606,0.003269230769230754,0.0019230769230769206,0.13000000000000006,0.33096153846153836,-0.1028846153846154,0.07826923076923076
0.2621153846153846,-0.1630769230769231,0.0026923076923076883,0.0011538461538461442,0.0005769230769230774,0.1040384615384616,-0.0226923076923077,-0.07346153846153845,0.20865384615384625
0.048076923076923066,0.12461538461538459,0.002884615384615368,0.003269230769230753,0.0015384615384615398,0.055576923076923114,-0.022884615384615385,0.09403846153846153,0.012884615384615399
-0.42826923076923074,-0.38884615384615384,-0.004615384615384629,0.0019230769230769089,0.004230769230769231,0.05961538461538464,-0.048269230769230766,0.11403846153846155,0.010192307692307704
0.14500000000000007,0.035384615384615396,0.0023076923076922992,0.0026923076923076775,0.004615384615384615,0.05615384615384618,-0.020384615384615404,0.09730769230769229,-0.0030769230769230713
-0.15461538461538463,-0.11653846153846156,-0.0015384615384615489,-0.003653846153846171,0.0009615384615384624,-0.19384615384615383,-0.03576923076923077,-0.11230769230769228,-0.06269230769230769
-0.056153846153846124,0.11634615384615386,0.0019230769230769152,0.0017307692307692163,0.0026923076923076905,0.1705769230769231,0.09769230769230768,-0.057884615384615416,0.043076923076923096
-0.08769230769230771,-0.14788461538461542,0.0011538461538461537,0.0023076923076922893,0.0019230769230769227,0.15634615384615386,-0.04384615384615384,0.35211538461538444,0.08557692307692309
-0.1884615384615384,-0.09903846153846156,-0.001538461538461557,-0.0005769230769230879,0.00019230769230769277,-0.21442307692307688,-0.04461538461538462,-0.11519230769230769,-0.016346153846153847
0.34961538461538455,0.14192307692307699,-0.0005769230769230796,-0.0007692307692307763,0.0007692307692307699,-0.11403846153846159,-0.03153846153846155,-0.05153846153846155,0.026153846153846142
0.14346153846153845,0.10846153846153846,0.0023076923076922927,0.001538461538461527,0.001730769230769228,0.0628846153846154,0.02115384615384613,-0.03942307692307693,0.01788461538461539
-0.13307692307692306,0.0896153846153846,0.0036538461538461442,0.003269230769230753,0.0023076923076923096,0.16884615384615384,-0.025769230769230784,0.17653846153846148,0.034615384615384624
-0.30499999999999994,0.01923076923076923,-0.005961538461538477,-0.002307692307692323,3.336006684570783e-19,-0.2405769230769231,-0.04115384615384616,-0.10884615384615384,0.00461538461538462
-0.26288461538461544,-0.3228846153846154,0.0005769230769230634,0.0024999999999999853,0.0011538461538461485,0.08250000000000002,0.007499999999999996,-0.1590384615384615,-0.029423076923076927
-0.48423076923076913,-0.15980769230769232,-0.002692307692307714,-0.0065384615384615485,-0.0013461538461538478,0.0755769230769231,0.03249999999999998,-0.1398076923076923,0.006346153846153854
0.14442307692307685,-0.04153846153846155,0.0005769230769230615,-1.0675221390626506e-17,0.0009615384615384603,0.059038461538461554,-0.018461538461538467,-0.07903846153846153,0.25403846153846155
0.027499999999999986,-0.25269230769230766,-0.007692307692307703,-0.0028846153846153948,0.0007692307692307699,-0.4015384615384617,-0.02326923076923077,-0.052307692307692326,0.032115384615384615
-0.07442307692307693,0.01903846153846153,0.0026923076923076766,0.0032692307692307574,0.0030769230769230774,0.16519230769230772,-0.03057692307692308,0.2067307692307692,0.024999999999999998
-0.28942307692307695,-0.028846153846153848,-0.002307692307692319,-0.0005769230769230898,0.0007692307692307699,-0.24269230769230773,-0.034423076923076924,-0.08557692307692309,0.0030769230769230795
-0.09980769230769232,-0.06211538461538465,0.0030769230769230626,0.00442307692307691,0.002499999999999998,0.1455769230769231,-0.03961538461538462,0.3624999999999999,0.003461538461538467
0.025961538461538463,0.1507692307692308,0.0019230769230769097,-0.000576923076923086,0.0019230769230769247,0.15730769230769232,0.016346153846153833,-0.039038461538461564,0.00538461538461539
-0.28807692307692295,-0.289423076923077,0.0015384615384615307,0.004615384615384609,0.0015384615384615376,-0.013653846153846157,-0.06730769230769232,0.031153846153846167,-0.06038461538461538
0.0882692307692308,-0.018653846153846156,0.0036538461538461442,0.0028846153846153657,0.002692307692307695,0.0705769230769231,-0.0175,0.19134615384615383,-0.0032692307692307786
-0.3178846153846155,-0.23865384615384622,-0.0042307692307692385,-0.009230769230769247,-0.0005769230769230758,0.056153846153846186,0.01923076923076921,-0.17711538461538467,-0.00769230769230768
0.07788461538461541,-0.08634615384615386,-0.7257692307692309,0.03576923076923077,0.00038461538461538494,0.055000000000000014,-0.018269230769230767,-0.040384615384615394,0.021730769230769227
0.10057692307692309,0.045769230769230784,0.005769230769230755,0.0024999999999999875,0.0023076923076923096,0.05923076923076925,-0.013846153846153859,0.11115384615384616,0.0065384615384615295
0.029038461538461534,-0.11711538461538461,-0.0007692307692307806,-0.0025000000000000113,0.0025,0.13980769230769233,0.255,-0.0755769230769231,0.08961538461538465
-0.22076923076923072,-0.31846153846153846,-0.004038461538461552,0.001153846153846142,0.0034615384615384603,-0.02153846153846154,-0.007884615384615391,-0.03596153846153849,-0.07596153846153846
0.06865384615384613,0.19826923076923075,0.0023076923076923014,0.004038461538461514,0.000961538461538456,0.16769230769230775,-0.02923076923076923,-0.059423076923076926,-0.033269230769230766
0.01846153846153847,-0.2765384615384615,-0.0034615384615384725,-0.0028846153846153995,0.0011538461538461548,-0.3713461538461539,-0.02076923076923078,-0.02692307692307692,0.002307692307692309
-0.38096153846153846,-0.3021153846153847,0.0001923076923076792,-0.004807692307692313,0.002499999999999998,0.0911538461538462,-0.022884615384615385,-0.07403846153846151,0.01096153846153847
0.005961538461538455,-0.06461538461538464,0.004230769230769217,0.012307692307692294,0.003269230769230772,0.15519230769230774,-0.02019230769230769,0.12076923076923075,0.10307692307692305
0.061153846153846114,-0.02903846153846153,0.001346153846153841,0.0011538461538461453,0.0028846153846153765,0.07865384615384619,-0.020576923076923086,0.20173076923076916,0.022692307692307696
-0.14057692307692307,0.0321153846153846,0.0024999999999999883,0.0021153846153846045,0.0015384615384615398,0.16192307692307703,0.2613461538461538,-0.08942307692307695,0.0884615384615385
0.12307692307692301,0.19096153846153846,-0.0017307692307692408,0.0005769230769230668,0.0005769230769230774,0.1561538461538462,-0.030961538461538464,-0.061923076923076956,-0.05673076923076922
0.053653846153846135,-0.033461538461538445,0.00442307692307691,0.0024999999999999875,0.0017307692307692323,0.0901923076923077,-0.02923076923076924,0.2117307692307692,0.01846153846153846
-0.28788461538461546,-0.04057692307692307,-1.8014436096682228e-17,-0.002115384615384625,-0.0003846153846153844,-0.20461538461538462,-0.0498076923076923,-0.08749999999999998,-0.00711538461538462
-0.31749999999999995,-0.14942307692307696,-0.0061538461538461625,-0.009038461538461552,-0.0011538461538461579,0.08403846153846156,-0.08903846153846154,-0.1523076923076922,-0.03942307692307693
0.10269230769230771,-0.03384615384615387,0.0028846153846153744,0.0024999999999999745,0.0021153846153846153,0.07980769230769233,0.00865384615384615,0.1659615384615384,-0.010769230769230765
0.07884615384615384,-0.12442307692307694,-0.0005769230769230796,0.0009615384615384539,0.00480769230769231,0.021730769230769227,-0.018461538461538467,0.358076923076923,-0.0009615384615384624
-0.1128846153846154,-0.0882692307692308,0.0036538461538461434,0.010192307692307685,0.0015384615384615376,0.12653846153846154,-0.04250000000000002,0.35807692307692307,0.06365384615384617
-0.2676923076923077,-0.22365384615384623,-0.004230769230769247,-0.004423076923076924,0.0015384615384615398,0.06326923076923079,-0.007115384615384635,-0.18057692307692313,-0.05711538461538461
-0.08192307692307693,0.11173076923076922,0.002307692307692303,0.004423076923076908,0.0023076923076923053,0.1705769230769231,-0.025000000000000005,0.13326923076923075,0.0023076923076923183
-0.016923076923076933,-0.13192307692307692,-0.5696153846153846,0.025961538461538456,0.002307692307692309,0.06519230769230769,-0.005000000000000013,-0.01884615384615386,-0.031153846153846164
0.0884615384615385,-0.038269230769230785,0.0021153846153846,-0.0005769230769230881,0.004230769230769232,0.057307692307692316,-0.022692307692307696,0.11519230769230772,0.11423076923076926
0.1390384615384615,-0.0455769230769231,0.005576923076923067,0.0009615384615384496,0.0013461538461538474,0.05192307692307695,-0.01750000000000001,0.1461538461538461,0.03807692307692308
0.14249999999999996,-0.07749999999999997,0.0017307692307692174,0.0019230769230769078,0.0013461538461538474,0.11692307692307699,0.015769230769230775,-0.06423076923076926,0.18153846153846148
-0.07384615384615387,-0.07230769230769232,0.0032692307692307613,0.0036538461538461356,0.002115384615384617,0.13692307692307695,-0.03500000000000002,0.35230769230769227,0.002884615384615385
-0.042692307692307696,-0.09961538461538463,0.004230769230769224,0.0026923076923076744,0.0009615384615384634,0.13615384615384615,-0.03923076923076923,0.35499999999999987,0.0025000000000000022
0.02173076923076922,0.03057692307692308,0.0038461538461538325,0.002307692307692295,0.0019230769230769227,0.1451923076923077,-0.012307692307692315,0.13076923076923078,-0.004038461538461527
-0.11730769230769232,-0.03307692307692308,0.0038461538461538355,0.0005769230769230582,0.002115384615384617,0.12769230769230772,-0.0426923076923077,0.3799999999999999,-0.001153846153846141
-0.10942307692307697,-0.19730769230769238,0.001153846153846137,-0.0021153846153846227,0.0009615384615384624,-0.24442307692307697,-0.017692307692307698,-0.09711538461538465,-0.014038461538461534
0.039807692307692294,-0.07730769230769229,-0.0015384615384615547,0.0015384615384615228,0.0013461538461538452,0.04769230769230771,-0.0276923076923077,0.3857692307692306,-0.0496153846153846
0.23288461538461533,-0.12403846153846157,0.002499999999999989,0.0030769230769230604,0.00019230769230769036,0.1338461538461539,-0.019807692307692304,-0.09384615384615383,0.18519230769230768
0.054999999999999986,-0.0019230769230769312,0.005769230769230747,0.009807692307692304,0.001730769230769229,0.05384615384615388,-0.02923076923076924,0.14076923076923073,0.08423076923076925
-0.08307692307692308,-0.12423076923076928,0.00019230769230769036,0.011730769230769215,-0.00019230769230769247,0.14076923076923079,-0.0376923076923077,0.32769230769230756,0.08480769230769235
-0.42403846153846153,-0.41846153846153844,-0.0015384615384615467,-0.009807692307692323,0.0011538461538461555,0.0632692307692308,-0.018461538461538467,0.12403846153846153,0.0038461538461538516
-0.16980769230769235,-0.255,-0.003076923076923092,-0.010000000000000012,-0.0009615384615384633,-0.005769230769230766,-0.14711538461538462,-0.1323076923076923,0.044038461538461575
0.11,0.02096153846153847,0.0038461538461538325,0.0023076923076922927,0.0019230769230769269,0.047692307692307714,-0.017692307692307705,0.1619230769230769,-0.010961538461538464
0.05923076923076921,-0.22557692307692315,-0.0013461538461538559,-0.0003846153846153935,-0.00019230769230769247,-0.42250000000000004,-0.00807692307692309,-0.06942307692307695,-0.011730769230769227
0.11038461538461536,-0.06288461538461537,0.0017307692307692195,0.0007692307692307582,0.0015384615384615376,0.1253846153846154,0.009615384615384616,-0.09403846153846153,0.22750000000000004
0.15596153846153846,0.01461538461538463,0.0032692307692307656,0.0015384615384615291,0.0019230769230769206,0.17423076923076924,0.035192307692307676,-0.06519230769230769,-0.001538461538461544
-0.05326923076923075,-0.20115384615384613,-0.0038461538461538602,-0.0026923076923077017,0.0009615384615384624,-0.2119230769230769,-0.026923076923076935,-0.12769230769230766,-0.05346153846153846
-0.03500000000000001,-0.15615384615384617,-0.004423076923076935,-4.737129492090512e-18,0.0007692307692307697,-0.42442307692307707,-0.01442307692307693,-0.044230769230769254,-0.002115384615384616
-0.2646153846153847,-0.35673076923076924,-0.000576923076923084,0.0019230769230769056,0.0028846153846153874,-0.017115384615384612,-0.02692307692307693,-0.052499999999999984,0.03365384615384615
-0.1517307692307693,-0.14250000000000002,-0.005000000000000013,-1.5879391818556926e-17,0.0009615384615384626,-0.25384615384615394,-0.03865384615384615,-0.08249999999999999,-0.006730769230769233
-0.24250000000000005,0.15826923076923077,-0.0026923076923077048,-0.008653846153846166,0.0005769230769230776,-0.44480769230769235,-0.022115384615384613,-0.11230769230769236,-0.0057692307692307635
0.029807692307692306,-0.1071153846153846,0.004230769230769211,-0.0015384615384615463,0.005,0.012115384615384622,-0.022115384615384627,0.3407692307692306,0.058846153846153874
0.12980769230769232,0.09865384615384612,0.0007692307692307549,0.0030769230769230583,0.0011538461538461527,0.14788461538461542,-0.01557692307692308,-0.07634615384615383,0.03057692307692308
-0.032307692307692294,-0.07980769230769234,0.004423076923076908,-0.0009615384615384709,0.0023076923076923096,0.1282692307692308,-0.02307692307692308,0.33846153846153854,-0.017307692307692305
-0.051923076923076926,-0.07423076923076924,0.00326923076923076,-0.0005769230769230918,0.0023076923076923075,0.14192307692307699,0.31307692307692303,-0.09673076923076923,0.08288461538461542
-0.03750000000000001,0.016153846153846137,-0.518653846153846,0.007307692307692302,0.0005769230769230817,0.01307692307692308,-0.0075000000000000075,-0.14692307692307696,-0.006538461538461541
-0.20673076923076927,0.0032692307692307626,-0.010961538461538484,-0.005961538461538467,-0.001346153846153848,-0.01269230769230769,-0.07615384615384616,-0.15346153846153848,-0.21596153846153843
-0.06576923076923077,-0.059230769230769226,-0.002692307692307698,0.00038461538461536786,0.002115384615384617,0.13211538461538466,0.3007692307692307,-0.07365384615384617,0.0859615384615385
0.1076923076923077,-0.012499999999999983,0.002115384615384596,0.00288461538461537,0.0017307692307692302,0.12846153846153846,-0.018846153846153853,-0.10192307692307694,0.21038461538461542
-0.04692307692307693,-0.23038461538461538,-0.007307692307692321,-0.00038461538461539285,-0.0001923076923076914,-0.14442307692307693,-0.019615384615384614,-0.18076923076923074,-0.049999999999999996
-0.001346153846153858,-0.06153846153846153,0.0032692307692307613,0.0019230769230769056,0.0015384615384615376,0.14461538461538462,0.32000000000000006,-0.08173076923076926,-0.006730769230769231
0.19519230769230766,-0.2926923076923077,-0.005384615384615406,-0.002115384615384626,0.0011538461538461548,-0.3746153846153846,-0.029038461538461544,-0.15673076923076917,-0.01576923076923077
-0.24557692307692297,-0.27384615384615385,-0.0025000000000000157,-0.007692307692307706,0.0011538461538461485,0.05692307692307694,0.0069230769230769155,-0.17250000000000001,-0.04288461538461541
-0.05153846153846155,-0.10750000000000001,-0.008653846153846179,0.00019230769230768447,0.0011538461538461548,-0.43269230769230776,-0.01923076923076924,-0.0605769230769231,-0.001153846153846156
-0.013269230769230768,0.08942307692307692,-0.7517307692307694,0.006730769230769229,0.0005769230769230754,0.017884615384615388,-0.010384615384615391,-0.020000000000000018,0.0007692307692307667
-0.15846153846153843,-0.15096153846153845,-0.004230769230769235,-0.005769230769230782,0.0015384615384615367,0.06500000000000003,-0.07057692307692309,-0.13788461538461536,-0.21865384615384614
-0.03442307692307691,-0.03596153846153847,0.000192307692307669,-0.00038461538461539134,0.002115384615384613,0.07557692307692311,-0.019615384615384614,0.36250000000000004,-0.029999999999999992
-0.1332692307692308,-0.05865384615384618,0.0049999999999999906,0.0028846153846153744,0.0021153846153846153,0.12211538461538468,-0.04038461538461538,0.3498076923076922,0.0703846153846154
0.05499999999999995,0.20865384615384622,0.0003846153846153807,0.0026923076923076753,0.0011538461538461527,0.16,-0.02846153846153846,-0.056538461538461565,-0.022884615384615375
-0.023461538461538475,0.30807692307692314,0.0034615384615384517,0.0017307692307692174,0.0009615384615384624,0.14596153846153848,-0.028653846153846144,-0.06480769230769232,-0.02326923076923076
-0.2021153846153846,-0.18442307692307688,-0.0025000000000000183,-0.00980769230769231,0.0019230769230769227,-0.03942307692307692,-0.024423076923076954,-0.17211538461538464,-0.04711538461538461
-0.27384615384615385,-0.2742307692307693,-0.005192307692307705,-0.0001923076923077129,0.0021153846153846153,0.060384615384615405,0.010576923076923064,-0.17403846153846153,-0.025576923076923077
-0.22192307692307692,-0.3355769230769231,-0.007884615384615398,0.002692307692307688,0.0019230769230769247,-0.011153846153846163,-0.06826923076923076,-0.06384615384615386,0.02403846153846154
-0.2867307692307692,-0.20846153846153845,-0.008846153846153854,-0.008653846153846168,0.0017307692307692302,0.0532692307692308,-0.002500000000000013,-0.18423076923076925,-0.035576923076923075
-0.11576923076923083,0.04788461538461541,0.001923076923076912,-0.000961538461538464,0.0023076923076923053,0.14230769230769236,0.24192307692307694,-0.08788461538461541,0.08826923076923078
0.20788461538461536,-0.1071153846153846,0.0019230769230769097,-0.001538461538461544,0.0021153846153846153,0.06519230769230767,0.027884615384615404,-0.10557692307692308,0.22923076923076927
-0.025000000000000022,-0.19749999999999998,-0.006923076923076938,-0.010384615384615398,0.00019230769230769068,-0.030384615384615368,-0.021923076923076927,-0.13884615384615384,-0.2492307692307692
-0.1075,-0.058653846153846126,0.0038461538461538325,-0.0005769230769230935,0.0025000000000000022,0.14615384615384625,-0.03576923076923077,0.3709615384615383,-0.0009615384615384539
0.15980769230769235,0.011538461538461523,0.0021153846153846045,0.0023076923076923014,0.002115384615384613,0.05846153846153848,-0.02230769230769231,0.09999999999999999,0.005961538461538458
-0.06826923076923078,-0.0275,0.003653846153846153,-0.0017307692307692451,0.0019230769230769184,0.13788461538461538,0.2726923076923077,-0.08942307692307695,0.09076923076923081
0.008846153846153832,0.06769230769230766,0.0011538461538461431,0.0007692307692307565,0.002115384615384612,0.16673076923076927,0.05307692307692307,-0.08692307692307694,0.10653846153846153
0.25423076923076926,-0.15134615384615385,0.0017307692307692152,0.0030769230769230583,0.0005769230769230754,0.09788461538461542,0.029038461538461544,-0.08711538461538462,0.17192307692307696
-0.06173076923076922,0.04480769230769231,0.003269230769230753,0.001923076923076912,0.002307692307692303,0.15942307692307695,-0.024038461538461547,0.16807692307692307,0.025961538461538456
-0.2530769230769231,-0.17980769230769228,-0.008076923076923094,-0.008269230769230777,0.0007692307692307701,0.04615384615384614,-0.049807692307692296,-0.17115384615384616,-0.056730769230769244
-0.4817307692307692,-0.17942307692307696,-0.0015384615384615474,-0.007884615384615403,-0.0009615384615384646,0.07673076923076926,0.05769230769230771,-0.16038461538461535,0.017500000000000012
